
 /----------------------------------------------------------------------------\
 |  yosys -- Yosys Open SYnthesis Suite                                       |
 |  Copyright (C) 2012 - 2026  Claire Xenia Wolf <claire@yosyshq.com>         |
 |  Distributed under an ISC-like license, type "license" to see terms        |
 \----------------------------------------------------------------------------/
 Yosys 0.68+post (git sha1 c12172fbae8af5e20f6fb52e3d4e92d56ed587b6, Release, AppleClang clang++ 21.0.0.21000101)

-- Executing script file `synth_generic.ys' --

1. Executing Verilog-2005 frontend: ../flattened_rtl/noc_pkg.sv
Parsing SystemVerilog input from `../flattened_rtl/noc_pkg.sv' to AST representation.
Successfully finished Verilog frontend.

2. Executing Verilog-2005 frontend: ../flattened_rtl/fifo_buffer.sv
Parsing SystemVerilog input from `../flattened_rtl/fifo_buffer.sv' to AST representation.
Generating RTLIL representation for module `\fifo_buffer'.
Warning: Replacing memory \fifo_memory with list of registers. See ../flattened_rtl/fifo_buffer.sv:46
Successfully finished Verilog frontend.

3. Executing Verilog-2005 frontend: ../flattened_rtl/xy_routing.sv
Parsing SystemVerilog input from `../flattened_rtl/xy_routing.sv' to AST representation.
Generating RTLIL representation for module `\xy_routing'.
Successfully finished Verilog frontend.

4. Executing Verilog-2005 frontend: ../flattened_rtl/round_robin_arbitration.sv
Parsing SystemVerilog input from `../flattened_rtl/round_robin_arbitration.sv' to AST representation.
Generating RTLIL representation for module `\round_robin'.
Successfully finished Verilog frontend.

5. Executing Verilog-2005 frontend: ../flattened_rtl/switch_allocator.sv
Parsing SystemVerilog input from `../flattened_rtl/switch_allocator.sv' to AST representation.
Generating RTLIL representation for module `\switch_allocator'.
Successfully finished Verilog frontend.

6. Executing Verilog-2005 frontend: ../flattened_rtl/crossbar_5x5_switch.sv
Parsing SystemVerilog input from `../flattened_rtl/crossbar_5x5_switch.sv' to AST representation.
Generating RTLIL representation for module `\crossbar_5x5'.
Successfully finished Verilog frontend.

7. Executing Verilog-2005 frontend: ../flattened_rtl/noc_router.sv
Parsing SystemVerilog input from `../flattened_rtl/noc_router.sv' to AST representation.
Generating RTLIL representation for module `\noc_router'.
Successfully finished Verilog frontend.

8. Executing Verilog-2005 frontend: ../flattened_rtl/noc_mesh.sv
Parsing SystemVerilog input from `../flattened_rtl/noc_mesh.sv' to AST representation.
Generating RTLIL representation for module `\noc_mesh'.
Successfully finished Verilog frontend.

9. Executing HIERARCHY pass (managing design hierarchy).

9.1. Analyzing design hierarchy..
Top module:  \noc_mesh
Used module:     \noc_router
Used module:         \crossbar_5x5
Used module:         \switch_allocator
Used module:             \round_robin
Used module:         \xy_routing
Used module:         \fifo_buffer
Parameter \ROUTER_X = 2'11
Parameter \ROUTER_Y = 2'11

9.2. Executing AST frontend in derive mode using pre-parsed AST for module `\noc_router'.
Parameter \ROUTER_X = 2'11
Parameter \ROUTER_Y = 2'11
Generating RTLIL representation for module `$paramod\noc_router\ROUTER_X=s2'11\ROUTER_Y=s2'11'.
Parameter \ROUTER_X = 2'11
Parameter \ROUTER_Y = 2'10

9.3. Executing AST frontend in derive mode using pre-parsed AST for module `\noc_router'.
Parameter \ROUTER_X = 2'11
Parameter \ROUTER_Y = 2'10
Generating RTLIL representation for module `$paramod\noc_router\ROUTER_X=s2'11\ROUTER_Y=s2'10'.
Parameter \ROUTER_X = 2'11
Parameter \ROUTER_Y = 2'01

9.4. Executing AST frontend in derive mode using pre-parsed AST for module `\noc_router'.
Parameter \ROUTER_X = 2'11
Parameter \ROUTER_Y = 2'01
Generating RTLIL representation for module `$paramod\noc_router\ROUTER_X=s2'11\ROUTER_Y=s2'01'.
Parameter \ROUTER_X = 2'11
Parameter \ROUTER_Y = 2'00

9.5. Executing AST frontend in derive mode using pre-parsed AST for module `\noc_router'.
Parameter \ROUTER_X = 2'11
Parameter \ROUTER_Y = 2'00
Generating RTLIL representation for module `$paramod\noc_router\ROUTER_X=s2'11\ROUTER_Y=s2'00'.
Parameter \ROUTER_X = 2'10
Parameter \ROUTER_Y = 2'11

9.6. Executing AST frontend in derive mode using pre-parsed AST for module `\noc_router'.
Parameter \ROUTER_X = 2'10
Parameter \ROUTER_Y = 2'11
Generating RTLIL representation for module `$paramod\noc_router\ROUTER_X=s2'10\ROUTER_Y=s2'11'.
Parameter \ROUTER_X = 2'10
Parameter \ROUTER_Y = 2'10

9.7. Executing AST frontend in derive mode using pre-parsed AST for module `\noc_router'.
Parameter \ROUTER_X = 2'10
Parameter \ROUTER_Y = 2'10
Generating RTLIL representation for module `$paramod\noc_router\ROUTER_X=s2'10\ROUTER_Y=s2'10'.
Parameter \ROUTER_X = 2'10
Parameter \ROUTER_Y = 2'01

9.8. Executing AST frontend in derive mode using pre-parsed AST for module `\noc_router'.
Parameter \ROUTER_X = 2'10
Parameter \ROUTER_Y = 2'01
Generating RTLIL representation for module `$paramod\noc_router\ROUTER_X=s2'10\ROUTER_Y=s2'01'.
Parameter \ROUTER_X = 2'10
Parameter \ROUTER_Y = 2'00

9.9. Executing AST frontend in derive mode using pre-parsed AST for module `\noc_router'.
Parameter \ROUTER_X = 2'10
Parameter \ROUTER_Y = 2'00
Generating RTLIL representation for module `$paramod\noc_router\ROUTER_X=s2'10\ROUTER_Y=s2'00'.
Parameter \ROUTER_X = 2'01
Parameter \ROUTER_Y = 2'11

9.10. Executing AST frontend in derive mode using pre-parsed AST for module `\noc_router'.
Parameter \ROUTER_X = 2'01
Parameter \ROUTER_Y = 2'11
Generating RTLIL representation for module `$paramod\noc_router\ROUTER_X=s2'01\ROUTER_Y=s2'11'.
Parameter \ROUTER_X = 2'01
Parameter \ROUTER_Y = 2'10

9.11. Executing AST frontend in derive mode using pre-parsed AST for module `\noc_router'.
Parameter \ROUTER_X = 2'01
Parameter \ROUTER_Y = 2'10
Generating RTLIL representation for module `$paramod\noc_router\ROUTER_X=s2'01\ROUTER_Y=s2'10'.
Parameter \ROUTER_X = 2'01
Parameter \ROUTER_Y = 2'01

9.12. Executing AST frontend in derive mode using pre-parsed AST for module `\noc_router'.
Parameter \ROUTER_X = 2'01
Parameter \ROUTER_Y = 2'01
Generating RTLIL representation for module `$paramod\noc_router\ROUTER_X=s2'01\ROUTER_Y=s2'01'.
Parameter \ROUTER_X = 2'01
Parameter \ROUTER_Y = 2'00

9.13. Executing AST frontend in derive mode using pre-parsed AST for module `\noc_router'.
Parameter \ROUTER_X = 2'01
Parameter \ROUTER_Y = 2'00
Generating RTLIL representation for module `$paramod\noc_router\ROUTER_X=s2'01\ROUTER_Y=s2'00'.
Parameter \ROUTER_X = 2'00
Parameter \ROUTER_Y = 2'11

9.14. Executing AST frontend in derive mode using pre-parsed AST for module `\noc_router'.
Parameter \ROUTER_X = 2'00
Parameter \ROUTER_Y = 2'11
Generating RTLIL representation for module `$paramod\noc_router\ROUTER_X=s2'00\ROUTER_Y=s2'11'.
Parameter \ROUTER_X = 2'00
Parameter \ROUTER_Y = 2'10

9.15. Executing AST frontend in derive mode using pre-parsed AST for module `\noc_router'.
Parameter \ROUTER_X = 2'00
Parameter \ROUTER_Y = 2'10
Generating RTLIL representation for module `$paramod\noc_router\ROUTER_X=s2'00\ROUTER_Y=s2'10'.
Parameter \ROUTER_X = 2'00
Parameter \ROUTER_Y = 2'01

9.16. Executing AST frontend in derive mode using pre-parsed AST for module `\noc_router'.
Parameter \ROUTER_X = 2'00
Parameter \ROUTER_Y = 2'01
Generating RTLIL representation for module `$paramod\noc_router\ROUTER_X=s2'00\ROUTER_Y=s2'01'.
Parameter \ROUTER_X = 2'00
Parameter \ROUTER_Y = 2'00

9.17. Executing AST frontend in derive mode using pre-parsed AST for module `\noc_router'.
Parameter \ROUTER_X = 2'00
Parameter \ROUTER_Y = 2'00
Generating RTLIL representation for module `$paramod\noc_router\ROUTER_X=s2'00\ROUTER_Y=s2'00'.

9.18. Analyzing design hierarchy..
Top module:  \noc_mesh
Used module:     $paramod\noc_router\ROUTER_X=s2'11\ROUTER_Y=s2'11
Used module:         \crossbar_5x5
Used module:         \switch_allocator
Used module:             \round_robin
Used module:         \xy_routing
Used module:         \fifo_buffer
Used module:     $paramod\noc_router\ROUTER_X=s2'11\ROUTER_Y=s2'10
Used module:     $paramod\noc_router\ROUTER_X=s2'11\ROUTER_Y=s2'01
Used module:     $paramod\noc_router\ROUTER_X=s2'11\ROUTER_Y=s2'00
Used module:     $paramod\noc_router\ROUTER_X=s2'10\ROUTER_Y=s2'11
Used module:     $paramod\noc_router\ROUTER_X=s2'10\ROUTER_Y=s2'10
Used module:     $paramod\noc_router\ROUTER_X=s2'10\ROUTER_Y=s2'01
Used module:     $paramod\noc_router\ROUTER_X=s2'10\ROUTER_Y=s2'00
Used module:     $paramod\noc_router\ROUTER_X=s2'01\ROUTER_Y=s2'11
Used module:     $paramod\noc_router\ROUTER_X=s2'01\ROUTER_Y=s2'10
Used module:     $paramod\noc_router\ROUTER_X=s2'01\ROUTER_Y=s2'01
Used module:     $paramod\noc_router\ROUTER_X=s2'01\ROUTER_Y=s2'00
Used module:     $paramod\noc_router\ROUTER_X=s2'00\ROUTER_Y=s2'11
Used module:     $paramod\noc_router\ROUTER_X=s2'00\ROUTER_Y=s2'10
Used module:     $paramod\noc_router\ROUTER_X=s2'00\ROUTER_Y=s2'01
Used module:     $paramod\noc_router\ROUTER_X=s2'00\ROUTER_Y=s2'00

9.19. Analyzing design hierarchy..
Top module:  \noc_mesh
Used module:     $paramod\noc_router\ROUTER_X=s2'11\ROUTER_Y=s2'11
Used module:         \crossbar_5x5
Used module:         \switch_allocator
Used module:             \round_robin
Used module:         \xy_routing
Used module:         \fifo_buffer
Used module:     $paramod\noc_router\ROUTER_X=s2'11\ROUTER_Y=s2'10
Used module:     $paramod\noc_router\ROUTER_X=s2'11\ROUTER_Y=s2'01
Used module:     $paramod\noc_router\ROUTER_X=s2'11\ROUTER_Y=s2'00
Used module:     $paramod\noc_router\ROUTER_X=s2'10\ROUTER_Y=s2'11
Used module:     $paramod\noc_router\ROUTER_X=s2'10\ROUTER_Y=s2'10
Used module:     $paramod\noc_router\ROUTER_X=s2'10\ROUTER_Y=s2'01
Used module:     $paramod\noc_router\ROUTER_X=s2'10\ROUTER_Y=s2'00
Used module:     $paramod\noc_router\ROUTER_X=s2'01\ROUTER_Y=s2'11
Used module:     $paramod\noc_router\ROUTER_X=s2'01\ROUTER_Y=s2'10
Used module:     $paramod\noc_router\ROUTER_X=s2'01\ROUTER_Y=s2'01
Used module:     $paramod\noc_router\ROUTER_X=s2'01\ROUTER_Y=s2'00
Used module:     $paramod\noc_router\ROUTER_X=s2'00\ROUTER_Y=s2'11
Used module:     $paramod\noc_router\ROUTER_X=s2'00\ROUTER_Y=s2'10
Used module:     $paramod\noc_router\ROUTER_X=s2'00\ROUTER_Y=s2'01
Used module:     $paramod\noc_router\ROUTER_X=s2'00\ROUTER_Y=s2'00
Removing unused module `\noc_router'.
Removed 1 unused modules.

10. Executing SYNTH pass.

10.1. Executing HIERARCHY pass (managing design hierarchy).

10.1.1. Analyzing design hierarchy..
Top module:  \noc_mesh
Used module:     $paramod\noc_router\ROUTER_X=s2'11\ROUTER_Y=s2'11
Used module:         \crossbar_5x5
Used module:         \switch_allocator
Used module:             \round_robin
Used module:         \xy_routing
Used module:         \fifo_buffer
Used module:     $paramod\noc_router\ROUTER_X=s2'11\ROUTER_Y=s2'10
Used module:     $paramod\noc_router\ROUTER_X=s2'11\ROUTER_Y=s2'01
Used module:     $paramod\noc_router\ROUTER_X=s2'11\ROUTER_Y=s2'00
Used module:     $paramod\noc_router\ROUTER_X=s2'10\ROUTER_Y=s2'11
Used module:     $paramod\noc_router\ROUTER_X=s2'10\ROUTER_Y=s2'10
Used module:     $paramod\noc_router\ROUTER_X=s2'10\ROUTER_Y=s2'01
Used module:     $paramod\noc_router\ROUTER_X=s2'10\ROUTER_Y=s2'00
Used module:     $paramod\noc_router\ROUTER_X=s2'01\ROUTER_Y=s2'11
Used module:     $paramod\noc_router\ROUTER_X=s2'01\ROUTER_Y=s2'10
Used module:     $paramod\noc_router\ROUTER_X=s2'01\ROUTER_Y=s2'01
Used module:     $paramod\noc_router\ROUTER_X=s2'01\ROUTER_Y=s2'00
Used module:     $paramod\noc_router\ROUTER_X=s2'00\ROUTER_Y=s2'11
Used module:     $paramod\noc_router\ROUTER_X=s2'00\ROUTER_Y=s2'10
Used module:     $paramod\noc_router\ROUTER_X=s2'00\ROUTER_Y=s2'01
Used module:     $paramod\noc_router\ROUTER_X=s2'00\ROUTER_Y=s2'00

10.1.2. Analyzing design hierarchy..
Top module:  \noc_mesh
Used module:     $paramod\noc_router\ROUTER_X=s2'11\ROUTER_Y=s2'11
Used module:         \crossbar_5x5
Used module:         \switch_allocator
Used module:             \round_robin
Used module:         \xy_routing
Used module:         \fifo_buffer
Used module:     $paramod\noc_router\ROUTER_X=s2'11\ROUTER_Y=s2'10
Used module:     $paramod\noc_router\ROUTER_X=s2'11\ROUTER_Y=s2'01
Used module:     $paramod\noc_router\ROUTER_X=s2'11\ROUTER_Y=s2'00
Used module:     $paramod\noc_router\ROUTER_X=s2'10\ROUTER_Y=s2'11
Used module:     $paramod\noc_router\ROUTER_X=s2'10\ROUTER_Y=s2'10
Used module:     $paramod\noc_router\ROUTER_X=s2'10\ROUTER_Y=s2'01
Used module:     $paramod\noc_router\ROUTER_X=s2'10\ROUTER_Y=s2'00
Used module:     $paramod\noc_router\ROUTER_X=s2'01\ROUTER_Y=s2'11
Used module:     $paramod\noc_router\ROUTER_X=s2'01\ROUTER_Y=s2'10
Used module:     $paramod\noc_router\ROUTER_X=s2'01\ROUTER_Y=s2'01
Used module:     $paramod\noc_router\ROUTER_X=s2'01\ROUTER_Y=s2'00
Used module:     $paramod\noc_router\ROUTER_X=s2'00\ROUTER_Y=s2'11
Used module:     $paramod\noc_router\ROUTER_X=s2'00\ROUTER_Y=s2'10
Used module:     $paramod\noc_router\ROUTER_X=s2'00\ROUTER_Y=s2'01
Used module:     $paramod\noc_router\ROUTER_X=s2'00\ROUTER_Y=s2'00
Removed 0 unused modules.

10.2. Executing PROC pass (convert processes to netlists).

10.2.1. Executing PROC_CLEAN pass (remove empty switches from decision trees).
Found and cleaned up 5 empty switches in `\round_robin.$proc$../flattened_rtl/round_robin_arbitration.sv:63$125'.
Cleaned up 5 empty switches.

10.2.2. Executing PROC_RMDEAD pass (remove dead branches from decision trees).
Marked 5 switch rules as full_case in process $proc$../flattened_rtl/noc_router.sv:85$1894 in module $paramod\noc_router\ROUTER_X=s2'00\ROUTER_Y=s2'01.
Marked 5 switch rules as full_case in process $proc$../flattened_rtl/noc_router.sv:72$1832 in module $paramod\noc_router\ROUTER_X=s2'00\ROUTER_Y=s2'01.
Marked 5 switch rules as full_case in process $proc$../flattened_rtl/noc_router.sv:85$1782 in module $paramod\noc_router\ROUTER_X=s2'00\ROUTER_Y=s2'10.
Marked 5 switch rules as full_case in process $proc$../flattened_rtl/noc_router.sv:72$1720 in module $paramod\noc_router\ROUTER_X=s2'00\ROUTER_Y=s2'10.
Marked 5 switch rules as full_case in process $proc$../flattened_rtl/noc_router.sv:85$1670 in module $paramod\noc_router\ROUTER_X=s2'00\ROUTER_Y=s2'11.
Marked 5 switch rules as full_case in process $proc$../flattened_rtl/noc_router.sv:72$1608 in module $paramod\noc_router\ROUTER_X=s2'00\ROUTER_Y=s2'11.
Marked 5 switch rules as full_case in process $proc$../flattened_rtl/noc_router.sv:85$1558 in module $paramod\noc_router\ROUTER_X=s2'01\ROUTER_Y=s2'00.
Marked 5 switch rules as full_case in process $proc$../flattened_rtl/noc_router.sv:72$1496 in module $paramod\noc_router\ROUTER_X=s2'01\ROUTER_Y=s2'00.
Marked 5 switch rules as full_case in process $proc$../flattened_rtl/noc_router.sv:85$1446 in module $paramod\noc_router\ROUTER_X=s2'01\ROUTER_Y=s2'01.
Marked 5 switch rules as full_case in process $proc$../flattened_rtl/noc_router.sv:72$1384 in module $paramod\noc_router\ROUTER_X=s2'01\ROUTER_Y=s2'01.
Marked 5 switch rules as full_case in process $proc$../flattened_rtl/noc_router.sv:85$1334 in module $paramod\noc_router\ROUTER_X=s2'01\ROUTER_Y=s2'10.
Marked 5 switch rules as full_case in process $proc$../flattened_rtl/noc_router.sv:72$1272 in module $paramod\noc_router\ROUTER_X=s2'01\ROUTER_Y=s2'10.
Marked 5 switch rules as full_case in process $proc$../flattened_rtl/noc_router.sv:85$1222 in module $paramod\noc_router\ROUTER_X=s2'01\ROUTER_Y=s2'11.
Marked 5 switch rules as full_case in process $proc$../flattened_rtl/noc_router.sv:72$1160 in module $paramod\noc_router\ROUTER_X=s2'01\ROUTER_Y=s2'11.
Marked 5 switch rules as full_case in process $proc$../flattened_rtl/noc_router.sv:85$1110 in module $paramod\noc_router\ROUTER_X=s2'10\ROUTER_Y=s2'00.
Marked 5 switch rules as full_case in process $proc$../flattened_rtl/noc_router.sv:72$1048 in module $paramod\noc_router\ROUTER_X=s2'10\ROUTER_Y=s2'00.
Marked 5 switch rules as full_case in process $proc$../flattened_rtl/noc_router.sv:85$998 in module $paramod\noc_router\ROUTER_X=s2'10\ROUTER_Y=s2'01.
Marked 5 switch rules as full_case in process $proc$../flattened_rtl/noc_router.sv:72$936 in module $paramod\noc_router\ROUTER_X=s2'10\ROUTER_Y=s2'01.
Marked 5 switch rules as full_case in process $proc$../flattened_rtl/noc_router.sv:85$886 in module $paramod\noc_router\ROUTER_X=s2'10\ROUTER_Y=s2'10.
Marked 5 switch rules as full_case in process $proc$../flattened_rtl/noc_router.sv:72$824 in module $paramod\noc_router\ROUTER_X=s2'10\ROUTER_Y=s2'10.
Marked 5 switch rules as full_case in process $proc$../flattened_rtl/noc_router.sv:85$774 in module $paramod\noc_router\ROUTER_X=s2'10\ROUTER_Y=s2'11.
Marked 5 switch rules as full_case in process $proc$../flattened_rtl/noc_router.sv:72$712 in module $paramod\noc_router\ROUTER_X=s2'10\ROUTER_Y=s2'11.
Marked 5 switch rules as full_case in process $proc$../flattened_rtl/noc_router.sv:85$662 in module $paramod\noc_router\ROUTER_X=s2'11\ROUTER_Y=s2'00.
Marked 5 switch rules as full_case in process $proc$../flattened_rtl/noc_router.sv:72$600 in module $paramod\noc_router\ROUTER_X=s2'11\ROUTER_Y=s2'00.
Marked 5 switch rules as full_case in process $proc$../flattened_rtl/noc_router.sv:85$550 in module $paramod\noc_router\ROUTER_X=s2'11\ROUTER_Y=s2'01.
Marked 5 switch rules as full_case in process $proc$../flattened_rtl/noc_router.sv:72$488 in module $paramod\noc_router\ROUTER_X=s2'11\ROUTER_Y=s2'01.
Marked 5 switch rules as full_case in process $proc$../flattened_rtl/noc_router.sv:85$438 in module $paramod\noc_router\ROUTER_X=s2'11\ROUTER_Y=s2'10.
Marked 5 switch rules as full_case in process $proc$../flattened_rtl/noc_router.sv:72$376 in module $paramod\noc_router\ROUTER_X=s2'11\ROUTER_Y=s2'10.
Marked 5 switch rules as full_case in process $proc$../flattened_rtl/noc_router.sv:85$326 in module $paramod\noc_router\ROUTER_X=s2'11\ROUTER_Y=s2'11.
Marked 5 switch rules as full_case in process $proc$../flattened_rtl/noc_router.sv:72$264 in module $paramod\noc_router\ROUTER_X=s2'11\ROUTER_Y=s2'11.
Marked 5 switch rules as full_case in process $proc$../flattened_rtl/noc_router.sv:85$2006 in module $paramod\noc_router\ROUTER_X=s2'00\ROUTER_Y=s2'00.
Marked 5 switch rules as full_case in process $proc$../flattened_rtl/noc_router.sv:72$1944 in module $paramod\noc_router\ROUTER_X=s2'00\ROUTER_Y=s2'00.
Marked 25 switch rules as full_case in process $proc$../flattened_rtl/crossbar_5x5_switch.sv:43$135 in module crossbar_5x5.
Marked 3 switch rules as full_case in process $proc$../flattened_rtl/round_robin_arbitration.sv:63$125 in module round_robin.
Marked 11 switch rules as full_case in process $proc$../flattened_rtl/round_robin_arbitration.sv:42$42 in module round_robin.
Marked 4 switch rules as full_case in process $proc$../flattened_rtl/xy_routing.sv:21$28 in module xy_routing.
Removed 1 dead cases from process $proc$../flattened_rtl/fifo_buffer.sv:35$25 in module fifo_buffer.
Marked 1 switch rules as full_case in process $proc$../flattened_rtl/fifo_buffer.sv:35$25 in module fifo_buffer.
Marked 4 switch rules as full_case in process $proc$../flattened_rtl/fifo_buffer.sv:37$5 in module fifo_buffer.
Removed a total of 1 dead cases.

10.2.3. Executing PROC_PRUNE pass (remove redundant assignments in processes).
Removed 3 redundant assignments.
Promoted 324 assignments to connections.

10.2.4. Executing PROC_INIT pass (extract init attributes).

10.2.5. Executing PROC_ARST pass (detect async resets in processes).
Found async reset \rst_n in `\round_robin.$proc$../flattened_rtl/round_robin_arbitration.sv:63$125'.
Found async reset \rst_n in `\fifo_buffer.$proc$../flattened_rtl/fifo_buffer.sv:37$5'.

10.2.6. Executing PROC_ROM pass (convert switches to ROMs).
Converted 0 switches.
<suppressed ~212 debug messages>

10.2.7. Executing PROC_MUX pass (convert decision trees to multiplexers).
Creating decoders for process `$paramod\noc_router\ROUTER_X=s2'00\ROUTER_Y=s2'01.$proc$../flattened_rtl/noc_router.sv:103$1926'.
Creating decoders for process `$paramod\noc_router\ROUTER_X=s2'00\ROUTER_Y=s2'01.$proc$../flattened_rtl/noc_router.sv:85$1894'.
     1/5: $5\fifo_read_request[4:4]
     2/5: $4\fifo_read_request[3:3]
     3/5: $3\fifo_read_request[2:2]
     4/5: $2\fifo_read_request[1:1]
     5/5: $1\fifo_read_request[0:0]
Creating decoders for process `$paramod\noc_router\ROUTER_X=s2'00\ROUTER_Y=s2'01.$proc$../flattened_rtl/noc_router.sv:72$1832'.
     1/10: $5\allocator_requests[24:0]
     2/10: $1$bitselwrite$pos$../flattened_rtl/noc_router.sv:77$1826[31:0]$1884
     3/10: $4\allocator_requests[24:0]
     4/10: $1$bitselwrite$pos$../flattened_rtl/noc_router.sv:77$1825[31:0]$1873
     5/10: $3\allocator_requests[24:0]
     6/10: $1$bitselwrite$pos$../flattened_rtl/noc_router.sv:77$1824[31:0]$1862
     7/10: $2\allocator_requests[24:0]
     8/10: $1$bitselwrite$pos$../flattened_rtl/noc_router.sv:77$1823[31:0]$1851
     9/10: $1\allocator_requests[24:0]
    10/10: $1$bitselwrite$pos$../flattened_rtl/noc_router.sv:77$1822[31:0]$1840
Creating decoders for process `$paramod\noc_router\ROUTER_X=s2'00\ROUTER_Y=s2'10.$proc$../flattened_rtl/noc_router.sv:103$1814'.
Creating decoders for process `$paramod\noc_router\ROUTER_X=s2'00\ROUTER_Y=s2'10.$proc$../flattened_rtl/noc_router.sv:85$1782'.
     1/5: $5\fifo_read_request[4:4]
     2/5: $4\fifo_read_request[3:3]
     3/5: $3\fifo_read_request[2:2]
     4/5: $2\fifo_read_request[1:1]
     5/5: $1\fifo_read_request[0:0]
Creating decoders for process `$paramod\noc_router\ROUTER_X=s2'00\ROUTER_Y=s2'10.$proc$../flattened_rtl/noc_router.sv:72$1720'.
     1/10: $5\allocator_requests[24:0]
     2/10: $1$bitselwrite$pos$../flattened_rtl/noc_router.sv:77$1714[31:0]$1772
     3/10: $4\allocator_requests[24:0]
     4/10: $1$bitselwrite$pos$../flattened_rtl/noc_router.sv:77$1713[31:0]$1761
     5/10: $3\allocator_requests[24:0]
     6/10: $1$bitselwrite$pos$../flattened_rtl/noc_router.sv:77$1712[31:0]$1750
     7/10: $2\allocator_requests[24:0]
     8/10: $1$bitselwrite$pos$../flattened_rtl/noc_router.sv:77$1711[31:0]$1739
     9/10: $1\allocator_requests[24:0]
    10/10: $1$bitselwrite$pos$../flattened_rtl/noc_router.sv:77$1710[31:0]$1728
Creating decoders for process `$paramod\noc_router\ROUTER_X=s2'00\ROUTER_Y=s2'11.$proc$../flattened_rtl/noc_router.sv:103$1702'.
Creating decoders for process `$paramod\noc_router\ROUTER_X=s2'00\ROUTER_Y=s2'11.$proc$../flattened_rtl/noc_router.sv:85$1670'.
     1/5: $5\fifo_read_request[4:4]
     2/5: $4\fifo_read_request[3:3]
     3/5: $3\fifo_read_request[2:2]
     4/5: $2\fifo_read_request[1:1]
     5/5: $1\fifo_read_request[0:0]
Creating decoders for process `$paramod\noc_router\ROUTER_X=s2'00\ROUTER_Y=s2'11.$proc$../flattened_rtl/noc_router.sv:72$1608'.
     1/10: $5\allocator_requests[24:0]
     2/10: $1$bitselwrite$pos$../flattened_rtl/noc_router.sv:77$1602[31:0]$1660
     3/10: $4\allocator_requests[24:0]
     4/10: $1$bitselwrite$pos$../flattened_rtl/noc_router.sv:77$1601[31:0]$1649
     5/10: $3\allocator_requests[24:0]
     6/10: $1$bitselwrite$pos$../flattened_rtl/noc_router.sv:77$1600[31:0]$1638
     7/10: $2\allocator_requests[24:0]
     8/10: $1$bitselwrite$pos$../flattened_rtl/noc_router.sv:77$1599[31:0]$1627
     9/10: $1\allocator_requests[24:0]
    10/10: $1$bitselwrite$pos$../flattened_rtl/noc_router.sv:77$1598[31:0]$1616
Creating decoders for process `$paramod\noc_router\ROUTER_X=s2'01\ROUTER_Y=s2'00.$proc$../flattened_rtl/noc_router.sv:103$1590'.
Creating decoders for process `$paramod\noc_router\ROUTER_X=s2'01\ROUTER_Y=s2'00.$proc$../flattened_rtl/noc_router.sv:85$1558'.
     1/5: $5\fifo_read_request[4:4]
     2/5: $4\fifo_read_request[3:3]
     3/5: $3\fifo_read_request[2:2]
     4/5: $2\fifo_read_request[1:1]
     5/5: $1\fifo_read_request[0:0]
Creating decoders for process `$paramod\noc_router\ROUTER_X=s2'01\ROUTER_Y=s2'00.$proc$../flattened_rtl/noc_router.sv:72$1496'.
     1/10: $5\allocator_requests[24:0]
     2/10: $1$bitselwrite$pos$../flattened_rtl/noc_router.sv:77$1490[31:0]$1548
     3/10: $4\allocator_requests[24:0]
     4/10: $1$bitselwrite$pos$../flattened_rtl/noc_router.sv:77$1489[31:0]$1537
     5/10: $3\allocator_requests[24:0]
     6/10: $1$bitselwrite$pos$../flattened_rtl/noc_router.sv:77$1488[31:0]$1526
     7/10: $2\allocator_requests[24:0]
     8/10: $1$bitselwrite$pos$../flattened_rtl/noc_router.sv:77$1487[31:0]$1515
     9/10: $1\allocator_requests[24:0]
    10/10: $1$bitselwrite$pos$../flattened_rtl/noc_router.sv:77$1486[31:0]$1504
Creating decoders for process `$paramod\noc_router\ROUTER_X=s2'01\ROUTER_Y=s2'01.$proc$../flattened_rtl/noc_router.sv:103$1478'.
Creating decoders for process `$paramod\noc_router\ROUTER_X=s2'01\ROUTER_Y=s2'01.$proc$../flattened_rtl/noc_router.sv:85$1446'.
     1/5: $5\fifo_read_request[4:4]
     2/5: $4\fifo_read_request[3:3]
     3/5: $3\fifo_read_request[2:2]
     4/5: $2\fifo_read_request[1:1]
     5/5: $1\fifo_read_request[0:0]
Creating decoders for process `$paramod\noc_router\ROUTER_X=s2'01\ROUTER_Y=s2'01.$proc$../flattened_rtl/noc_router.sv:72$1384'.
     1/10: $5\allocator_requests[24:0]
     2/10: $1$bitselwrite$pos$../flattened_rtl/noc_router.sv:77$1378[31:0]$1436
     3/10: $4\allocator_requests[24:0]
     4/10: $1$bitselwrite$pos$../flattened_rtl/noc_router.sv:77$1377[31:0]$1425
     5/10: $3\allocator_requests[24:0]
     6/10: $1$bitselwrite$pos$../flattened_rtl/noc_router.sv:77$1376[31:0]$1414
     7/10: $2\allocator_requests[24:0]
     8/10: $1$bitselwrite$pos$../flattened_rtl/noc_router.sv:77$1375[31:0]$1403
     9/10: $1\allocator_requests[24:0]
    10/10: $1$bitselwrite$pos$../flattened_rtl/noc_router.sv:77$1374[31:0]$1392
Creating decoders for process `$paramod\noc_router\ROUTER_X=s2'01\ROUTER_Y=s2'10.$proc$../flattened_rtl/noc_router.sv:103$1366'.
Creating decoders for process `$paramod\noc_router\ROUTER_X=s2'01\ROUTER_Y=s2'10.$proc$../flattened_rtl/noc_router.sv:85$1334'.
     1/5: $5\fifo_read_request[4:4]
     2/5: $4\fifo_read_request[3:3]
     3/5: $3\fifo_read_request[2:2]
     4/5: $2\fifo_read_request[1:1]
     5/5: $1\fifo_read_request[0:0]
Creating decoders for process `$paramod\noc_router\ROUTER_X=s2'01\ROUTER_Y=s2'10.$proc$../flattened_rtl/noc_router.sv:72$1272'.
     1/10: $5\allocator_requests[24:0]
     2/10: $1$bitselwrite$pos$../flattened_rtl/noc_router.sv:77$1266[31:0]$1324
     3/10: $4\allocator_requests[24:0]
     4/10: $1$bitselwrite$pos$../flattened_rtl/noc_router.sv:77$1265[31:0]$1313
     5/10: $3\allocator_requests[24:0]
     6/10: $1$bitselwrite$pos$../flattened_rtl/noc_router.sv:77$1264[31:0]$1302
     7/10: $2\allocator_requests[24:0]
     8/10: $1$bitselwrite$pos$../flattened_rtl/noc_router.sv:77$1263[31:0]$1291
     9/10: $1\allocator_requests[24:0]
    10/10: $1$bitselwrite$pos$../flattened_rtl/noc_router.sv:77$1262[31:0]$1280
Creating decoders for process `$paramod\noc_router\ROUTER_X=s2'01\ROUTER_Y=s2'11.$proc$../flattened_rtl/noc_router.sv:103$1254'.
Creating decoders for process `$paramod\noc_router\ROUTER_X=s2'01\ROUTER_Y=s2'11.$proc$../flattened_rtl/noc_router.sv:85$1222'.
     1/5: $5\fifo_read_request[4:4]
     2/5: $4\fifo_read_request[3:3]
     3/5: $3\fifo_read_request[2:2]
     4/5: $2\fifo_read_request[1:1]
     5/5: $1\fifo_read_request[0:0]
Creating decoders for process `$paramod\noc_router\ROUTER_X=s2'01\ROUTER_Y=s2'11.$proc$../flattened_rtl/noc_router.sv:72$1160'.
     1/10: $5\allocator_requests[24:0]
     2/10: $1$bitselwrite$pos$../flattened_rtl/noc_router.sv:77$1154[31:0]$1212
     3/10: $4\allocator_requests[24:0]
     4/10: $1$bitselwrite$pos$../flattened_rtl/noc_router.sv:77$1153[31:0]$1201
     5/10: $3\allocator_requests[24:0]
     6/10: $1$bitselwrite$pos$../flattened_rtl/noc_router.sv:77$1152[31:0]$1190
     7/10: $2\allocator_requests[24:0]
     8/10: $1$bitselwrite$pos$../flattened_rtl/noc_router.sv:77$1151[31:0]$1179
     9/10: $1\allocator_requests[24:0]
    10/10: $1$bitselwrite$pos$../flattened_rtl/noc_router.sv:77$1150[31:0]$1168
Creating decoders for process `$paramod\noc_router\ROUTER_X=s2'10\ROUTER_Y=s2'00.$proc$../flattened_rtl/noc_router.sv:103$1142'.
Creating decoders for process `$paramod\noc_router\ROUTER_X=s2'10\ROUTER_Y=s2'00.$proc$../flattened_rtl/noc_router.sv:85$1110'.
     1/5: $5\fifo_read_request[4:4]
     2/5: $4\fifo_read_request[3:3]
     3/5: $3\fifo_read_request[2:2]
     4/5: $2\fifo_read_request[1:1]
     5/5: $1\fifo_read_request[0:0]
Creating decoders for process `$paramod\noc_router\ROUTER_X=s2'10\ROUTER_Y=s2'00.$proc$../flattened_rtl/noc_router.sv:72$1048'.
     1/10: $5\allocator_requests[24:0]
     2/10: $1$bitselwrite$pos$../flattened_rtl/noc_router.sv:77$1042[31:0]$1100
     3/10: $4\allocator_requests[24:0]
     4/10: $1$bitselwrite$pos$../flattened_rtl/noc_router.sv:77$1041[31:0]$1089
     5/10: $3\allocator_requests[24:0]
     6/10: $1$bitselwrite$pos$../flattened_rtl/noc_router.sv:77$1040[31:0]$1078
     7/10: $2\allocator_requests[24:0]
     8/10: $1$bitselwrite$pos$../flattened_rtl/noc_router.sv:77$1039[31:0]$1067
     9/10: $1\allocator_requests[24:0]
    10/10: $1$bitselwrite$pos$../flattened_rtl/noc_router.sv:77$1038[31:0]$1056
Creating decoders for process `$paramod\noc_router\ROUTER_X=s2'10\ROUTER_Y=s2'01.$proc$../flattened_rtl/noc_router.sv:103$1030'.
Creating decoders for process `$paramod\noc_router\ROUTER_X=s2'10\ROUTER_Y=s2'01.$proc$../flattened_rtl/noc_router.sv:85$998'.
     1/5: $5\fifo_read_request[4:4]
     2/5: $4\fifo_read_request[3:3]
     3/5: $3\fifo_read_request[2:2]
     4/5: $2\fifo_read_request[1:1]
     5/5: $1\fifo_read_request[0:0]
Creating decoders for process `$paramod\noc_router\ROUTER_X=s2'10\ROUTER_Y=s2'01.$proc$../flattened_rtl/noc_router.sv:72$936'.
     1/10: $5\allocator_requests[24:0]
     2/10: $1$bitselwrite$pos$../flattened_rtl/noc_router.sv:77$930[31:0]$988
     3/10: $4\allocator_requests[24:0]
     4/10: $1$bitselwrite$pos$../flattened_rtl/noc_router.sv:77$929[31:0]$977
     5/10: $3\allocator_requests[24:0]
     6/10: $1$bitselwrite$pos$../flattened_rtl/noc_router.sv:77$928[31:0]$966
     7/10: $2\allocator_requests[24:0]
     8/10: $1$bitselwrite$pos$../flattened_rtl/noc_router.sv:77$927[31:0]$955
     9/10: $1\allocator_requests[24:0]
    10/10: $1$bitselwrite$pos$../flattened_rtl/noc_router.sv:77$926[31:0]$944
Creating decoders for process `$paramod\noc_router\ROUTER_X=s2'10\ROUTER_Y=s2'10.$proc$../flattened_rtl/noc_router.sv:103$918'.
Creating decoders for process `$paramod\noc_router\ROUTER_X=s2'10\ROUTER_Y=s2'10.$proc$../flattened_rtl/noc_router.sv:85$886'.
     1/5: $5\fifo_read_request[4:4]
     2/5: $4\fifo_read_request[3:3]
     3/5: $3\fifo_read_request[2:2]
     4/5: $2\fifo_read_request[1:1]
     5/5: $1\fifo_read_request[0:0]
Creating decoders for process `$paramod\noc_router\ROUTER_X=s2'10\ROUTER_Y=s2'10.$proc$../flattened_rtl/noc_router.sv:72$824'.
     1/10: $5\allocator_requests[24:0]
     2/10: $1$bitselwrite$pos$../flattened_rtl/noc_router.sv:77$818[31:0]$876
     3/10: $4\allocator_requests[24:0]
     4/10: $1$bitselwrite$pos$../flattened_rtl/noc_router.sv:77$817[31:0]$865
     5/10: $3\allocator_requests[24:0]
     6/10: $1$bitselwrite$pos$../flattened_rtl/noc_router.sv:77$816[31:0]$854
     7/10: $2\allocator_requests[24:0]
     8/10: $1$bitselwrite$pos$../flattened_rtl/noc_router.sv:77$815[31:0]$843
     9/10: $1\allocator_requests[24:0]
    10/10: $1$bitselwrite$pos$../flattened_rtl/noc_router.sv:77$814[31:0]$832
Creating decoders for process `$paramod\noc_router\ROUTER_X=s2'10\ROUTER_Y=s2'11.$proc$../flattened_rtl/noc_router.sv:103$806'.
Creating decoders for process `$paramod\noc_router\ROUTER_X=s2'10\ROUTER_Y=s2'11.$proc$../flattened_rtl/noc_router.sv:85$774'.
     1/5: $5\fifo_read_request[4:4]
     2/5: $4\fifo_read_request[3:3]
     3/5: $3\fifo_read_request[2:2]
     4/5: $2\fifo_read_request[1:1]
     5/5: $1\fifo_read_request[0:0]
Creating decoders for process `$paramod\noc_router\ROUTER_X=s2'10\ROUTER_Y=s2'11.$proc$../flattened_rtl/noc_router.sv:72$712'.
     1/10: $5\allocator_requests[24:0]
     2/10: $1$bitselwrite$pos$../flattened_rtl/noc_router.sv:77$706[31:0]$764
     3/10: $4\allocator_requests[24:0]
     4/10: $1$bitselwrite$pos$../flattened_rtl/noc_router.sv:77$705[31:0]$753
     5/10: $3\allocator_requests[24:0]
     6/10: $1$bitselwrite$pos$../flattened_rtl/noc_router.sv:77$704[31:0]$742
     7/10: $2\allocator_requests[24:0]
     8/10: $1$bitselwrite$pos$../flattened_rtl/noc_router.sv:77$703[31:0]$731
     9/10: $1\allocator_requests[24:0]
    10/10: $1$bitselwrite$pos$../flattened_rtl/noc_router.sv:77$702[31:0]$720
Creating decoders for process `$paramod\noc_router\ROUTER_X=s2'11\ROUTER_Y=s2'00.$proc$../flattened_rtl/noc_router.sv:103$694'.
Creating decoders for process `$paramod\noc_router\ROUTER_X=s2'11\ROUTER_Y=s2'00.$proc$../flattened_rtl/noc_router.sv:85$662'.
     1/5: $5\fifo_read_request[4:4]
     2/5: $4\fifo_read_request[3:3]
     3/5: $3\fifo_read_request[2:2]
     4/5: $2\fifo_read_request[1:1]
     5/5: $1\fifo_read_request[0:0]
Creating decoders for process `$paramod\noc_router\ROUTER_X=s2'11\ROUTER_Y=s2'00.$proc$../flattened_rtl/noc_router.sv:72$600'.
     1/10: $5\allocator_requests[24:0]
     2/10: $1$bitselwrite$pos$../flattened_rtl/noc_router.sv:77$594[31:0]$652
     3/10: $4\allocator_requests[24:0]
     4/10: $1$bitselwrite$pos$../flattened_rtl/noc_router.sv:77$593[31:0]$641
     5/10: $3\allocator_requests[24:0]
     6/10: $1$bitselwrite$pos$../flattened_rtl/noc_router.sv:77$592[31:0]$630
     7/10: $2\allocator_requests[24:0]
     8/10: $1$bitselwrite$pos$../flattened_rtl/noc_router.sv:77$591[31:0]$619
     9/10: $1\allocator_requests[24:0]
    10/10: $1$bitselwrite$pos$../flattened_rtl/noc_router.sv:77$590[31:0]$608
Creating decoders for process `$paramod\noc_router\ROUTER_X=s2'11\ROUTER_Y=s2'01.$proc$../flattened_rtl/noc_router.sv:103$582'.
Creating decoders for process `$paramod\noc_router\ROUTER_X=s2'11\ROUTER_Y=s2'01.$proc$../flattened_rtl/noc_router.sv:85$550'.
     1/5: $5\fifo_read_request[4:4]
     2/5: $4\fifo_read_request[3:3]
     3/5: $3\fifo_read_request[2:2]
     4/5: $2\fifo_read_request[1:1]
     5/5: $1\fifo_read_request[0:0]
Creating decoders for process `$paramod\noc_router\ROUTER_X=s2'11\ROUTER_Y=s2'01.$proc$../flattened_rtl/noc_router.sv:72$488'.
     1/10: $5\allocator_requests[24:0]
     2/10: $1$bitselwrite$pos$../flattened_rtl/noc_router.sv:77$482[31:0]$540
     3/10: $4\allocator_requests[24:0]
     4/10: $1$bitselwrite$pos$../flattened_rtl/noc_router.sv:77$481[31:0]$529
     5/10: $3\allocator_requests[24:0]
     6/10: $1$bitselwrite$pos$../flattened_rtl/noc_router.sv:77$480[31:0]$518
     7/10: $2\allocator_requests[24:0]
     8/10: $1$bitselwrite$pos$../flattened_rtl/noc_router.sv:77$479[31:0]$507
     9/10: $1\allocator_requests[24:0]
    10/10: $1$bitselwrite$pos$../flattened_rtl/noc_router.sv:77$478[31:0]$496
Creating decoders for process `$paramod\noc_router\ROUTER_X=s2'11\ROUTER_Y=s2'10.$proc$../flattened_rtl/noc_router.sv:103$470'.
Creating decoders for process `$paramod\noc_router\ROUTER_X=s2'11\ROUTER_Y=s2'10.$proc$../flattened_rtl/noc_router.sv:85$438'.
     1/5: $5\fifo_read_request[4:4]
     2/5: $4\fifo_read_request[3:3]
     3/5: $3\fifo_read_request[2:2]
     4/5: $2\fifo_read_request[1:1]
     5/5: $1\fifo_read_request[0:0]
Creating decoders for process `$paramod\noc_router\ROUTER_X=s2'11\ROUTER_Y=s2'10.$proc$../flattened_rtl/noc_router.sv:72$376'.
     1/10: $5\allocator_requests[24:0]
     2/10: $1$bitselwrite$pos$../flattened_rtl/noc_router.sv:77$370[31:0]$428
     3/10: $4\allocator_requests[24:0]
     4/10: $1$bitselwrite$pos$../flattened_rtl/noc_router.sv:77$369[31:0]$417
     5/10: $3\allocator_requests[24:0]
     6/10: $1$bitselwrite$pos$../flattened_rtl/noc_router.sv:77$368[31:0]$406
     7/10: $2\allocator_requests[24:0]
     8/10: $1$bitselwrite$pos$../flattened_rtl/noc_router.sv:77$367[31:0]$395
     9/10: $1\allocator_requests[24:0]
    10/10: $1$bitselwrite$pos$../flattened_rtl/noc_router.sv:77$366[31:0]$384
Creating decoders for process `$paramod\noc_router\ROUTER_X=s2'11\ROUTER_Y=s2'11.$proc$../flattened_rtl/noc_router.sv:103$358'.
Creating decoders for process `$paramod\noc_router\ROUTER_X=s2'11\ROUTER_Y=s2'11.$proc$../flattened_rtl/noc_router.sv:85$326'.
     1/5: $5\fifo_read_request[4:4]
     2/5: $4\fifo_read_request[3:3]
     3/5: $3\fifo_read_request[2:2]
     4/5: $2\fifo_read_request[1:1]
     5/5: $1\fifo_read_request[0:0]
Creating decoders for process `$paramod\noc_router\ROUTER_X=s2'11\ROUTER_Y=s2'11.$proc$../flattened_rtl/noc_router.sv:72$264'.
     1/10: $5\allocator_requests[24:0]
     2/10: $1$bitselwrite$pos$../flattened_rtl/noc_router.sv:77$258[31:0]$316
     3/10: $4\allocator_requests[24:0]
     4/10: $1$bitselwrite$pos$../flattened_rtl/noc_router.sv:77$257[31:0]$305
     5/10: $3\allocator_requests[24:0]
     6/10: $1$bitselwrite$pos$../flattened_rtl/noc_router.sv:77$256[31:0]$294
     7/10: $2\allocator_requests[24:0]
     8/10: $1$bitselwrite$pos$../flattened_rtl/noc_router.sv:77$255[31:0]$283
     9/10: $1\allocator_requests[24:0]
    10/10: $1$bitselwrite$pos$../flattened_rtl/noc_router.sv:77$254[31:0]$272
Creating decoders for process `$paramod\noc_router\ROUTER_X=s2'00\ROUTER_Y=s2'00.$proc$../flattened_rtl/noc_router.sv:103$2038'.
Creating decoders for process `$paramod\noc_router\ROUTER_X=s2'00\ROUTER_Y=s2'00.$proc$../flattened_rtl/noc_router.sv:85$2006'.
     1/5: $5\fifo_read_request[4:4]
     2/5: $4\fifo_read_request[3:3]
     3/5: $3\fifo_read_request[2:2]
     4/5: $2\fifo_read_request[1:1]
     5/5: $1\fifo_read_request[0:0]
Creating decoders for process `$paramod\noc_router\ROUTER_X=s2'00\ROUTER_Y=s2'00.$proc$../flattened_rtl/noc_router.sv:72$1944'.
     1/10: $5\allocator_requests[24:0]
     2/10: $1$bitselwrite$pos$../flattened_rtl/noc_router.sv:77$1938[31:0]$1996
     3/10: $4\allocator_requests[24:0]
     4/10: $1$bitselwrite$pos$../flattened_rtl/noc_router.sv:77$1937[31:0]$1985
     5/10: $3\allocator_requests[24:0]
     6/10: $1$bitselwrite$pos$../flattened_rtl/noc_router.sv:77$1936[31:0]$1974
     7/10: $2\allocator_requests[24:0]
     8/10: $1$bitselwrite$pos$../flattened_rtl/noc_router.sv:77$1935[31:0]$1963
     9/10: $1\allocator_requests[24:0]
    10/10: $1$bitselwrite$pos$../flattened_rtl/noc_router.sv:77$1934[31:0]$1952
Creating decoders for process `\crossbar_5x5.$proc$../flattened_rtl/crossbar_5x5_switch.sv:43$135'.
     1/25: $25\output_flits[319:256]
     2/25: $24\output_flits[319:256]
     3/25: $23\output_flits[319:256]
     4/25: $22\output_flits[319:256]
     5/25: $21\output_flits[319:256]
     6/25: $20\output_flits[255:192]
     7/25: $19\output_flits[255:192]
     8/25: $18\output_flits[255:192]
     9/25: $17\output_flits[255:192]
    10/25: $16\output_flits[255:192]
    11/25: $15\output_flits[191:128]
    12/25: $14\output_flits[191:128]
    13/25: $13\output_flits[191:128]
    14/25: $12\output_flits[191:128]
    15/25: $11\output_flits[191:128]
    16/25: $10\output_flits[127:64]
    17/25: $9\output_flits[127:64]
    18/25: $8\output_flits[127:64]
    19/25: $7\output_flits[127:64]
    20/25: $6\output_flits[127:64]
    21/25: $5\output_flits[63:0]
    22/25: $4\output_flits[63:0]
    23/25: $3\output_flits[63:0]
    24/25: $2\output_flits[63:0]
    25/25: $1\output_flits[63:0]
Creating decoders for process `\round_robin.$proc$../flattened_rtl/round_robin_arbitration.sv:63$125'.
     1/5: $2$fordecl_block$35.i[31:0]$131
     2/5: $0\holding_grant[0:0]
     3/5: $0\held_grant[4:0]
     4/5: $1$fordecl_block$35.i[31:0]$128
     5/5: $0\priority_ptr[2:0]
Creating decoders for process `\round_robin.$proc$../flattened_rtl/round_robin_arbitration.sv:42$42'.
     1/23: $6\grant[4:0]
     2/23: $2$bitselwrite$pos$../flattened_rtl/round_robin_arbitration.sv:57$41[31:0]$117
     3/23: $6\request_index[31:0]
     4/23: $5\grant[4:0]
     5/23: $2$bitselwrite$pos$../flattened_rtl/round_robin_arbitration.sv:57$40[31:0]$103
     6/23: $5\request_index[31:0]
     7/23: $4\grant[4:0]
     8/23: $2$bitselwrite$pos$../flattened_rtl/round_robin_arbitration.sv:57$39[31:0]$89
     9/23: $4\request_index[31:0]
    10/23: $3\grant[4:0]
    11/23: $2$bitselwrite$pos$../flattened_rtl/round_robin_arbitration.sv:57$38[31:0]$75
    12/23: $3\request_index[31:0]
    13/23: $2\grant[4:0]
    14/23: $2$bitselwrite$pos$../flattened_rtl/round_robin_arbitration.sv:57$37[31:0]$61
    15/23: $2\request_index[31:0]
    16/23: $1\grant[4:0]
    17/23: $1$bitselwrite$pos$../flattened_rtl/round_robin_arbitration.sv:57$41[31:0]$54
    18/23: $1$bitselwrite$pos$../flattened_rtl/round_robin_arbitration.sv:57$40[31:0]$53
    19/23: $1$bitselwrite$pos$../flattened_rtl/round_robin_arbitration.sv:57$39[31:0]$52
    20/23: $1$bitselwrite$pos$../flattened_rtl/round_robin_arbitration.sv:57$38[31:0]$51
    21/23: $1$bitselwrite$pos$../flattened_rtl/round_robin_arbitration.sv:57$37[31:0]$50
    22/23: $1$fordecl_block$33.offset[31:0]$49
    23/23: $1\request_index[31:0]
Creating decoders for process `\xy_routing.$proc$../flattened_rtl/xy_routing.sv:21$28'.
     1/4: $4\route_out[2:0]
     2/4: $3\route_out[2:0]
     3/4: $2\route_out[2:0]
     4/4: $1\route_out[2:0]
Creating decoders for process `\fifo_buffer.$proc$../flattened_rtl/fifo_buffer.sv:35$25'.
     1/1: $1$mem2reg_rd$\fifo_memory$../flattened_rtl/fifo_buffer.sv:35$1_DATA[63:0]$27
Creating decoders for process `\fifo_buffer.$proc$../flattened_rtl/fifo_buffer.sv:37$5'.
     1/11: $0\count[2:0]
     2/11: $2$mem2reg_wr$\fifo_memory$../flattened_rtl/fifo_buffer.sv:46$2_ADDR[1:0]$13
     3/11: $2$mem2reg_wr$\fifo_memory$../flattened_rtl/fifo_buffer.sv:46$2_DATA[63:0]$14
     4/11: $1$mem2reg_wr$\fifo_memory$../flattened_rtl/fifo_buffer.sv:46$2_DATA[63:0]$10
     5/11: $1$mem2reg_wr$\fifo_memory$../flattened_rtl/fifo_buffer.sv:46$2_ADDR[1:0]$9
     6/11: $0\fifo_memory[3][63:0]
     7/11: $0\fifo_memory[2][63:0]
     8/11: $0\fifo_memory[1][63:0]
     9/11: $0\fifo_memory[0][63:0]
    10/11: $0\rd_ptr[1:0]
    11/11: $0\wr_ptr[1:0]

10.2.8. Executing PROC_DLATCH pass (convert process syncs to latches).
No latch inferred for signal `$paramod\noc_router\ROUTER_X=s2'00\ROUTER_Y=s2'01.\output_valid' from process `$paramod\noc_router\ROUTER_X=s2'00\ROUTER_Y=s2'01.$proc$../flattened_rtl/noc_router.sv:103$1926'.
No latch inferred for signal `$paramod\noc_router\ROUTER_X=s2'00\ROUTER_Y=s2'01.\fifo_read_request' from process `$paramod\noc_router\ROUTER_X=s2'00\ROUTER_Y=s2'01.$proc$../flattened_rtl/noc_router.sv:85$1894'.
No latch inferred for signal `$paramod\noc_router\ROUTER_X=s2'00\ROUTER_Y=s2'01.\allocator_requests' from process `$paramod\noc_router\ROUTER_X=s2'00\ROUTER_Y=s2'01.$proc$../flattened_rtl/noc_router.sv:72$1832'.
No latch inferred for signal `$paramod\noc_router\ROUTER_X=s2'00\ROUTER_Y=s2'10.\output_valid' from process `$paramod\noc_router\ROUTER_X=s2'00\ROUTER_Y=s2'10.$proc$../flattened_rtl/noc_router.sv:103$1814'.
No latch inferred for signal `$paramod\noc_router\ROUTER_X=s2'00\ROUTER_Y=s2'10.\fifo_read_request' from process `$paramod\noc_router\ROUTER_X=s2'00\ROUTER_Y=s2'10.$proc$../flattened_rtl/noc_router.sv:85$1782'.
No latch inferred for signal `$paramod\noc_router\ROUTER_X=s2'00\ROUTER_Y=s2'10.\allocator_requests' from process `$paramod\noc_router\ROUTER_X=s2'00\ROUTER_Y=s2'10.$proc$../flattened_rtl/noc_router.sv:72$1720'.
No latch inferred for signal `$paramod\noc_router\ROUTER_X=s2'00\ROUTER_Y=s2'11.\output_valid' from process `$paramod\noc_router\ROUTER_X=s2'00\ROUTER_Y=s2'11.$proc$../flattened_rtl/noc_router.sv:103$1702'.
No latch inferred for signal `$paramod\noc_router\ROUTER_X=s2'00\ROUTER_Y=s2'11.\fifo_read_request' from process `$paramod\noc_router\ROUTER_X=s2'00\ROUTER_Y=s2'11.$proc$../flattened_rtl/noc_router.sv:85$1670'.
No latch inferred for signal `$paramod\noc_router\ROUTER_X=s2'00\ROUTER_Y=s2'11.\allocator_requests' from process `$paramod\noc_router\ROUTER_X=s2'00\ROUTER_Y=s2'11.$proc$../flattened_rtl/noc_router.sv:72$1608'.
No latch inferred for signal `$paramod\noc_router\ROUTER_X=s2'01\ROUTER_Y=s2'00.\output_valid' from process `$paramod\noc_router\ROUTER_X=s2'01\ROUTER_Y=s2'00.$proc$../flattened_rtl/noc_router.sv:103$1590'.
No latch inferred for signal `$paramod\noc_router\ROUTER_X=s2'01\ROUTER_Y=s2'00.\fifo_read_request' from process `$paramod\noc_router\ROUTER_X=s2'01\ROUTER_Y=s2'00.$proc$../flattened_rtl/noc_router.sv:85$1558'.
No latch inferred for signal `$paramod\noc_router\ROUTER_X=s2'01\ROUTER_Y=s2'00.\allocator_requests' from process `$paramod\noc_router\ROUTER_X=s2'01\ROUTER_Y=s2'00.$proc$../flattened_rtl/noc_router.sv:72$1496'.
No latch inferred for signal `$paramod\noc_router\ROUTER_X=s2'01\ROUTER_Y=s2'01.\output_valid' from process `$paramod\noc_router\ROUTER_X=s2'01\ROUTER_Y=s2'01.$proc$../flattened_rtl/noc_router.sv:103$1478'.
No latch inferred for signal `$paramod\noc_router\ROUTER_X=s2'01\ROUTER_Y=s2'01.\fifo_read_request' from process `$paramod\noc_router\ROUTER_X=s2'01\ROUTER_Y=s2'01.$proc$../flattened_rtl/noc_router.sv:85$1446'.
No latch inferred for signal `$paramod\noc_router\ROUTER_X=s2'01\ROUTER_Y=s2'01.\allocator_requests' from process `$paramod\noc_router\ROUTER_X=s2'01\ROUTER_Y=s2'01.$proc$../flattened_rtl/noc_router.sv:72$1384'.
No latch inferred for signal `$paramod\noc_router\ROUTER_X=s2'01\ROUTER_Y=s2'10.\output_valid' from process `$paramod\noc_router\ROUTER_X=s2'01\ROUTER_Y=s2'10.$proc$../flattened_rtl/noc_router.sv:103$1366'.
No latch inferred for signal `$paramod\noc_router\ROUTER_X=s2'01\ROUTER_Y=s2'10.\fifo_read_request' from process `$paramod\noc_router\ROUTER_X=s2'01\ROUTER_Y=s2'10.$proc$../flattened_rtl/noc_router.sv:85$1334'.
No latch inferred for signal `$paramod\noc_router\ROUTER_X=s2'01\ROUTER_Y=s2'10.\allocator_requests' from process `$paramod\noc_router\ROUTER_X=s2'01\ROUTER_Y=s2'10.$proc$../flattened_rtl/noc_router.sv:72$1272'.
No latch inferred for signal `$paramod\noc_router\ROUTER_X=s2'01\ROUTER_Y=s2'11.\output_valid' from process `$paramod\noc_router\ROUTER_X=s2'01\ROUTER_Y=s2'11.$proc$../flattened_rtl/noc_router.sv:103$1254'.
No latch inferred for signal `$paramod\noc_router\ROUTER_X=s2'01\ROUTER_Y=s2'11.\fifo_read_request' from process `$paramod\noc_router\ROUTER_X=s2'01\ROUTER_Y=s2'11.$proc$../flattened_rtl/noc_router.sv:85$1222'.
No latch inferred for signal `$paramod\noc_router\ROUTER_X=s2'01\ROUTER_Y=s2'11.\allocator_requests' from process `$paramod\noc_router\ROUTER_X=s2'01\ROUTER_Y=s2'11.$proc$../flattened_rtl/noc_router.sv:72$1160'.
No latch inferred for signal `$paramod\noc_router\ROUTER_X=s2'10\ROUTER_Y=s2'00.\output_valid' from process `$paramod\noc_router\ROUTER_X=s2'10\ROUTER_Y=s2'00.$proc$../flattened_rtl/noc_router.sv:103$1142'.
No latch inferred for signal `$paramod\noc_router\ROUTER_X=s2'10\ROUTER_Y=s2'00.\fifo_read_request' from process `$paramod\noc_router\ROUTER_X=s2'10\ROUTER_Y=s2'00.$proc$../flattened_rtl/noc_router.sv:85$1110'.
No latch inferred for signal `$paramod\noc_router\ROUTER_X=s2'10\ROUTER_Y=s2'00.\allocator_requests' from process `$paramod\noc_router\ROUTER_X=s2'10\ROUTER_Y=s2'00.$proc$../flattened_rtl/noc_router.sv:72$1048'.
No latch inferred for signal `$paramod\noc_router\ROUTER_X=s2'10\ROUTER_Y=s2'01.\output_valid' from process `$paramod\noc_router\ROUTER_X=s2'10\ROUTER_Y=s2'01.$proc$../flattened_rtl/noc_router.sv:103$1030'.
No latch inferred for signal `$paramod\noc_router\ROUTER_X=s2'10\ROUTER_Y=s2'01.\fifo_read_request' from process `$paramod\noc_router\ROUTER_X=s2'10\ROUTER_Y=s2'01.$proc$../flattened_rtl/noc_router.sv:85$998'.
No latch inferred for signal `$paramod\noc_router\ROUTER_X=s2'10\ROUTER_Y=s2'01.\allocator_requests' from process `$paramod\noc_router\ROUTER_X=s2'10\ROUTER_Y=s2'01.$proc$../flattened_rtl/noc_router.sv:72$936'.
No latch inferred for signal `$paramod\noc_router\ROUTER_X=s2'10\ROUTER_Y=s2'10.\output_valid' from process `$paramod\noc_router\ROUTER_X=s2'10\ROUTER_Y=s2'10.$proc$../flattened_rtl/noc_router.sv:103$918'.
No latch inferred for signal `$paramod\noc_router\ROUTER_X=s2'10\ROUTER_Y=s2'10.\fifo_read_request' from process `$paramod\noc_router\ROUTER_X=s2'10\ROUTER_Y=s2'10.$proc$../flattened_rtl/noc_router.sv:85$886'.
No latch inferred for signal `$paramod\noc_router\ROUTER_X=s2'10\ROUTER_Y=s2'10.\allocator_requests' from process `$paramod\noc_router\ROUTER_X=s2'10\ROUTER_Y=s2'10.$proc$../flattened_rtl/noc_router.sv:72$824'.
No latch inferred for signal `$paramod\noc_router\ROUTER_X=s2'10\ROUTER_Y=s2'11.\output_valid' from process `$paramod\noc_router\ROUTER_X=s2'10\ROUTER_Y=s2'11.$proc$../flattened_rtl/noc_router.sv:103$806'.
No latch inferred for signal `$paramod\noc_router\ROUTER_X=s2'10\ROUTER_Y=s2'11.\fifo_read_request' from process `$paramod\noc_router\ROUTER_X=s2'10\ROUTER_Y=s2'11.$proc$../flattened_rtl/noc_router.sv:85$774'.
No latch inferred for signal `$paramod\noc_router\ROUTER_X=s2'10\ROUTER_Y=s2'11.\allocator_requests' from process `$paramod\noc_router\ROUTER_X=s2'10\ROUTER_Y=s2'11.$proc$../flattened_rtl/noc_router.sv:72$712'.
No latch inferred for signal `$paramod\noc_router\ROUTER_X=s2'11\ROUTER_Y=s2'00.\output_valid' from process `$paramod\noc_router\ROUTER_X=s2'11\ROUTER_Y=s2'00.$proc$../flattened_rtl/noc_router.sv:103$694'.
No latch inferred for signal `$paramod\noc_router\ROUTER_X=s2'11\ROUTER_Y=s2'00.\fifo_read_request' from process `$paramod\noc_router\ROUTER_X=s2'11\ROUTER_Y=s2'00.$proc$../flattened_rtl/noc_router.sv:85$662'.
No latch inferred for signal `$paramod\noc_router\ROUTER_X=s2'11\ROUTER_Y=s2'00.\allocator_requests' from process `$paramod\noc_router\ROUTER_X=s2'11\ROUTER_Y=s2'00.$proc$../flattened_rtl/noc_router.sv:72$600'.
No latch inferred for signal `$paramod\noc_router\ROUTER_X=s2'11\ROUTER_Y=s2'01.\output_valid' from process `$paramod\noc_router\ROUTER_X=s2'11\ROUTER_Y=s2'01.$proc$../flattened_rtl/noc_router.sv:103$582'.
No latch inferred for signal `$paramod\noc_router\ROUTER_X=s2'11\ROUTER_Y=s2'01.\fifo_read_request' from process `$paramod\noc_router\ROUTER_X=s2'11\ROUTER_Y=s2'01.$proc$../flattened_rtl/noc_router.sv:85$550'.
No latch inferred for signal `$paramod\noc_router\ROUTER_X=s2'11\ROUTER_Y=s2'01.\allocator_requests' from process `$paramod\noc_router\ROUTER_X=s2'11\ROUTER_Y=s2'01.$proc$../flattened_rtl/noc_router.sv:72$488'.
No latch inferred for signal `$paramod\noc_router\ROUTER_X=s2'11\ROUTER_Y=s2'10.\output_valid' from process `$paramod\noc_router\ROUTER_X=s2'11\ROUTER_Y=s2'10.$proc$../flattened_rtl/noc_router.sv:103$470'.
No latch inferred for signal `$paramod\noc_router\ROUTER_X=s2'11\ROUTER_Y=s2'10.\fifo_read_request' from process `$paramod\noc_router\ROUTER_X=s2'11\ROUTER_Y=s2'10.$proc$../flattened_rtl/noc_router.sv:85$438'.
No latch inferred for signal `$paramod\noc_router\ROUTER_X=s2'11\ROUTER_Y=s2'10.\allocator_requests' from process `$paramod\noc_router\ROUTER_X=s2'11\ROUTER_Y=s2'10.$proc$../flattened_rtl/noc_router.sv:72$376'.
No latch inferred for signal `$paramod\noc_router\ROUTER_X=s2'11\ROUTER_Y=s2'11.\output_valid' from process `$paramod\noc_router\ROUTER_X=s2'11\ROUTER_Y=s2'11.$proc$../flattened_rtl/noc_router.sv:103$358'.
No latch inferred for signal `$paramod\noc_router\ROUTER_X=s2'11\ROUTER_Y=s2'11.\fifo_read_request' from process `$paramod\noc_router\ROUTER_X=s2'11\ROUTER_Y=s2'11.$proc$../flattened_rtl/noc_router.sv:85$326'.
No latch inferred for signal `$paramod\noc_router\ROUTER_X=s2'11\ROUTER_Y=s2'11.\allocator_requests' from process `$paramod\noc_router\ROUTER_X=s2'11\ROUTER_Y=s2'11.$proc$../flattened_rtl/noc_router.sv:72$264'.
No latch inferred for signal `$paramod\noc_router\ROUTER_X=s2'00\ROUTER_Y=s2'00.\output_valid' from process `$paramod\noc_router\ROUTER_X=s2'00\ROUTER_Y=s2'00.$proc$../flattened_rtl/noc_router.sv:103$2038'.
No latch inferred for signal `$paramod\noc_router\ROUTER_X=s2'00\ROUTER_Y=s2'00.\fifo_read_request' from process `$paramod\noc_router\ROUTER_X=s2'00\ROUTER_Y=s2'00.$proc$../flattened_rtl/noc_router.sv:85$2006'.
No latch inferred for signal `$paramod\noc_router\ROUTER_X=s2'00\ROUTER_Y=s2'00.\allocator_requests' from process `$paramod\noc_router\ROUTER_X=s2'00\ROUTER_Y=s2'00.$proc$../flattened_rtl/noc_router.sv:72$1944'.
No latch inferred for signal `\crossbar_5x5.\output_flits' from process `\crossbar_5x5.$proc$../flattened_rtl/crossbar_5x5_switch.sv:43$135'.
No latch inferred for signal `\crossbar_5x5.\output_port' from process `\crossbar_5x5.$proc$../flattened_rtl/crossbar_5x5_switch.sv:43$135'.
No latch inferred for signal `\crossbar_5x5.\input_port' from process `\crossbar_5x5.$proc$../flattened_rtl/crossbar_5x5_switch.sv:43$135'.
No latch inferred for signal `\round_robin.\grant' from process `\round_robin.$proc$../flattened_rtl/round_robin_arbitration.sv:42$42'.
No latch inferred for signal `\round_robin.\request_index' from process `\round_robin.$proc$../flattened_rtl/round_robin_arbitration.sv:42$42'.
No latch inferred for signal `\xy_routing.\route_out' from process `\xy_routing.$proc$../flattened_rtl/xy_routing.sv:21$28'.
No latch inferred for signal `\fifo_buffer.$mem2reg_rd$\fifo_memory$../flattened_rtl/fifo_buffer.sv:35$1_DATA' from process `\fifo_buffer.$proc$../flattened_rtl/fifo_buffer.sv:35$25'.

10.2.9. Executing PROC_DFF pass (convert process syncs to FFs).
Creating register for signal `\round_robin.\priority_ptr' using process `\round_robin.$proc$../flattened_rtl/round_robin_arbitration.sv:63$125'.
  created $adff cell `$procdff$3063' with positive edge clock and positive level reset.
Creating register for signal `\round_robin.\held_grant' using process `\round_robin.$proc$../flattened_rtl/round_robin_arbitration.sv:63$125'.
  created $adff cell `$procdff$3068' with positive edge clock and positive level reset.
Creating register for signal `\round_robin.\holding_grant' using process `\round_robin.$proc$../flattened_rtl/round_robin_arbitration.sv:63$125'.
  created $adff cell `$procdff$3073' with positive edge clock and positive level reset.
Creating register for signal `\round_robin.$fordecl_block$35.i' using process `\round_robin.$proc$../flattened_rtl/round_robin_arbitration.sv:63$125'.
  created $dff cell `$procdff$3080' with positive edge clock.
Creating register for signal `\fifo_buffer.\wr_ptr' using process `\fifo_buffer.$proc$../flattened_rtl/fifo_buffer.sv:37$5'.
  created $adff cell `$procdff$3085' with positive edge clock and positive level reset.
Creating register for signal `\fifo_buffer.\rd_ptr' using process `\fifo_buffer.$proc$../flattened_rtl/fifo_buffer.sv:37$5'.
  created $adff cell `$procdff$3090' with positive edge clock and positive level reset.
Creating register for signal `\fifo_buffer.\count' using process `\fifo_buffer.$proc$../flattened_rtl/fifo_buffer.sv:37$5'.
  created $adff cell `$procdff$3095' with positive edge clock and positive level reset.
Creating register for signal `\fifo_buffer.\fifo_memory[0]' using process `\fifo_buffer.$proc$../flattened_rtl/fifo_buffer.sv:37$5'.
  created $dff cell `$procdff$3102' with positive edge clock.
Creating register for signal `\fifo_buffer.\fifo_memory[1]' using process `\fifo_buffer.$proc$../flattened_rtl/fifo_buffer.sv:37$5'.
  created $dff cell `$procdff$3109' with positive edge clock.
Creating register for signal `\fifo_buffer.\fifo_memory[2]' using process `\fifo_buffer.$proc$../flattened_rtl/fifo_buffer.sv:37$5'.
  created $dff cell `$procdff$3116' with positive edge clock.
Creating register for signal `\fifo_buffer.\fifo_memory[3]' using process `\fifo_buffer.$proc$../flattened_rtl/fifo_buffer.sv:37$5'.
  created $dff cell `$procdff$3123' with positive edge clock.
Creating register for signal `\fifo_buffer.$mem2reg_wr$\fifo_memory$../flattened_rtl/fifo_buffer.sv:46$2_ADDR' using process `\fifo_buffer.$proc$../flattened_rtl/fifo_buffer.sv:37$5'.
  created $adff cell `$procdff$3128' with positive edge clock and positive level reset.
Creating register for signal `\fifo_buffer.$mem2reg_wr$\fifo_memory$../flattened_rtl/fifo_buffer.sv:46$2_DATA' using process `\fifo_buffer.$proc$../flattened_rtl/fifo_buffer.sv:37$5'.
  created $adff cell `$procdff$3133' with positive edge clock and positive level reset.

10.2.10. Executing PROC_MEMWR pass (convert process memory writes to cells).

10.2.11. Executing PROC_CLEAN pass (remove empty switches from decision trees).
Removing empty process `$paramod\noc_router\ROUTER_X=s2'00\ROUTER_Y=s2'01.$proc$../flattened_rtl/noc_router.sv:103$1926'.
Found and cleaned up 5 empty switches in `$paramod\noc_router\ROUTER_X=s2'00\ROUTER_Y=s2'01.$proc$../flattened_rtl/noc_router.sv:85$1894'.
Removing empty process `$paramod\noc_router\ROUTER_X=s2'00\ROUTER_Y=s2'01.$proc$../flattened_rtl/noc_router.sv:85$1894'.
Found and cleaned up 5 empty switches in `$paramod\noc_router\ROUTER_X=s2'00\ROUTER_Y=s2'01.$proc$../flattened_rtl/noc_router.sv:72$1832'.
Removing empty process `$paramod\noc_router\ROUTER_X=s2'00\ROUTER_Y=s2'01.$proc$../flattened_rtl/noc_router.sv:72$1832'.
Removing empty process `$paramod\noc_router\ROUTER_X=s2'00\ROUTER_Y=s2'10.$proc$../flattened_rtl/noc_router.sv:103$1814'.
Found and cleaned up 5 empty switches in `$paramod\noc_router\ROUTER_X=s2'00\ROUTER_Y=s2'10.$proc$../flattened_rtl/noc_router.sv:85$1782'.
Removing empty process `$paramod\noc_router\ROUTER_X=s2'00\ROUTER_Y=s2'10.$proc$../flattened_rtl/noc_router.sv:85$1782'.
Found and cleaned up 5 empty switches in `$paramod\noc_router\ROUTER_X=s2'00\ROUTER_Y=s2'10.$proc$../flattened_rtl/noc_router.sv:72$1720'.
Removing empty process `$paramod\noc_router\ROUTER_X=s2'00\ROUTER_Y=s2'10.$proc$../flattened_rtl/noc_router.sv:72$1720'.
Removing empty process `$paramod\noc_router\ROUTER_X=s2'00\ROUTER_Y=s2'11.$proc$../flattened_rtl/noc_router.sv:103$1702'.
Found and cleaned up 5 empty switches in `$paramod\noc_router\ROUTER_X=s2'00\ROUTER_Y=s2'11.$proc$../flattened_rtl/noc_router.sv:85$1670'.
Removing empty process `$paramod\noc_router\ROUTER_X=s2'00\ROUTER_Y=s2'11.$proc$../flattened_rtl/noc_router.sv:85$1670'.
Found and cleaned up 5 empty switches in `$paramod\noc_router\ROUTER_X=s2'00\ROUTER_Y=s2'11.$proc$../flattened_rtl/noc_router.sv:72$1608'.
Removing empty process `$paramod\noc_router\ROUTER_X=s2'00\ROUTER_Y=s2'11.$proc$../flattened_rtl/noc_router.sv:72$1608'.
Removing empty process `$paramod\noc_router\ROUTER_X=s2'01\ROUTER_Y=s2'00.$proc$../flattened_rtl/noc_router.sv:103$1590'.
Found and cleaned up 5 empty switches in `$paramod\noc_router\ROUTER_X=s2'01\ROUTER_Y=s2'00.$proc$../flattened_rtl/noc_router.sv:85$1558'.
Removing empty process `$paramod\noc_router\ROUTER_X=s2'01\ROUTER_Y=s2'00.$proc$../flattened_rtl/noc_router.sv:85$1558'.
Found and cleaned up 5 empty switches in `$paramod\noc_router\ROUTER_X=s2'01\ROUTER_Y=s2'00.$proc$../flattened_rtl/noc_router.sv:72$1496'.
Removing empty process `$paramod\noc_router\ROUTER_X=s2'01\ROUTER_Y=s2'00.$proc$../flattened_rtl/noc_router.sv:72$1496'.
Removing empty process `$paramod\noc_router\ROUTER_X=s2'01\ROUTER_Y=s2'01.$proc$../flattened_rtl/noc_router.sv:103$1478'.
Found and cleaned up 5 empty switches in `$paramod\noc_router\ROUTER_X=s2'01\ROUTER_Y=s2'01.$proc$../flattened_rtl/noc_router.sv:85$1446'.
Removing empty process `$paramod\noc_router\ROUTER_X=s2'01\ROUTER_Y=s2'01.$proc$../flattened_rtl/noc_router.sv:85$1446'.
Found and cleaned up 5 empty switches in `$paramod\noc_router\ROUTER_X=s2'01\ROUTER_Y=s2'01.$proc$../flattened_rtl/noc_router.sv:72$1384'.
Removing empty process `$paramod\noc_router\ROUTER_X=s2'01\ROUTER_Y=s2'01.$proc$../flattened_rtl/noc_router.sv:72$1384'.
Removing empty process `$paramod\noc_router\ROUTER_X=s2'01\ROUTER_Y=s2'10.$proc$../flattened_rtl/noc_router.sv:103$1366'.
Found and cleaned up 5 empty switches in `$paramod\noc_router\ROUTER_X=s2'01\ROUTER_Y=s2'10.$proc$../flattened_rtl/noc_router.sv:85$1334'.
Removing empty process `$paramod\noc_router\ROUTER_X=s2'01\ROUTER_Y=s2'10.$proc$../flattened_rtl/noc_router.sv:85$1334'.
Found and cleaned up 5 empty switches in `$paramod\noc_router\ROUTER_X=s2'01\ROUTER_Y=s2'10.$proc$../flattened_rtl/noc_router.sv:72$1272'.
Removing empty process `$paramod\noc_router\ROUTER_X=s2'01\ROUTER_Y=s2'10.$proc$../flattened_rtl/noc_router.sv:72$1272'.
Removing empty process `$paramod\noc_router\ROUTER_X=s2'01\ROUTER_Y=s2'11.$proc$../flattened_rtl/noc_router.sv:103$1254'.
Found and cleaned up 5 empty switches in `$paramod\noc_router\ROUTER_X=s2'01\ROUTER_Y=s2'11.$proc$../flattened_rtl/noc_router.sv:85$1222'.
Removing empty process `$paramod\noc_router\ROUTER_X=s2'01\ROUTER_Y=s2'11.$proc$../flattened_rtl/noc_router.sv:85$1222'.
Found and cleaned up 5 empty switches in `$paramod\noc_router\ROUTER_X=s2'01\ROUTER_Y=s2'11.$proc$../flattened_rtl/noc_router.sv:72$1160'.
Removing empty process `$paramod\noc_router\ROUTER_X=s2'01\ROUTER_Y=s2'11.$proc$../flattened_rtl/noc_router.sv:72$1160'.
Removing empty process `$paramod\noc_router\ROUTER_X=s2'10\ROUTER_Y=s2'00.$proc$../flattened_rtl/noc_router.sv:103$1142'.
Found and cleaned up 5 empty switches in `$paramod\noc_router\ROUTER_X=s2'10\ROUTER_Y=s2'00.$proc$../flattened_rtl/noc_router.sv:85$1110'.
Removing empty process `$paramod\noc_router\ROUTER_X=s2'10\ROUTER_Y=s2'00.$proc$../flattened_rtl/noc_router.sv:85$1110'.
Found and cleaned up 5 empty switches in `$paramod\noc_router\ROUTER_X=s2'10\ROUTER_Y=s2'00.$proc$../flattened_rtl/noc_router.sv:72$1048'.
Removing empty process `$paramod\noc_router\ROUTER_X=s2'10\ROUTER_Y=s2'00.$proc$../flattened_rtl/noc_router.sv:72$1048'.
Removing empty process `$paramod\noc_router\ROUTER_X=s2'10\ROUTER_Y=s2'01.$proc$../flattened_rtl/noc_router.sv:103$1030'.
Found and cleaned up 5 empty switches in `$paramod\noc_router\ROUTER_X=s2'10\ROUTER_Y=s2'01.$proc$../flattened_rtl/noc_router.sv:85$998'.
Removing empty process `$paramod\noc_router\ROUTER_X=s2'10\ROUTER_Y=s2'01.$proc$../flattened_rtl/noc_router.sv:85$998'.
Found and cleaned up 5 empty switches in `$paramod\noc_router\ROUTER_X=s2'10\ROUTER_Y=s2'01.$proc$../flattened_rtl/noc_router.sv:72$936'.
Removing empty process `$paramod\noc_router\ROUTER_X=s2'10\ROUTER_Y=s2'01.$proc$../flattened_rtl/noc_router.sv:72$936'.
Removing empty process `$paramod\noc_router\ROUTER_X=s2'10\ROUTER_Y=s2'10.$proc$../flattened_rtl/noc_router.sv:103$918'.
Found and cleaned up 5 empty switches in `$paramod\noc_router\ROUTER_X=s2'10\ROUTER_Y=s2'10.$proc$../flattened_rtl/noc_router.sv:85$886'.
Removing empty process `$paramod\noc_router\ROUTER_X=s2'10\ROUTER_Y=s2'10.$proc$../flattened_rtl/noc_router.sv:85$886'.
Found and cleaned up 5 empty switches in `$paramod\noc_router\ROUTER_X=s2'10\ROUTER_Y=s2'10.$proc$../flattened_rtl/noc_router.sv:72$824'.
Removing empty process `$paramod\noc_router\ROUTER_X=s2'10\ROUTER_Y=s2'10.$proc$../flattened_rtl/noc_router.sv:72$824'.
Removing empty process `$paramod\noc_router\ROUTER_X=s2'10\ROUTER_Y=s2'11.$proc$../flattened_rtl/noc_router.sv:103$806'.
Found and cleaned up 5 empty switches in `$paramod\noc_router\ROUTER_X=s2'10\ROUTER_Y=s2'11.$proc$../flattened_rtl/noc_router.sv:85$774'.
Removing empty process `$paramod\noc_router\ROUTER_X=s2'10\ROUTER_Y=s2'11.$proc$../flattened_rtl/noc_router.sv:85$774'.
Found and cleaned up 5 empty switches in `$paramod\noc_router\ROUTER_X=s2'10\ROUTER_Y=s2'11.$proc$../flattened_rtl/noc_router.sv:72$712'.
Removing empty process `$paramod\noc_router\ROUTER_X=s2'10\ROUTER_Y=s2'11.$proc$../flattened_rtl/noc_router.sv:72$712'.
Removing empty process `$paramod\noc_router\ROUTER_X=s2'11\ROUTER_Y=s2'00.$proc$../flattened_rtl/noc_router.sv:103$694'.
Found and cleaned up 5 empty switches in `$paramod\noc_router\ROUTER_X=s2'11\ROUTER_Y=s2'00.$proc$../flattened_rtl/noc_router.sv:85$662'.
Removing empty process `$paramod\noc_router\ROUTER_X=s2'11\ROUTER_Y=s2'00.$proc$../flattened_rtl/noc_router.sv:85$662'.
Found and cleaned up 5 empty switches in `$paramod\noc_router\ROUTER_X=s2'11\ROUTER_Y=s2'00.$proc$../flattened_rtl/noc_router.sv:72$600'.
Removing empty process `$paramod\noc_router\ROUTER_X=s2'11\ROUTER_Y=s2'00.$proc$../flattened_rtl/noc_router.sv:72$600'.
Removing empty process `$paramod\noc_router\ROUTER_X=s2'11\ROUTER_Y=s2'01.$proc$../flattened_rtl/noc_router.sv:103$582'.
Found and cleaned up 5 empty switches in `$paramod\noc_router\ROUTER_X=s2'11\ROUTER_Y=s2'01.$proc$../flattened_rtl/noc_router.sv:85$550'.
Removing empty process `$paramod\noc_router\ROUTER_X=s2'11\ROUTER_Y=s2'01.$proc$../flattened_rtl/noc_router.sv:85$550'.
Found and cleaned up 5 empty switches in `$paramod\noc_router\ROUTER_X=s2'11\ROUTER_Y=s2'01.$proc$../flattened_rtl/noc_router.sv:72$488'.
Removing empty process `$paramod\noc_router\ROUTER_X=s2'11\ROUTER_Y=s2'01.$proc$../flattened_rtl/noc_router.sv:72$488'.
Removing empty process `$paramod\noc_router\ROUTER_X=s2'11\ROUTER_Y=s2'10.$proc$../flattened_rtl/noc_router.sv:103$470'.
Found and cleaned up 5 empty switches in `$paramod\noc_router\ROUTER_X=s2'11\ROUTER_Y=s2'10.$proc$../flattened_rtl/noc_router.sv:85$438'.
Removing empty process `$paramod\noc_router\ROUTER_X=s2'11\ROUTER_Y=s2'10.$proc$../flattened_rtl/noc_router.sv:85$438'.
Found and cleaned up 5 empty switches in `$paramod\noc_router\ROUTER_X=s2'11\ROUTER_Y=s2'10.$proc$../flattened_rtl/noc_router.sv:72$376'.
Removing empty process `$paramod\noc_router\ROUTER_X=s2'11\ROUTER_Y=s2'10.$proc$../flattened_rtl/noc_router.sv:72$376'.
Removing empty process `$paramod\noc_router\ROUTER_X=s2'11\ROUTER_Y=s2'11.$proc$../flattened_rtl/noc_router.sv:103$358'.
Found and cleaned up 5 empty switches in `$paramod\noc_router\ROUTER_X=s2'11\ROUTER_Y=s2'11.$proc$../flattened_rtl/noc_router.sv:85$326'.
Removing empty process `$paramod\noc_router\ROUTER_X=s2'11\ROUTER_Y=s2'11.$proc$../flattened_rtl/noc_router.sv:85$326'.
Found and cleaned up 5 empty switches in `$paramod\noc_router\ROUTER_X=s2'11\ROUTER_Y=s2'11.$proc$../flattened_rtl/noc_router.sv:72$264'.
Removing empty process `$paramod\noc_router\ROUTER_X=s2'11\ROUTER_Y=s2'11.$proc$../flattened_rtl/noc_router.sv:72$264'.
Removing empty process `$paramod\noc_router\ROUTER_X=s2'00\ROUTER_Y=s2'00.$proc$../flattened_rtl/noc_router.sv:103$2038'.
Found and cleaned up 5 empty switches in `$paramod\noc_router\ROUTER_X=s2'00\ROUTER_Y=s2'00.$proc$../flattened_rtl/noc_router.sv:85$2006'.
Removing empty process `$paramod\noc_router\ROUTER_X=s2'00\ROUTER_Y=s2'00.$proc$../flattened_rtl/noc_router.sv:85$2006'.
Found and cleaned up 5 empty switches in `$paramod\noc_router\ROUTER_X=s2'00\ROUTER_Y=s2'00.$proc$../flattened_rtl/noc_router.sv:72$1944'.
Removing empty process `$paramod\noc_router\ROUTER_X=s2'00\ROUTER_Y=s2'00.$proc$../flattened_rtl/noc_router.sv:72$1944'.
Found and cleaned up 25 empty switches in `\crossbar_5x5.$proc$../flattened_rtl/crossbar_5x5_switch.sv:43$135'.
Removing empty process `crossbar_5x5.$proc$../flattened_rtl/crossbar_5x5_switch.sv:43$135'.
Found and cleaned up 7 empty switches in `\round_robin.$proc$../flattened_rtl/round_robin_arbitration.sv:63$125'.
Removing empty process `round_robin.$proc$../flattened_rtl/round_robin_arbitration.sv:63$125'.
Found and cleaned up 11 empty switches in `\round_robin.$proc$../flattened_rtl/round_robin_arbitration.sv:42$42'.
Removing empty process `round_robin.$proc$../flattened_rtl/round_robin_arbitration.sv:42$42'.
Found and cleaned up 4 empty switches in `\xy_routing.$proc$../flattened_rtl/xy_routing.sv:21$28'.
Removing empty process `xy_routing.$proc$../flattened_rtl/xy_routing.sv:21$28'.
Found and cleaned up 1 empty switch in `\fifo_buffer.$proc$../flattened_rtl/fifo_buffer.sv:35$25'.
Removing empty process `fifo_buffer.$proc$../flattened_rtl/fifo_buffer.sv:35$25'.
Found and cleaned up 4 empty switches in `\fifo_buffer.$proc$../flattened_rtl/fifo_buffer.sv:37$5'.
Removing empty process `fifo_buffer.$proc$../flattened_rtl/fifo_buffer.sv:37$5'.
Cleaned up 212 empty switches.

10.2.12. Executing OPT_EXPR pass (perform const folding).
Optimizing module $paramod\noc_router\ROUTER_X=s2'00\ROUTER_Y=s2'01.
<suppressed ~17 debug messages>
Optimizing module $paramod\noc_router\ROUTER_X=s2'00\ROUTER_Y=s2'10.
<suppressed ~17 debug messages>
Optimizing module $paramod\noc_router\ROUTER_X=s2'00\ROUTER_Y=s2'11.
<suppressed ~17 debug messages>
Optimizing module $paramod\noc_router\ROUTER_X=s2'01\ROUTER_Y=s2'00.
<suppressed ~17 debug messages>
Optimizing module $paramod\noc_router\ROUTER_X=s2'01\ROUTER_Y=s2'01.
<suppressed ~17 debug messages>
Optimizing module $paramod\noc_router\ROUTER_X=s2'01\ROUTER_Y=s2'10.
<suppressed ~17 debug messages>
Optimizing module $paramod\noc_router\ROUTER_X=s2'01\ROUTER_Y=s2'11.
<suppressed ~17 debug messages>
Optimizing module $paramod\noc_router\ROUTER_X=s2'10\ROUTER_Y=s2'00.
<suppressed ~17 debug messages>
Optimizing module $paramod\noc_router\ROUTER_X=s2'10\ROUTER_Y=s2'01.
<suppressed ~17 debug messages>
Optimizing module $paramod\noc_router\ROUTER_X=s2'10\ROUTER_Y=s2'10.
<suppressed ~17 debug messages>
Optimizing module $paramod\noc_router\ROUTER_X=s2'10\ROUTER_Y=s2'11.
<suppressed ~17 debug messages>
Optimizing module $paramod\noc_router\ROUTER_X=s2'11\ROUTER_Y=s2'00.
<suppressed ~17 debug messages>
Optimizing module $paramod\noc_router\ROUTER_X=s2'11\ROUTER_Y=s2'01.
<suppressed ~17 debug messages>
Optimizing module $paramod\noc_router\ROUTER_X=s2'11\ROUTER_Y=s2'10.
<suppressed ~17 debug messages>
Optimizing module $paramod\noc_router\ROUTER_X=s2'11\ROUTER_Y=s2'11.
<suppressed ~17 debug messages>
Optimizing module noc_mesh.
Optimizing module $paramod\noc_router\ROUTER_X=s2'00\ROUTER_Y=s2'00.
<suppressed ~17 debug messages>
Optimizing module crossbar_5x5.
Optimizing module switch_allocator.
Optimizing module round_robin.
<suppressed ~18 debug messages>
Optimizing module xy_routing.
Optimizing module fifo_buffer.
<suppressed ~21 debug messages>

10.3. Executing OPT_EXPR pass (perform const folding).
Optimizing module $paramod\noc_router\ROUTER_X=s2'00\ROUTER_Y=s2'01.
<suppressed ~2 debug messages>
Optimizing module $paramod\noc_router\ROUTER_X=s2'00\ROUTER_Y=s2'10.
<suppressed ~2 debug messages>
Optimizing module $paramod\noc_router\ROUTER_X=s2'00\ROUTER_Y=s2'11.
<suppressed ~2 debug messages>
Optimizing module $paramod\noc_router\ROUTER_X=s2'01\ROUTER_Y=s2'00.
<suppressed ~2 debug messages>
Optimizing module $paramod\noc_router\ROUTER_X=s2'01\ROUTER_Y=s2'01.
<suppressed ~2 debug messages>
Optimizing module $paramod\noc_router\ROUTER_X=s2'01\ROUTER_Y=s2'10.
<suppressed ~2 debug messages>
Optimizing module $paramod\noc_router\ROUTER_X=s2'01\ROUTER_Y=s2'11.
<suppressed ~2 debug messages>
Optimizing module $paramod\noc_router\ROUTER_X=s2'10\ROUTER_Y=s2'00.
<suppressed ~2 debug messages>
Optimizing module $paramod\noc_router\ROUTER_X=s2'10\ROUTER_Y=s2'01.
<suppressed ~2 debug messages>
Optimizing module $paramod\noc_router\ROUTER_X=s2'10\ROUTER_Y=s2'10.
<suppressed ~2 debug messages>
Optimizing module $paramod\noc_router\ROUTER_X=s2'10\ROUTER_Y=s2'11.
<suppressed ~2 debug messages>
Optimizing module $paramod\noc_router\ROUTER_X=s2'11\ROUTER_Y=s2'00.
<suppressed ~2 debug messages>
Optimizing module $paramod\noc_router\ROUTER_X=s2'11\ROUTER_Y=s2'01.
<suppressed ~2 debug messages>
Optimizing module $paramod\noc_router\ROUTER_X=s2'11\ROUTER_Y=s2'10.
<suppressed ~2 debug messages>
Optimizing module $paramod\noc_router\ROUTER_X=s2'11\ROUTER_Y=s2'11.
<suppressed ~2 debug messages>
Optimizing module noc_mesh.
Optimizing module $paramod\noc_router\ROUTER_X=s2'00\ROUTER_Y=s2'00.
<suppressed ~2 debug messages>
Optimizing module crossbar_5x5.
Optimizing module switch_allocator.
Optimizing module round_robin.
<suppressed ~1 debug messages>
Optimizing module xy_routing.
Optimizing module fifo_buffer.

10.4. Executing OPT_CLEAN pass (remove unused cells and wires).
Finding unused cells or wires in module $paramod\noc_router\ROUTER_X=s2'00\ROUTER_Y=s2'01..
Finding unused cells or wires in module $paramod\noc_router\ROUTER_X=s2'00\ROUTER_Y=s2'10..
Finding unused cells or wires in module $paramod\noc_router\ROUTER_X=s2'00\ROUTER_Y=s2'11..
Finding unused cells or wires in module $paramod\noc_router\ROUTER_X=s2'01\ROUTER_Y=s2'00..
Finding unused cells or wires in module $paramod\noc_router\ROUTER_X=s2'01\ROUTER_Y=s2'01..
Finding unused cells or wires in module $paramod\noc_router\ROUTER_X=s2'01\ROUTER_Y=s2'10..
Finding unused cells or wires in module $paramod\noc_router\ROUTER_X=s2'01\ROUTER_Y=s2'11..
Finding unused cells or wires in module $paramod\noc_router\ROUTER_X=s2'10\ROUTER_Y=s2'00..
Finding unused cells or wires in module $paramod\noc_router\ROUTER_X=s2'10\ROUTER_Y=s2'01..
Finding unused cells or wires in module $paramod\noc_router\ROUTER_X=s2'10\ROUTER_Y=s2'10..
Finding unused cells or wires in module $paramod\noc_router\ROUTER_X=s2'10\ROUTER_Y=s2'11..
Finding unused cells or wires in module $paramod\noc_router\ROUTER_X=s2'11\ROUTER_Y=s2'00..
Finding unused cells or wires in module $paramod\noc_router\ROUTER_X=s2'11\ROUTER_Y=s2'01..
Finding unused cells or wires in module $paramod\noc_router\ROUTER_X=s2'11\ROUTER_Y=s2'10..
Finding unused cells or wires in module $paramod\noc_router\ROUTER_X=s2'11\ROUTER_Y=s2'11..
Finding unused cells or wires in module \noc_mesh..
Finding unused cells or wires in module $paramod\noc_router\ROUTER_X=s2'00\ROUTER_Y=s2'00..
Finding unused cells or wires in module \crossbar_5x5..
Finding unused cells or wires in module \switch_allocator..
Finding unused cells or wires in module \round_robin..
Finding unused cells or wires in module \xy_routing..
Finding unused cells or wires in module \fifo_buffer..
Removed 330 unused cells and 1648 unused wires.
<suppressed ~384 debug messages>

10.5. Executing CHECK pass (checking for obvious problems).
Checking module $paramod\noc_router\ROUTER_X=s2'00\ROUTER_Y=s2'01...
Checking module $paramod\noc_router\ROUTER_X=s2'00\ROUTER_Y=s2'10...
Checking module $paramod\noc_router\ROUTER_X=s2'00\ROUTER_Y=s2'11...
Checking module $paramod\noc_router\ROUTER_X=s2'01\ROUTER_Y=s2'00...
Checking module $paramod\noc_router\ROUTER_X=s2'01\ROUTER_Y=s2'01...
Checking module $paramod\noc_router\ROUTER_X=s2'01\ROUTER_Y=s2'10...
Checking module $paramod\noc_router\ROUTER_X=s2'01\ROUTER_Y=s2'11...
Checking module $paramod\noc_router\ROUTER_X=s2'10\ROUTER_Y=s2'00...
Checking module $paramod\noc_router\ROUTER_X=s2'10\ROUTER_Y=s2'01...
Checking module $paramod\noc_router\ROUTER_X=s2'10\ROUTER_Y=s2'10...
Checking module $paramod\noc_router\ROUTER_X=s2'10\ROUTER_Y=s2'11...
Checking module $paramod\noc_router\ROUTER_X=s2'11\ROUTER_Y=s2'00...
Checking module $paramod\noc_router\ROUTER_X=s2'11\ROUTER_Y=s2'01...
Checking module $paramod\noc_router\ROUTER_X=s2'11\ROUTER_Y=s2'10...
Checking module $paramod\noc_router\ROUTER_X=s2'11\ROUTER_Y=s2'11...
Checking module noc_mesh...
Checking module $paramod\noc_router\ROUTER_X=s2'00\ROUTER_Y=s2'00...
Checking module crossbar_5x5...
Checking module switch_allocator...
Checking module round_robin...
Checking module xy_routing...
Checking module fifo_buffer...
Found and reported 0 problems.

10.6. Executing OPT pass (performing simple optimizations).

10.6.1. Executing OPT_EXPR pass (perform const folding).
Optimizing module $paramod\noc_router\ROUTER_X=s2'00\ROUTER_Y=s2'01.
Optimizing module $paramod\noc_router\ROUTER_X=s2'00\ROUTER_Y=s2'10.
Optimizing module $paramod\noc_router\ROUTER_X=s2'00\ROUTER_Y=s2'11.
Optimizing module $paramod\noc_router\ROUTER_X=s2'01\ROUTER_Y=s2'00.
Optimizing module $paramod\noc_router\ROUTER_X=s2'01\ROUTER_Y=s2'01.
Optimizing module $paramod\noc_router\ROUTER_X=s2'01\ROUTER_Y=s2'10.
Optimizing module $paramod\noc_router\ROUTER_X=s2'01\ROUTER_Y=s2'11.
Optimizing module $paramod\noc_router\ROUTER_X=s2'10\ROUTER_Y=s2'00.
Optimizing module $paramod\noc_router\ROUTER_X=s2'10\ROUTER_Y=s2'01.
Optimizing module $paramod\noc_router\ROUTER_X=s2'10\ROUTER_Y=s2'10.
Optimizing module $paramod\noc_router\ROUTER_X=s2'10\ROUTER_Y=s2'11.
Optimizing module $paramod\noc_router\ROUTER_X=s2'11\ROUTER_Y=s2'00.
Optimizing module $paramod\noc_router\ROUTER_X=s2'11\ROUTER_Y=s2'01.
Optimizing module $paramod\noc_router\ROUTER_X=s2'11\ROUTER_Y=s2'10.
Optimizing module $paramod\noc_router\ROUTER_X=s2'11\ROUTER_Y=s2'11.
Optimizing module noc_mesh.
Optimizing module $paramod\noc_router\ROUTER_X=s2'00\ROUTER_Y=s2'00.
Optimizing module crossbar_5x5.
Optimizing module switch_allocator.
Optimizing module round_robin.
Optimizing module xy_routing.
Optimizing module fifo_buffer.

10.6.2. Executing OPT_MERGE pass (detect identical cells).
Finding identical cells in module `$paramod\noc_router\ROUTER_X=s2'00\ROUTER_Y=s2'01'.
Computing hashes of 96 cells of `$paramod\noc_router\ROUTER_X=s2'00\ROUTER_Y=s2'01'.
Finding duplicate cells in `$paramod\noc_router\ROUTER_X=s2'00\ROUTER_Y=s2'01'.
Computing hashes of 87 cells of `$paramod\noc_router\ROUTER_X=s2'00\ROUTER_Y=s2'01'.
Finding duplicate cells in `$paramod\noc_router\ROUTER_X=s2'00\ROUTER_Y=s2'01'.
Computing hashes of 79 cells of `$paramod\noc_router\ROUTER_X=s2'00\ROUTER_Y=s2'01'.
Finding duplicate cells in `$paramod\noc_router\ROUTER_X=s2'00\ROUTER_Y=s2'01'.
<suppressed ~51 debug messages>
Finding identical cells in module `$paramod\noc_router\ROUTER_X=s2'00\ROUTER_Y=s2'10'.
Computing hashes of 96 cells of `$paramod\noc_router\ROUTER_X=s2'00\ROUTER_Y=s2'10'.
Finding duplicate cells in `$paramod\noc_router\ROUTER_X=s2'00\ROUTER_Y=s2'10'.
Computing hashes of 87 cells of `$paramod\noc_router\ROUTER_X=s2'00\ROUTER_Y=s2'10'.
Finding duplicate cells in `$paramod\noc_router\ROUTER_X=s2'00\ROUTER_Y=s2'10'.
Computing hashes of 79 cells of `$paramod\noc_router\ROUTER_X=s2'00\ROUTER_Y=s2'10'.
Finding duplicate cells in `$paramod\noc_router\ROUTER_X=s2'00\ROUTER_Y=s2'10'.
<suppressed ~51 debug messages>
Finding identical cells in module `$paramod\noc_router\ROUTER_X=s2'00\ROUTER_Y=s2'11'.
Computing hashes of 96 cells of `$paramod\noc_router\ROUTER_X=s2'00\ROUTER_Y=s2'11'.
Finding duplicate cells in `$paramod\noc_router\ROUTER_X=s2'00\ROUTER_Y=s2'11'.
Computing hashes of 87 cells of `$paramod\noc_router\ROUTER_X=s2'00\ROUTER_Y=s2'11'.
Finding duplicate cells in `$paramod\noc_router\ROUTER_X=s2'00\ROUTER_Y=s2'11'.
Computing hashes of 79 cells of `$paramod\noc_router\ROUTER_X=s2'00\ROUTER_Y=s2'11'.
Finding duplicate cells in `$paramod\noc_router\ROUTER_X=s2'00\ROUTER_Y=s2'11'.
<suppressed ~51 debug messages>
Finding identical cells in module `$paramod\noc_router\ROUTER_X=s2'01\ROUTER_Y=s2'00'.
Computing hashes of 96 cells of `$paramod\noc_router\ROUTER_X=s2'01\ROUTER_Y=s2'00'.
Finding duplicate cells in `$paramod\noc_router\ROUTER_X=s2'01\ROUTER_Y=s2'00'.
Computing hashes of 87 cells of `$paramod\noc_router\ROUTER_X=s2'01\ROUTER_Y=s2'00'.
Finding duplicate cells in `$paramod\noc_router\ROUTER_X=s2'01\ROUTER_Y=s2'00'.
Computing hashes of 79 cells of `$paramod\noc_router\ROUTER_X=s2'01\ROUTER_Y=s2'00'.
Finding duplicate cells in `$paramod\noc_router\ROUTER_X=s2'01\ROUTER_Y=s2'00'.
<suppressed ~51 debug messages>
Finding identical cells in module `$paramod\noc_router\ROUTER_X=s2'01\ROUTER_Y=s2'01'.
Computing hashes of 96 cells of `$paramod\noc_router\ROUTER_X=s2'01\ROUTER_Y=s2'01'.
Finding duplicate cells in `$paramod\noc_router\ROUTER_X=s2'01\ROUTER_Y=s2'01'.
Computing hashes of 87 cells of `$paramod\noc_router\ROUTER_X=s2'01\ROUTER_Y=s2'01'.
Finding duplicate cells in `$paramod\noc_router\ROUTER_X=s2'01\ROUTER_Y=s2'01'.
Computing hashes of 79 cells of `$paramod\noc_router\ROUTER_X=s2'01\ROUTER_Y=s2'01'.
Finding duplicate cells in `$paramod\noc_router\ROUTER_X=s2'01\ROUTER_Y=s2'01'.
<suppressed ~51 debug messages>
Finding identical cells in module `$paramod\noc_router\ROUTER_X=s2'01\ROUTER_Y=s2'10'.
Computing hashes of 96 cells of `$paramod\noc_router\ROUTER_X=s2'01\ROUTER_Y=s2'10'.
Finding duplicate cells in `$paramod\noc_router\ROUTER_X=s2'01\ROUTER_Y=s2'10'.
Computing hashes of 87 cells of `$paramod\noc_router\ROUTER_X=s2'01\ROUTER_Y=s2'10'.
Finding duplicate cells in `$paramod\noc_router\ROUTER_X=s2'01\ROUTER_Y=s2'10'.
Computing hashes of 79 cells of `$paramod\noc_router\ROUTER_X=s2'01\ROUTER_Y=s2'10'.
Finding duplicate cells in `$paramod\noc_router\ROUTER_X=s2'01\ROUTER_Y=s2'10'.
<suppressed ~51 debug messages>
Finding identical cells in module `$paramod\noc_router\ROUTER_X=s2'01\ROUTER_Y=s2'11'.
Computing hashes of 96 cells of `$paramod\noc_router\ROUTER_X=s2'01\ROUTER_Y=s2'11'.
Finding duplicate cells in `$paramod\noc_router\ROUTER_X=s2'01\ROUTER_Y=s2'11'.
Computing hashes of 87 cells of `$paramod\noc_router\ROUTER_X=s2'01\ROUTER_Y=s2'11'.
Finding duplicate cells in `$paramod\noc_router\ROUTER_X=s2'01\ROUTER_Y=s2'11'.
Computing hashes of 79 cells of `$paramod\noc_router\ROUTER_X=s2'01\ROUTER_Y=s2'11'.
Finding duplicate cells in `$paramod\noc_router\ROUTER_X=s2'01\ROUTER_Y=s2'11'.
<suppressed ~51 debug messages>
Finding identical cells in module `$paramod\noc_router\ROUTER_X=s2'10\ROUTER_Y=s2'00'.
Computing hashes of 96 cells of `$paramod\noc_router\ROUTER_X=s2'10\ROUTER_Y=s2'00'.
Finding duplicate cells in `$paramod\noc_router\ROUTER_X=s2'10\ROUTER_Y=s2'00'.
Computing hashes of 87 cells of `$paramod\noc_router\ROUTER_X=s2'10\ROUTER_Y=s2'00'.
Finding duplicate cells in `$paramod\noc_router\ROUTER_X=s2'10\ROUTER_Y=s2'00'.
Computing hashes of 79 cells of `$paramod\noc_router\ROUTER_X=s2'10\ROUTER_Y=s2'00'.
Finding duplicate cells in `$paramod\noc_router\ROUTER_X=s2'10\ROUTER_Y=s2'00'.
<suppressed ~51 debug messages>
Finding identical cells in module `$paramod\noc_router\ROUTER_X=s2'10\ROUTER_Y=s2'01'.
Computing hashes of 96 cells of `$paramod\noc_router\ROUTER_X=s2'10\ROUTER_Y=s2'01'.
Finding duplicate cells in `$paramod\noc_router\ROUTER_X=s2'10\ROUTER_Y=s2'01'.
Computing hashes of 87 cells of `$paramod\noc_router\ROUTER_X=s2'10\ROUTER_Y=s2'01'.
Finding duplicate cells in `$paramod\noc_router\ROUTER_X=s2'10\ROUTER_Y=s2'01'.
Computing hashes of 79 cells of `$paramod\noc_router\ROUTER_X=s2'10\ROUTER_Y=s2'01'.
Finding duplicate cells in `$paramod\noc_router\ROUTER_X=s2'10\ROUTER_Y=s2'01'.
<suppressed ~51 debug messages>
Finding identical cells in module `$paramod\noc_router\ROUTER_X=s2'10\ROUTER_Y=s2'10'.
Computing hashes of 96 cells of `$paramod\noc_router\ROUTER_X=s2'10\ROUTER_Y=s2'10'.
Finding duplicate cells in `$paramod\noc_router\ROUTER_X=s2'10\ROUTER_Y=s2'10'.
Computing hashes of 87 cells of `$paramod\noc_router\ROUTER_X=s2'10\ROUTER_Y=s2'10'.
Finding duplicate cells in `$paramod\noc_router\ROUTER_X=s2'10\ROUTER_Y=s2'10'.
Computing hashes of 79 cells of `$paramod\noc_router\ROUTER_X=s2'10\ROUTER_Y=s2'10'.
Finding duplicate cells in `$paramod\noc_router\ROUTER_X=s2'10\ROUTER_Y=s2'10'.
<suppressed ~51 debug messages>
Finding identical cells in module `$paramod\noc_router\ROUTER_X=s2'10\ROUTER_Y=s2'11'.
Computing hashes of 96 cells of `$paramod\noc_router\ROUTER_X=s2'10\ROUTER_Y=s2'11'.
Finding duplicate cells in `$paramod\noc_router\ROUTER_X=s2'10\ROUTER_Y=s2'11'.
Computing hashes of 87 cells of `$paramod\noc_router\ROUTER_X=s2'10\ROUTER_Y=s2'11'.
Finding duplicate cells in `$paramod\noc_router\ROUTER_X=s2'10\ROUTER_Y=s2'11'.
Computing hashes of 79 cells of `$paramod\noc_router\ROUTER_X=s2'10\ROUTER_Y=s2'11'.
Finding duplicate cells in `$paramod\noc_router\ROUTER_X=s2'10\ROUTER_Y=s2'11'.
<suppressed ~51 debug messages>
Finding identical cells in module `$paramod\noc_router\ROUTER_X=s2'11\ROUTER_Y=s2'00'.
Computing hashes of 96 cells of `$paramod\noc_router\ROUTER_X=s2'11\ROUTER_Y=s2'00'.
Finding duplicate cells in `$paramod\noc_router\ROUTER_X=s2'11\ROUTER_Y=s2'00'.
Computing hashes of 87 cells of `$paramod\noc_router\ROUTER_X=s2'11\ROUTER_Y=s2'00'.
Finding duplicate cells in `$paramod\noc_router\ROUTER_X=s2'11\ROUTER_Y=s2'00'.
Computing hashes of 79 cells of `$paramod\noc_router\ROUTER_X=s2'11\ROUTER_Y=s2'00'.
Finding duplicate cells in `$paramod\noc_router\ROUTER_X=s2'11\ROUTER_Y=s2'00'.
<suppressed ~51 debug messages>
Finding identical cells in module `$paramod\noc_router\ROUTER_X=s2'11\ROUTER_Y=s2'01'.
Computing hashes of 96 cells of `$paramod\noc_router\ROUTER_X=s2'11\ROUTER_Y=s2'01'.
Finding duplicate cells in `$paramod\noc_router\ROUTER_X=s2'11\ROUTER_Y=s2'01'.
Computing hashes of 87 cells of `$paramod\noc_router\ROUTER_X=s2'11\ROUTER_Y=s2'01'.
Finding duplicate cells in `$paramod\noc_router\ROUTER_X=s2'11\ROUTER_Y=s2'01'.
Computing hashes of 79 cells of `$paramod\noc_router\ROUTER_X=s2'11\ROUTER_Y=s2'01'.
Finding duplicate cells in `$paramod\noc_router\ROUTER_X=s2'11\ROUTER_Y=s2'01'.
<suppressed ~51 debug messages>
Finding identical cells in module `$paramod\noc_router\ROUTER_X=s2'11\ROUTER_Y=s2'10'.
Computing hashes of 96 cells of `$paramod\noc_router\ROUTER_X=s2'11\ROUTER_Y=s2'10'.
Finding duplicate cells in `$paramod\noc_router\ROUTER_X=s2'11\ROUTER_Y=s2'10'.
Computing hashes of 87 cells of `$paramod\noc_router\ROUTER_X=s2'11\ROUTER_Y=s2'10'.
Finding duplicate cells in `$paramod\noc_router\ROUTER_X=s2'11\ROUTER_Y=s2'10'.
Computing hashes of 79 cells of `$paramod\noc_router\ROUTER_X=s2'11\ROUTER_Y=s2'10'.
Finding duplicate cells in `$paramod\noc_router\ROUTER_X=s2'11\ROUTER_Y=s2'10'.
<suppressed ~51 debug messages>
Finding identical cells in module `$paramod\noc_router\ROUTER_X=s2'11\ROUTER_Y=s2'11'.
Computing hashes of 96 cells of `$paramod\noc_router\ROUTER_X=s2'11\ROUTER_Y=s2'11'.
Finding duplicate cells in `$paramod\noc_router\ROUTER_X=s2'11\ROUTER_Y=s2'11'.
Computing hashes of 87 cells of `$paramod\noc_router\ROUTER_X=s2'11\ROUTER_Y=s2'11'.
Finding duplicate cells in `$paramod\noc_router\ROUTER_X=s2'11\ROUTER_Y=s2'11'.
Computing hashes of 79 cells of `$paramod\noc_router\ROUTER_X=s2'11\ROUTER_Y=s2'11'.
Finding duplicate cells in `$paramod\noc_router\ROUTER_X=s2'11\ROUTER_Y=s2'11'.
<suppressed ~51 debug messages>
Finding identical cells in module `\noc_mesh'.
Computing hashes of 16 cells of `\noc_mesh'.
Finding duplicate cells in `\noc_mesh'.
Finding identical cells in module `$paramod\noc_router\ROUTER_X=s2'00\ROUTER_Y=s2'00'.
Computing hashes of 96 cells of `$paramod\noc_router\ROUTER_X=s2'00\ROUTER_Y=s2'00'.
Finding duplicate cells in `$paramod\noc_router\ROUTER_X=s2'00\ROUTER_Y=s2'00'.
Computing hashes of 87 cells of `$paramod\noc_router\ROUTER_X=s2'00\ROUTER_Y=s2'00'.
Finding duplicate cells in `$paramod\noc_router\ROUTER_X=s2'00\ROUTER_Y=s2'00'.
Computing hashes of 79 cells of `$paramod\noc_router\ROUTER_X=s2'00\ROUTER_Y=s2'00'.
Finding duplicate cells in `$paramod\noc_router\ROUTER_X=s2'00\ROUTER_Y=s2'00'.
<suppressed ~51 debug messages>
Finding identical cells in module `\crossbar_5x5'.
Computing hashes of 25 cells of `\crossbar_5x5'.
Finding duplicate cells in `\crossbar_5x5'.
Finding identical cells in module `\switch_allocator'.
Computing hashes of 5 cells of `\switch_allocator'.
Finding duplicate cells in `\switch_allocator'.
Finding identical cells in module `\round_robin'.
Computing hashes of 94 cells of `\round_robin'.
Finding duplicate cells in `\round_robin'.
Computing hashes of 89 cells of `\round_robin'.
Finding duplicate cells in `\round_robin'.
Computing hashes of 85 cells of `\round_robin'.
Finding duplicate cells in `\round_robin'.
<suppressed ~27 debug messages>
Finding identical cells in module `\xy_routing'.
Computing hashes of 14 cells of `\xy_routing'.
Finding duplicate cells in `\xy_routing'.
Finding identical cells in module `\fifo_buffer'.
Computing hashes of 47 cells of `\fifo_buffer'.
Finding duplicate cells in `\fifo_buffer'.
Computing hashes of 45 cells of `\fifo_buffer'.
Finding duplicate cells in `\fifo_buffer'.
Computing hashes of 43 cells of `\fifo_buffer'.
Finding duplicate cells in `\fifo_buffer'.
<suppressed ~12 debug messages>
Removed a total of 285 cells.

10.6.3. Executing OPT_MUXTREE pass (detect dead branches in mux trees).
Running muxtree optimizer on module $paramod\noc_router\ROUTER_X=s2'00\ROUTER_Y=s2'01..
  Creating internal representation of mux trees.
  Evaluating internal representation of mux trees.
  Analyzing evaluation results.
Running muxtree optimizer on module $paramod\noc_router\ROUTER_X=s2'00\ROUTER_Y=s2'10..
  Creating internal representation of mux trees.
  Evaluating internal representation of mux trees.
  Analyzing evaluation results.
Running muxtree optimizer on module $paramod\noc_router\ROUTER_X=s2'00\ROUTER_Y=s2'11..
  Creating internal representation of mux trees.
  Evaluating internal representation of mux trees.
  Analyzing evaluation results.
Running muxtree optimizer on module $paramod\noc_router\ROUTER_X=s2'01\ROUTER_Y=s2'00..
  Creating internal representation of mux trees.
  Evaluating internal representation of mux trees.
  Analyzing evaluation results.
Running muxtree optimizer on module $paramod\noc_router\ROUTER_X=s2'01\ROUTER_Y=s2'01..
  Creating internal representation of mux trees.
  Evaluating internal representation of mux trees.
  Analyzing evaluation results.
Running muxtree optimizer on module $paramod\noc_router\ROUTER_X=s2'01\ROUTER_Y=s2'10..
  Creating internal representation of mux trees.
  Evaluating internal representation of mux trees.
  Analyzing evaluation results.
Running muxtree optimizer on module $paramod\noc_router\ROUTER_X=s2'01\ROUTER_Y=s2'11..
  Creating internal representation of mux trees.
  Evaluating internal representation of mux trees.
  Analyzing evaluation results.
Running muxtree optimizer on module $paramod\noc_router\ROUTER_X=s2'10\ROUTER_Y=s2'00..
  Creating internal representation of mux trees.
  Evaluating internal representation of mux trees.
  Analyzing evaluation results.
Running muxtree optimizer on module $paramod\noc_router\ROUTER_X=s2'10\ROUTER_Y=s2'01..
  Creating internal representation of mux trees.
  Evaluating internal representation of mux trees.
  Analyzing evaluation results.
Running muxtree optimizer on module $paramod\noc_router\ROUTER_X=s2'10\ROUTER_Y=s2'10..
  Creating internal representation of mux trees.
  Evaluating internal representation of mux trees.
  Analyzing evaluation results.
Running muxtree optimizer on module $paramod\noc_router\ROUTER_X=s2'10\ROUTER_Y=s2'11..
  Creating internal representation of mux trees.
  Evaluating internal representation of mux trees.
  Analyzing evaluation results.
Running muxtree optimizer on module $paramod\noc_router\ROUTER_X=s2'11\ROUTER_Y=s2'00..
  Creating internal representation of mux trees.
  Evaluating internal representation of mux trees.
  Analyzing evaluation results.
Running muxtree optimizer on module $paramod\noc_router\ROUTER_X=s2'11\ROUTER_Y=s2'01..
  Creating internal representation of mux trees.
  Evaluating internal representation of mux trees.
  Analyzing evaluation results.
Running muxtree optimizer on module $paramod\noc_router\ROUTER_X=s2'11\ROUTER_Y=s2'10..
  Creating internal representation of mux trees.
  Evaluating internal representation of mux trees.
  Analyzing evaluation results.
Running muxtree optimizer on module $paramod\noc_router\ROUTER_X=s2'11\ROUTER_Y=s2'11..
  Creating internal representation of mux trees.
  Evaluating internal representation of mux trees.
  Analyzing evaluation results.
Running muxtree optimizer on module \noc_mesh..
  Creating internal representation of mux trees.
  No muxes found in this module.
Running muxtree optimizer on module $paramod\noc_router\ROUTER_X=s2'00\ROUTER_Y=s2'00..
  Creating internal representation of mux trees.
  Evaluating internal representation of mux trees.
  Analyzing evaluation results.
Running muxtree optimizer on module \crossbar_5x5..
  Creating internal representation of mux trees.
  Evaluating internal representation of mux trees.
  Analyzing evaluation results.
Running muxtree optimizer on module \switch_allocator..
  Creating internal representation of mux trees.
  No muxes found in this module.
Running muxtree optimizer on module \round_robin..
  Creating internal representation of mux trees.
  Evaluating internal representation of mux trees.
  Analyzing evaluation results.
    dead port 1/2 on $mux $procmux$2873.
Running muxtree optimizer on module \xy_routing..
  Creating internal representation of mux trees.
  Evaluating internal representation of mux trees.
  Analyzing evaluation results.
    dead port 1/2 on $mux $procmux$3008.
    dead port 1/2 on $mux $procmux$3002.
    dead port 1/2 on $mux $procmux$2999.
    dead port 1/2 on $mux $procmux$2993.
    dead port 1/2 on $mux $procmux$2990.
    dead port 1/2 on $mux $procmux$2987.
Running muxtree optimizer on module \fifo_buffer..
  Creating internal representation of mux trees.
  Evaluating internal representation of mux trees.
  Analyzing evaluation results.
Removed 7 multiplexer ports.
<suppressed ~429 debug messages>

10.6.4. Executing OPT_REDUCE pass (consolidate $*mux and $reduce_* inputs).
  Optimizing cells in module $paramod\noc_router\ROUTER_X=s2'00\ROUTER_Y=s2'01.
  Optimizing cells in module $paramod\noc_router\ROUTER_X=s2'00\ROUTER_Y=s2'10.
  Optimizing cells in module $paramod\noc_router\ROUTER_X=s2'00\ROUTER_Y=s2'11.
  Optimizing cells in module $paramod\noc_router\ROUTER_X=s2'01\ROUTER_Y=s2'00.
  Optimizing cells in module $paramod\noc_router\ROUTER_X=s2'01\ROUTER_Y=s2'01.
  Optimizing cells in module $paramod\noc_router\ROUTER_X=s2'01\ROUTER_Y=s2'10.
  Optimizing cells in module $paramod\noc_router\ROUTER_X=s2'01\ROUTER_Y=s2'11.
  Optimizing cells in module $paramod\noc_router\ROUTER_X=s2'10\ROUTER_Y=s2'00.
  Optimizing cells in module $paramod\noc_router\ROUTER_X=s2'10\ROUTER_Y=s2'01.
  Optimizing cells in module $paramod\noc_router\ROUTER_X=s2'10\ROUTER_Y=s2'10.
  Optimizing cells in module $paramod\noc_router\ROUTER_X=s2'10\ROUTER_Y=s2'11.
  Optimizing cells in module $paramod\noc_router\ROUTER_X=s2'11\ROUTER_Y=s2'00.
  Optimizing cells in module $paramod\noc_router\ROUTER_X=s2'11\ROUTER_Y=s2'01.
  Optimizing cells in module $paramod\noc_router\ROUTER_X=s2'11\ROUTER_Y=s2'10.
  Optimizing cells in module $paramod\noc_router\ROUTER_X=s2'11\ROUTER_Y=s2'11.
  Optimizing cells in module \noc_mesh.
  Optimizing cells in module $paramod\noc_router\ROUTER_X=s2'00\ROUTER_Y=s2'00.
  Optimizing cells in module \crossbar_5x5.
  Optimizing cells in module \switch_allocator.
  Optimizing cells in module \round_robin.
  Optimizing cells in module \xy_routing.
  Optimizing cells in module \fifo_buffer.
Performed a total of 0 changes.

10.6.5. Executing OPT_MERGE pass (detect identical cells).
Finding identical cells in module `$paramod\noc_router\ROUTER_X=s2'00\ROUTER_Y=s2'01'.
Computing hashes of 79 cells of `$paramod\noc_router\ROUTER_X=s2'00\ROUTER_Y=s2'01'.
Finding duplicate cells in `$paramod\noc_router\ROUTER_X=s2'00\ROUTER_Y=s2'01'.
Finding identical cells in module `$paramod\noc_router\ROUTER_X=s2'00\ROUTER_Y=s2'10'.
Computing hashes of 79 cells of `$paramod\noc_router\ROUTER_X=s2'00\ROUTER_Y=s2'10'.
Finding duplicate cells in `$paramod\noc_router\ROUTER_X=s2'00\ROUTER_Y=s2'10'.
Finding identical cells in module `$paramod\noc_router\ROUTER_X=s2'00\ROUTER_Y=s2'11'.
Computing hashes of 79 cells of `$paramod\noc_router\ROUTER_X=s2'00\ROUTER_Y=s2'11'.
Finding duplicate cells in `$paramod\noc_router\ROUTER_X=s2'00\ROUTER_Y=s2'11'.
Finding identical cells in module `$paramod\noc_router\ROUTER_X=s2'01\ROUTER_Y=s2'00'.
Computing hashes of 79 cells of `$paramod\noc_router\ROUTER_X=s2'01\ROUTER_Y=s2'00'.
Finding duplicate cells in `$paramod\noc_router\ROUTER_X=s2'01\ROUTER_Y=s2'00'.
Finding identical cells in module `$paramod\noc_router\ROUTER_X=s2'01\ROUTER_Y=s2'01'.
Computing hashes of 79 cells of `$paramod\noc_router\ROUTER_X=s2'01\ROUTER_Y=s2'01'.
Finding duplicate cells in `$paramod\noc_router\ROUTER_X=s2'01\ROUTER_Y=s2'01'.
Finding identical cells in module `$paramod\noc_router\ROUTER_X=s2'01\ROUTER_Y=s2'10'.
Computing hashes of 79 cells of `$paramod\noc_router\ROUTER_X=s2'01\ROUTER_Y=s2'10'.
Finding duplicate cells in `$paramod\noc_router\ROUTER_X=s2'01\ROUTER_Y=s2'10'.
Finding identical cells in module `$paramod\noc_router\ROUTER_X=s2'01\ROUTER_Y=s2'11'.
Computing hashes of 79 cells of `$paramod\noc_router\ROUTER_X=s2'01\ROUTER_Y=s2'11'.
Finding duplicate cells in `$paramod\noc_router\ROUTER_X=s2'01\ROUTER_Y=s2'11'.
Finding identical cells in module `$paramod\noc_router\ROUTER_X=s2'10\ROUTER_Y=s2'00'.
Computing hashes of 79 cells of `$paramod\noc_router\ROUTER_X=s2'10\ROUTER_Y=s2'00'.
Finding duplicate cells in `$paramod\noc_router\ROUTER_X=s2'10\ROUTER_Y=s2'00'.
Finding identical cells in module `$paramod\noc_router\ROUTER_X=s2'10\ROUTER_Y=s2'01'.
Computing hashes of 79 cells of `$paramod\noc_router\ROUTER_X=s2'10\ROUTER_Y=s2'01'.
Finding duplicate cells in `$paramod\noc_router\ROUTER_X=s2'10\ROUTER_Y=s2'01'.
Finding identical cells in module `$paramod\noc_router\ROUTER_X=s2'10\ROUTER_Y=s2'10'.
Computing hashes of 79 cells of `$paramod\noc_router\ROUTER_X=s2'10\ROUTER_Y=s2'10'.
Finding duplicate cells in `$paramod\noc_router\ROUTER_X=s2'10\ROUTER_Y=s2'10'.
Finding identical cells in module `$paramod\noc_router\ROUTER_X=s2'10\ROUTER_Y=s2'11'.
Computing hashes of 79 cells of `$paramod\noc_router\ROUTER_X=s2'10\ROUTER_Y=s2'11'.
Finding duplicate cells in `$paramod\noc_router\ROUTER_X=s2'10\ROUTER_Y=s2'11'.
Finding identical cells in module `$paramod\noc_router\ROUTER_X=s2'11\ROUTER_Y=s2'00'.
Computing hashes of 79 cells of `$paramod\noc_router\ROUTER_X=s2'11\ROUTER_Y=s2'00'.
Finding duplicate cells in `$paramod\noc_router\ROUTER_X=s2'11\ROUTER_Y=s2'00'.
Finding identical cells in module `$paramod\noc_router\ROUTER_X=s2'11\ROUTER_Y=s2'01'.
Computing hashes of 79 cells of `$paramod\noc_router\ROUTER_X=s2'11\ROUTER_Y=s2'01'.
Finding duplicate cells in `$paramod\noc_router\ROUTER_X=s2'11\ROUTER_Y=s2'01'.
Finding identical cells in module `$paramod\noc_router\ROUTER_X=s2'11\ROUTER_Y=s2'10'.
Computing hashes of 79 cells of `$paramod\noc_router\ROUTER_X=s2'11\ROUTER_Y=s2'10'.
Finding duplicate cells in `$paramod\noc_router\ROUTER_X=s2'11\ROUTER_Y=s2'10'.
Finding identical cells in module `$paramod\noc_router\ROUTER_X=s2'11\ROUTER_Y=s2'11'.
Computing hashes of 79 cells of `$paramod\noc_router\ROUTER_X=s2'11\ROUTER_Y=s2'11'.
Finding duplicate cells in `$paramod\noc_router\ROUTER_X=s2'11\ROUTER_Y=s2'11'.
Finding identical cells in module `\noc_mesh'.
Computing hashes of 16 cells of `\noc_mesh'.
Finding duplicate cells in `\noc_mesh'.
Finding identical cells in module `$paramod\noc_router\ROUTER_X=s2'00\ROUTER_Y=s2'00'.
Computing hashes of 79 cells of `$paramod\noc_router\ROUTER_X=s2'00\ROUTER_Y=s2'00'.
Finding duplicate cells in `$paramod\noc_router\ROUTER_X=s2'00\ROUTER_Y=s2'00'.
Finding identical cells in module `\crossbar_5x5'.
Computing hashes of 25 cells of `\crossbar_5x5'.
Finding duplicate cells in `\crossbar_5x5'.
Finding identical cells in module `\switch_allocator'.
Computing hashes of 5 cells of `\switch_allocator'.
Finding duplicate cells in `\switch_allocator'.
Finding identical cells in module `\round_robin'.
Computing hashes of 84 cells of `\round_robin'.
Finding duplicate cells in `\round_robin'.
Finding identical cells in module `\xy_routing'.
Computing hashes of 8 cells of `\xy_routing'.
Finding duplicate cells in `\xy_routing'.
Finding identical cells in module `\fifo_buffer'.
Computing hashes of 43 cells of `\fifo_buffer'.
Finding duplicate cells in `\fifo_buffer'.
Removed a total of 0 cells.

10.6.6. Executing OPT_DFF pass (perform DFF optimizations).

10.6.7. Executing OPT_CLEAN pass (remove unused cells and wires).
Finding unused cells or wires in module $paramod\noc_router\ROUTER_X=s2'00\ROUTER_Y=s2'01..
Finding unused cells or wires in module $paramod\noc_router\ROUTER_X=s2'00\ROUTER_Y=s2'10..
Finding unused cells or wires in module $paramod\noc_router\ROUTER_X=s2'00\ROUTER_Y=s2'11..
Finding unused cells or wires in module $paramod\noc_router\ROUTER_X=s2'01\ROUTER_Y=s2'00..
Finding unused cells or wires in module $paramod\noc_router\ROUTER_X=s2'01\ROUTER_Y=s2'01..
Finding unused cells or wires in module $paramod\noc_router\ROUTER_X=s2'01\ROUTER_Y=s2'10..
Finding unused cells or wires in module $paramod\noc_router\ROUTER_X=s2'01\ROUTER_Y=s2'11..
Finding unused cells or wires in module $paramod\noc_router\ROUTER_X=s2'10\ROUTER_Y=s2'00..
Finding unused cells or wires in module $paramod\noc_router\ROUTER_X=s2'10\ROUTER_Y=s2'01..
Finding unused cells or wires in module $paramod\noc_router\ROUTER_X=s2'10\ROUTER_Y=s2'10..
Finding unused cells or wires in module $paramod\noc_router\ROUTER_X=s2'10\ROUTER_Y=s2'11..
Finding unused cells or wires in module $paramod\noc_router\ROUTER_X=s2'11\ROUTER_Y=s2'00..
Finding unused cells or wires in module $paramod\noc_router\ROUTER_X=s2'11\ROUTER_Y=s2'01..
Finding unused cells or wires in module $paramod\noc_router\ROUTER_X=s2'11\ROUTER_Y=s2'10..
Finding unused cells or wires in module $paramod\noc_router\ROUTER_X=s2'11\ROUTER_Y=s2'11..
Finding unused cells or wires in module \noc_mesh..
Finding unused cells or wires in module $paramod\noc_router\ROUTER_X=s2'00\ROUTER_Y=s2'00..
Finding unused cells or wires in module \crossbar_5x5..
Finding unused cells or wires in module \switch_allocator..
Finding unused cells or wires in module \round_robin..
Finding unused cells or wires in module \xy_routing..
Finding unused cells or wires in module \fifo_buffer..
Removed 0 unused cells and 292 unused wires.
<suppressed ~19 debug messages>

10.6.8. Executing OPT_EXPR pass (perform const folding).
Optimizing module $paramod\noc_router\ROUTER_X=s2'00\ROUTER_Y=s2'01.
Optimizing module $paramod\noc_router\ROUTER_X=s2'00\ROUTER_Y=s2'10.
Optimizing module $paramod\noc_router\ROUTER_X=s2'00\ROUTER_Y=s2'11.
Optimizing module $paramod\noc_router\ROUTER_X=s2'01\ROUTER_Y=s2'00.
Optimizing module $paramod\noc_router\ROUTER_X=s2'01\ROUTER_Y=s2'01.
Optimizing module $paramod\noc_router\ROUTER_X=s2'01\ROUTER_Y=s2'10.
Optimizing module $paramod\noc_router\ROUTER_X=s2'01\ROUTER_Y=s2'11.
Optimizing module $paramod\noc_router\ROUTER_X=s2'10\ROUTER_Y=s2'00.
Optimizing module $paramod\noc_router\ROUTER_X=s2'10\ROUTER_Y=s2'01.
Optimizing module $paramod\noc_router\ROUTER_X=s2'10\ROUTER_Y=s2'10.
Optimizing module $paramod\noc_router\ROUTER_X=s2'10\ROUTER_Y=s2'11.
Optimizing module $paramod\noc_router\ROUTER_X=s2'11\ROUTER_Y=s2'00.
Optimizing module $paramod\noc_router\ROUTER_X=s2'11\ROUTER_Y=s2'01.
Optimizing module $paramod\noc_router\ROUTER_X=s2'11\ROUTER_Y=s2'10.
Optimizing module $paramod\noc_router\ROUTER_X=s2'11\ROUTER_Y=s2'11.
Optimizing module noc_mesh.
Optimizing module $paramod\noc_router\ROUTER_X=s2'00\ROUTER_Y=s2'00.
Optimizing module crossbar_5x5.
Optimizing module switch_allocator.
Optimizing module round_robin.
Optimizing module xy_routing.
Optimizing module fifo_buffer.

10.6.9. Rerunning OPT passes. (Maybe there is more to do..)

10.6.10. Executing OPT_MUXTREE pass (detect dead branches in mux trees).
Running muxtree optimizer on module $paramod\noc_router\ROUTER_X=s2'00\ROUTER_Y=s2'01..
  Creating internal representation of mux trees.
  Evaluating internal representation of mux trees.
  Analyzing evaluation results.
Running muxtree optimizer on module $paramod\noc_router\ROUTER_X=s2'00\ROUTER_Y=s2'10..
  Creating internal representation of mux trees.
  Evaluating internal representation of mux trees.
  Analyzing evaluation results.
Running muxtree optimizer on module $paramod\noc_router\ROUTER_X=s2'00\ROUTER_Y=s2'11..
  Creating internal representation of mux trees.
  Evaluating internal representation of mux trees.
  Analyzing evaluation results.
Running muxtree optimizer on module $paramod\noc_router\ROUTER_X=s2'01\ROUTER_Y=s2'00..
  Creating internal representation of mux trees.
  Evaluating internal representation of mux trees.
  Analyzing evaluation results.
Running muxtree optimizer on module $paramod\noc_router\ROUTER_X=s2'01\ROUTER_Y=s2'01..
  Creating internal representation of mux trees.
  Evaluating internal representation of mux trees.
  Analyzing evaluation results.
Running muxtree optimizer on module $paramod\noc_router\ROUTER_X=s2'01\ROUTER_Y=s2'10..
  Creating internal representation of mux trees.
  Evaluating internal representation of mux trees.
  Analyzing evaluation results.
Running muxtree optimizer on module $paramod\noc_router\ROUTER_X=s2'01\ROUTER_Y=s2'11..
  Creating internal representation of mux trees.
  Evaluating internal representation of mux trees.
  Analyzing evaluation results.
Running muxtree optimizer on module $paramod\noc_router\ROUTER_X=s2'10\ROUTER_Y=s2'00..
  Creating internal representation of mux trees.
  Evaluating internal representation of mux trees.
  Analyzing evaluation results.
Running muxtree optimizer on module $paramod\noc_router\ROUTER_X=s2'10\ROUTER_Y=s2'01..
  Creating internal representation of mux trees.
  Evaluating internal representation of mux trees.
  Analyzing evaluation results.
Running muxtree optimizer on module $paramod\noc_router\ROUTER_X=s2'10\ROUTER_Y=s2'10..
  Creating internal representation of mux trees.
  Evaluating internal representation of mux trees.
  Analyzing evaluation results.
Running muxtree optimizer on module $paramod\noc_router\ROUTER_X=s2'10\ROUTER_Y=s2'11..
  Creating internal representation of mux trees.
  Evaluating internal representation of mux trees.
  Analyzing evaluation results.
Running muxtree optimizer on module $paramod\noc_router\ROUTER_X=s2'11\ROUTER_Y=s2'00..
  Creating internal representation of mux trees.
  Evaluating internal representation of mux trees.
  Analyzing evaluation results.
Running muxtree optimizer on module $paramod\noc_router\ROUTER_X=s2'11\ROUTER_Y=s2'01..
  Creating internal representation of mux trees.
  Evaluating internal representation of mux trees.
  Analyzing evaluation results.
Running muxtree optimizer on module $paramod\noc_router\ROUTER_X=s2'11\ROUTER_Y=s2'10..
  Creating internal representation of mux trees.
  Evaluating internal representation of mux trees.
  Analyzing evaluation results.
Running muxtree optimizer on module $paramod\noc_router\ROUTER_X=s2'11\ROUTER_Y=s2'11..
  Creating internal representation of mux trees.
  Evaluating internal representation of mux trees.
  Analyzing evaluation results.
Running muxtree optimizer on module \noc_mesh..
  Creating internal representation of mux trees.
  No muxes found in this module.
Running muxtree optimizer on module $paramod\noc_router\ROUTER_X=s2'00\ROUTER_Y=s2'00..
  Creating internal representation of mux trees.
  Evaluating internal representation of mux trees.
  Analyzing evaluation results.
Running muxtree optimizer on module \crossbar_5x5..
  Creating internal representation of mux trees.
  Evaluating internal representation of mux trees.
  Analyzing evaluation results.
Running muxtree optimizer on module \switch_allocator..
  Creating internal representation of mux trees.
  No muxes found in this module.
Running muxtree optimizer on module \round_robin..
  Creating internal representation of mux trees.
  Evaluating internal representation of mux trees.
  Analyzing evaluation results.
Running muxtree optimizer on module \xy_routing..
  Creating internal representation of mux trees.
  Evaluating internal representation of mux trees.
  Analyzing evaluation results.
Running muxtree optimizer on module \fifo_buffer..
  Creating internal representation of mux trees.
  Evaluating internal representation of mux trees.
  Analyzing evaluation results.
Removed 0 multiplexer ports.
<suppressed ~422 debug messages>

10.6.11. Executing OPT_REDUCE pass (consolidate $*mux and $reduce_* inputs).
  Optimizing cells in module $paramod\noc_router\ROUTER_X=s2'00\ROUTER_Y=s2'01.
  Optimizing cells in module $paramod\noc_router\ROUTER_X=s2'00\ROUTER_Y=s2'10.
  Optimizing cells in module $paramod\noc_router\ROUTER_X=s2'00\ROUTER_Y=s2'11.
  Optimizing cells in module $paramod\noc_router\ROUTER_X=s2'01\ROUTER_Y=s2'00.
  Optimizing cells in module $paramod\noc_router\ROUTER_X=s2'01\ROUTER_Y=s2'01.
  Optimizing cells in module $paramod\noc_router\ROUTER_X=s2'01\ROUTER_Y=s2'10.
  Optimizing cells in module $paramod\noc_router\ROUTER_X=s2'01\ROUTER_Y=s2'11.
  Optimizing cells in module $paramod\noc_router\ROUTER_X=s2'10\ROUTER_Y=s2'00.
  Optimizing cells in module $paramod\noc_router\ROUTER_X=s2'10\ROUTER_Y=s2'01.
  Optimizing cells in module $paramod\noc_router\ROUTER_X=s2'10\ROUTER_Y=s2'10.
  Optimizing cells in module $paramod\noc_router\ROUTER_X=s2'10\ROUTER_Y=s2'11.
  Optimizing cells in module $paramod\noc_router\ROUTER_X=s2'11\ROUTER_Y=s2'00.
  Optimizing cells in module $paramod\noc_router\ROUTER_X=s2'11\ROUTER_Y=s2'01.
  Optimizing cells in module $paramod\noc_router\ROUTER_X=s2'11\ROUTER_Y=s2'10.
  Optimizing cells in module $paramod\noc_router\ROUTER_X=s2'11\ROUTER_Y=s2'11.
  Optimizing cells in module \noc_mesh.
  Optimizing cells in module $paramod\noc_router\ROUTER_X=s2'00\ROUTER_Y=s2'00.
  Optimizing cells in module \crossbar_5x5.
  Optimizing cells in module \switch_allocator.
  Optimizing cells in module \round_robin.
  Optimizing cells in module \xy_routing.
  Optimizing cells in module \fifo_buffer.
Performed a total of 0 changes.

10.6.12. Executing OPT_MERGE pass (detect identical cells).
Finding identical cells in module `$paramod\noc_router\ROUTER_X=s2'00\ROUTER_Y=s2'01'.
Computing hashes of 79 cells of `$paramod\noc_router\ROUTER_X=s2'00\ROUTER_Y=s2'01'.
Finding duplicate cells in `$paramod\noc_router\ROUTER_X=s2'00\ROUTER_Y=s2'01'.
Finding identical cells in module `$paramod\noc_router\ROUTER_X=s2'00\ROUTER_Y=s2'10'.
Computing hashes of 79 cells of `$paramod\noc_router\ROUTER_X=s2'00\ROUTER_Y=s2'10'.
Finding duplicate cells in `$paramod\noc_router\ROUTER_X=s2'00\ROUTER_Y=s2'10'.
Finding identical cells in module `$paramod\noc_router\ROUTER_X=s2'00\ROUTER_Y=s2'11'.
Computing hashes of 79 cells of `$paramod\noc_router\ROUTER_X=s2'00\ROUTER_Y=s2'11'.
Finding duplicate cells in `$paramod\noc_router\ROUTER_X=s2'00\ROUTER_Y=s2'11'.
Finding identical cells in module `$paramod\noc_router\ROUTER_X=s2'01\ROUTER_Y=s2'00'.
Computing hashes of 79 cells of `$paramod\noc_router\ROUTER_X=s2'01\ROUTER_Y=s2'00'.
Finding duplicate cells in `$paramod\noc_router\ROUTER_X=s2'01\ROUTER_Y=s2'00'.
Finding identical cells in module `$paramod\noc_router\ROUTER_X=s2'01\ROUTER_Y=s2'01'.
Computing hashes of 79 cells of `$paramod\noc_router\ROUTER_X=s2'01\ROUTER_Y=s2'01'.
Finding duplicate cells in `$paramod\noc_router\ROUTER_X=s2'01\ROUTER_Y=s2'01'.
Finding identical cells in module `$paramod\noc_router\ROUTER_X=s2'01\ROUTER_Y=s2'10'.
Computing hashes of 79 cells of `$paramod\noc_router\ROUTER_X=s2'01\ROUTER_Y=s2'10'.
Finding duplicate cells in `$paramod\noc_router\ROUTER_X=s2'01\ROUTER_Y=s2'10'.
Finding identical cells in module `$paramod\noc_router\ROUTER_X=s2'01\ROUTER_Y=s2'11'.
Computing hashes of 79 cells of `$paramod\noc_router\ROUTER_X=s2'01\ROUTER_Y=s2'11'.
Finding duplicate cells in `$paramod\noc_router\ROUTER_X=s2'01\ROUTER_Y=s2'11'.
Finding identical cells in module `$paramod\noc_router\ROUTER_X=s2'10\ROUTER_Y=s2'00'.
Computing hashes of 79 cells of `$paramod\noc_router\ROUTER_X=s2'10\ROUTER_Y=s2'00'.
Finding duplicate cells in `$paramod\noc_router\ROUTER_X=s2'10\ROUTER_Y=s2'00'.
Finding identical cells in module `$paramod\noc_router\ROUTER_X=s2'10\ROUTER_Y=s2'01'.
Computing hashes of 79 cells of `$paramod\noc_router\ROUTER_X=s2'10\ROUTER_Y=s2'01'.
Finding duplicate cells in `$paramod\noc_router\ROUTER_X=s2'10\ROUTER_Y=s2'01'.
Finding identical cells in module `$paramod\noc_router\ROUTER_X=s2'10\ROUTER_Y=s2'10'.
Computing hashes of 79 cells of `$paramod\noc_router\ROUTER_X=s2'10\ROUTER_Y=s2'10'.
Finding duplicate cells in `$paramod\noc_router\ROUTER_X=s2'10\ROUTER_Y=s2'10'.
Finding identical cells in module `$paramod\noc_router\ROUTER_X=s2'10\ROUTER_Y=s2'11'.
Computing hashes of 79 cells of `$paramod\noc_router\ROUTER_X=s2'10\ROUTER_Y=s2'11'.
Finding duplicate cells in `$paramod\noc_router\ROUTER_X=s2'10\ROUTER_Y=s2'11'.
Finding identical cells in module `$paramod\noc_router\ROUTER_X=s2'11\ROUTER_Y=s2'00'.
Computing hashes of 79 cells of `$paramod\noc_router\ROUTER_X=s2'11\ROUTER_Y=s2'00'.
Finding duplicate cells in `$paramod\noc_router\ROUTER_X=s2'11\ROUTER_Y=s2'00'.
Finding identical cells in module `$paramod\noc_router\ROUTER_X=s2'11\ROUTER_Y=s2'01'.
Computing hashes of 79 cells of `$paramod\noc_router\ROUTER_X=s2'11\ROUTER_Y=s2'01'.
Finding duplicate cells in `$paramod\noc_router\ROUTER_X=s2'11\ROUTER_Y=s2'01'.
Finding identical cells in module `$paramod\noc_router\ROUTER_X=s2'11\ROUTER_Y=s2'10'.
Computing hashes of 79 cells of `$paramod\noc_router\ROUTER_X=s2'11\ROUTER_Y=s2'10'.
Finding duplicate cells in `$paramod\noc_router\ROUTER_X=s2'11\ROUTER_Y=s2'10'.
Finding identical cells in module `$paramod\noc_router\ROUTER_X=s2'11\ROUTER_Y=s2'11'.
Computing hashes of 79 cells of `$paramod\noc_router\ROUTER_X=s2'11\ROUTER_Y=s2'11'.
Finding duplicate cells in `$paramod\noc_router\ROUTER_X=s2'11\ROUTER_Y=s2'11'.
Finding identical cells in module `\noc_mesh'.
Computing hashes of 16 cells of `\noc_mesh'.
Finding duplicate cells in `\noc_mesh'.
Finding identical cells in module `$paramod\noc_router\ROUTER_X=s2'00\ROUTER_Y=s2'00'.
Computing hashes of 79 cells of `$paramod\noc_router\ROUTER_X=s2'00\ROUTER_Y=s2'00'.
Finding duplicate cells in `$paramod\noc_router\ROUTER_X=s2'00\ROUTER_Y=s2'00'.
Finding identical cells in module `\crossbar_5x5'.
Computing hashes of 25 cells of `\crossbar_5x5'.
Finding duplicate cells in `\crossbar_5x5'.
Finding identical cells in module `\switch_allocator'.
Computing hashes of 5 cells of `\switch_allocator'.
Finding duplicate cells in `\switch_allocator'.
Finding identical cells in module `\round_robin'.
Computing hashes of 84 cells of `\round_robin'.
Finding duplicate cells in `\round_robin'.
Finding identical cells in module `\xy_routing'.
Computing hashes of 8 cells of `\xy_routing'.
Finding duplicate cells in `\xy_routing'.
Finding identical cells in module `\fifo_buffer'.
Computing hashes of 43 cells of `\fifo_buffer'.
Finding duplicate cells in `\fifo_buffer'.
Removed a total of 0 cells.

10.6.13. Executing OPT_DFF pass (perform DFF optimizations).

10.6.14. Executing OPT_CLEAN pass (remove unused cells and wires).
Finding unused cells or wires in module $paramod\noc_router\ROUTER_X=s2'00\ROUTER_Y=s2'01..
Finding unused cells or wires in module $paramod\noc_router\ROUTER_X=s2'00\ROUTER_Y=s2'10..
Finding unused cells or wires in module $paramod\noc_router\ROUTER_X=s2'00\ROUTER_Y=s2'11..
Finding unused cells or wires in module $paramod\noc_router\ROUTER_X=s2'01\ROUTER_Y=s2'00..
Finding unused cells or wires in module $paramod\noc_router\ROUTER_X=s2'01\ROUTER_Y=s2'01..
Finding unused cells or wires in module $paramod\noc_router\ROUTER_X=s2'01\ROUTER_Y=s2'10..
Finding unused cells or wires in module $paramod\noc_router\ROUTER_X=s2'01\ROUTER_Y=s2'11..
Finding unused cells or wires in module $paramod\noc_router\ROUTER_X=s2'10\ROUTER_Y=s2'00..
Finding unused cells or wires in module $paramod\noc_router\ROUTER_X=s2'10\ROUTER_Y=s2'01..
Finding unused cells or wires in module $paramod\noc_router\ROUTER_X=s2'10\ROUTER_Y=s2'10..
Finding unused cells or wires in module $paramod\noc_router\ROUTER_X=s2'10\ROUTER_Y=s2'11..
Finding unused cells or wires in module $paramod\noc_router\ROUTER_X=s2'11\ROUTER_Y=s2'00..
Finding unused cells or wires in module $paramod\noc_router\ROUTER_X=s2'11\ROUTER_Y=s2'01..
Finding unused cells or wires in module $paramod\noc_router\ROUTER_X=s2'11\ROUTER_Y=s2'10..
Finding unused cells or wires in module $paramod\noc_router\ROUTER_X=s2'11\ROUTER_Y=s2'11..
Finding unused cells or wires in module \noc_mesh..
Finding unused cells or wires in module $paramod\noc_router\ROUTER_X=s2'00\ROUTER_Y=s2'00..
Finding unused cells or wires in module \crossbar_5x5..
Finding unused cells or wires in module \switch_allocator..
Finding unused cells or wires in module \round_robin..
Finding unused cells or wires in module \xy_routing..
Finding unused cells or wires in module \fifo_buffer..

10.6.15. Executing OPT_EXPR pass (perform const folding).
Optimizing module $paramod\noc_router\ROUTER_X=s2'00\ROUTER_Y=s2'01.
Optimizing module $paramod\noc_router\ROUTER_X=s2'00\ROUTER_Y=s2'10.
Optimizing module $paramod\noc_router\ROUTER_X=s2'00\ROUTER_Y=s2'11.
Optimizing module $paramod\noc_router\ROUTER_X=s2'01\ROUTER_Y=s2'00.
Optimizing module $paramod\noc_router\ROUTER_X=s2'01\ROUTER_Y=s2'01.
Optimizing module $paramod\noc_router\ROUTER_X=s2'01\ROUTER_Y=s2'10.
Optimizing module $paramod\noc_router\ROUTER_X=s2'01\ROUTER_Y=s2'11.
Optimizing module $paramod\noc_router\ROUTER_X=s2'10\ROUTER_Y=s2'00.
Optimizing module $paramod\noc_router\ROUTER_X=s2'10\ROUTER_Y=s2'01.
Optimizing module $paramod\noc_router\ROUTER_X=s2'10\ROUTER_Y=s2'10.
Optimizing module $paramod\noc_router\ROUTER_X=s2'10\ROUTER_Y=s2'11.
Optimizing module $paramod\noc_router\ROUTER_X=s2'11\ROUTER_Y=s2'00.
Optimizing module $paramod\noc_router\ROUTER_X=s2'11\ROUTER_Y=s2'01.
Optimizing module $paramod\noc_router\ROUTER_X=s2'11\ROUTER_Y=s2'10.
Optimizing module $paramod\noc_router\ROUTER_X=s2'11\ROUTER_Y=s2'11.
Optimizing module noc_mesh.
Optimizing module $paramod\noc_router\ROUTER_X=s2'00\ROUTER_Y=s2'00.
Optimizing module crossbar_5x5.
Optimizing module switch_allocator.
Optimizing module round_robin.
Optimizing module xy_routing.
Optimizing module fifo_buffer.

10.6.16. Finished fast OPT passes. (There is nothing left to do.)

10.7. Executing FSM pass (extract and optimize FSM).

10.7.1. Executing FSM_DETECT pass (finding FSMs in design).
Not marking round_robin.priority_ptr as FSM state register:
    Users of register don't seem to benefit from recoding.

10.7.2. Executing FSM_EXTRACT pass (extracting FSM from design).

10.7.3. Executing FSM_OPT pass (simple optimizations of FSMs).

10.7.4. Executing OPT_CLEAN pass (remove unused cells and wires).
Finding unused cells or wires in module $paramod\noc_router\ROUTER_X=s2'00\ROUTER_Y=s2'01..
Finding unused cells or wires in module $paramod\noc_router\ROUTER_X=s2'00\ROUTER_Y=s2'10..
Finding unused cells or wires in module $paramod\noc_router\ROUTER_X=s2'00\ROUTER_Y=s2'11..
Finding unused cells or wires in module $paramod\noc_router\ROUTER_X=s2'01\ROUTER_Y=s2'00..
Finding unused cells or wires in module $paramod\noc_router\ROUTER_X=s2'01\ROUTER_Y=s2'01..
Finding unused cells or wires in module $paramod\noc_router\ROUTER_X=s2'01\ROUTER_Y=s2'10..
Finding unused cells or wires in module $paramod\noc_router\ROUTER_X=s2'01\ROUTER_Y=s2'11..
Finding unused cells or wires in module $paramod\noc_router\ROUTER_X=s2'10\ROUTER_Y=s2'00..
Finding unused cells or wires in module $paramod\noc_router\ROUTER_X=s2'10\ROUTER_Y=s2'01..
Finding unused cells or wires in module $paramod\noc_router\ROUTER_X=s2'10\ROUTER_Y=s2'10..
Finding unused cells or wires in module $paramod\noc_router\ROUTER_X=s2'10\ROUTER_Y=s2'11..
Finding unused cells or wires in module $paramod\noc_router\ROUTER_X=s2'11\ROUTER_Y=s2'00..
Finding unused cells or wires in module $paramod\noc_router\ROUTER_X=s2'11\ROUTER_Y=s2'01..
Finding unused cells or wires in module $paramod\noc_router\ROUTER_X=s2'11\ROUTER_Y=s2'10..
Finding unused cells or wires in module $paramod\noc_router\ROUTER_X=s2'11\ROUTER_Y=s2'11..
Finding unused cells or wires in module \noc_mesh..
Finding unused cells or wires in module $paramod\noc_router\ROUTER_X=s2'00\ROUTER_Y=s2'00..
Finding unused cells or wires in module \crossbar_5x5..
Finding unused cells or wires in module \switch_allocator..
Finding unused cells or wires in module \round_robin..
Finding unused cells or wires in module \xy_routing..
Finding unused cells or wires in module \fifo_buffer..

10.7.5. Executing FSM_OPT pass (simple optimizations of FSMs).

10.7.6. Executing FSM_RECODE pass (re-assigning FSM state encoding).

10.7.7. Executing FSM_INFO pass (dumping all available information on FSM cells).

10.7.8. Executing FSM_MAP pass (mapping FSMs to basic logic).

10.8. Executing OPT pass (performing simple optimizations).

10.8.1. Executing OPT_EXPR pass (perform const folding).
Optimizing module $paramod\noc_router\ROUTER_X=s2'00\ROUTER_Y=s2'01.
Optimizing module $paramod\noc_router\ROUTER_X=s2'00\ROUTER_Y=s2'10.
Optimizing module $paramod\noc_router\ROUTER_X=s2'00\ROUTER_Y=s2'11.
Optimizing module $paramod\noc_router\ROUTER_X=s2'01\ROUTER_Y=s2'00.
Optimizing module $paramod\noc_router\ROUTER_X=s2'01\ROUTER_Y=s2'01.
Optimizing module $paramod\noc_router\ROUTER_X=s2'01\ROUTER_Y=s2'10.
Optimizing module $paramod\noc_router\ROUTER_X=s2'01\ROUTER_Y=s2'11.
Optimizing module $paramod\noc_router\ROUTER_X=s2'10\ROUTER_Y=s2'00.
Optimizing module $paramod\noc_router\ROUTER_X=s2'10\ROUTER_Y=s2'01.
Optimizing module $paramod\noc_router\ROUTER_X=s2'10\ROUTER_Y=s2'10.
Optimizing module $paramod\noc_router\ROUTER_X=s2'10\ROUTER_Y=s2'11.
Optimizing module $paramod\noc_router\ROUTER_X=s2'11\ROUTER_Y=s2'00.
Optimizing module $paramod\noc_router\ROUTER_X=s2'11\ROUTER_Y=s2'01.
Optimizing module $paramod\noc_router\ROUTER_X=s2'11\ROUTER_Y=s2'10.
Optimizing module $paramod\noc_router\ROUTER_X=s2'11\ROUTER_Y=s2'11.
Optimizing module noc_mesh.
Optimizing module $paramod\noc_router\ROUTER_X=s2'00\ROUTER_Y=s2'00.
Optimizing module crossbar_5x5.
Optimizing module switch_allocator.
Optimizing module round_robin.
Optimizing module xy_routing.
Optimizing module fifo_buffer.

10.8.2. Executing OPT_MERGE pass (detect identical cells).
Finding identical cells in module `$paramod\noc_router\ROUTER_X=s2'00\ROUTER_Y=s2'01'.
Computing hashes of 79 cells of `$paramod\noc_router\ROUTER_X=s2'00\ROUTER_Y=s2'01'.
Finding duplicate cells in `$paramod\noc_router\ROUTER_X=s2'00\ROUTER_Y=s2'01'.
Finding identical cells in module `$paramod\noc_router\ROUTER_X=s2'00\ROUTER_Y=s2'10'.
Computing hashes of 79 cells of `$paramod\noc_router\ROUTER_X=s2'00\ROUTER_Y=s2'10'.
Finding duplicate cells in `$paramod\noc_router\ROUTER_X=s2'00\ROUTER_Y=s2'10'.
Finding identical cells in module `$paramod\noc_router\ROUTER_X=s2'00\ROUTER_Y=s2'11'.
Computing hashes of 79 cells of `$paramod\noc_router\ROUTER_X=s2'00\ROUTER_Y=s2'11'.
Finding duplicate cells in `$paramod\noc_router\ROUTER_X=s2'00\ROUTER_Y=s2'11'.
Finding identical cells in module `$paramod\noc_router\ROUTER_X=s2'01\ROUTER_Y=s2'00'.
Computing hashes of 79 cells of `$paramod\noc_router\ROUTER_X=s2'01\ROUTER_Y=s2'00'.
Finding duplicate cells in `$paramod\noc_router\ROUTER_X=s2'01\ROUTER_Y=s2'00'.
Finding identical cells in module `$paramod\noc_router\ROUTER_X=s2'01\ROUTER_Y=s2'01'.
Computing hashes of 79 cells of `$paramod\noc_router\ROUTER_X=s2'01\ROUTER_Y=s2'01'.
Finding duplicate cells in `$paramod\noc_router\ROUTER_X=s2'01\ROUTER_Y=s2'01'.
Finding identical cells in module `$paramod\noc_router\ROUTER_X=s2'01\ROUTER_Y=s2'10'.
Computing hashes of 79 cells of `$paramod\noc_router\ROUTER_X=s2'01\ROUTER_Y=s2'10'.
Finding duplicate cells in `$paramod\noc_router\ROUTER_X=s2'01\ROUTER_Y=s2'10'.
Finding identical cells in module `$paramod\noc_router\ROUTER_X=s2'01\ROUTER_Y=s2'11'.
Computing hashes of 79 cells of `$paramod\noc_router\ROUTER_X=s2'01\ROUTER_Y=s2'11'.
Finding duplicate cells in `$paramod\noc_router\ROUTER_X=s2'01\ROUTER_Y=s2'11'.
Finding identical cells in module `$paramod\noc_router\ROUTER_X=s2'10\ROUTER_Y=s2'00'.
Computing hashes of 79 cells of `$paramod\noc_router\ROUTER_X=s2'10\ROUTER_Y=s2'00'.
Finding duplicate cells in `$paramod\noc_router\ROUTER_X=s2'10\ROUTER_Y=s2'00'.
Finding identical cells in module `$paramod\noc_router\ROUTER_X=s2'10\ROUTER_Y=s2'01'.
Computing hashes of 79 cells of `$paramod\noc_router\ROUTER_X=s2'10\ROUTER_Y=s2'01'.
Finding duplicate cells in `$paramod\noc_router\ROUTER_X=s2'10\ROUTER_Y=s2'01'.
Finding identical cells in module `$paramod\noc_router\ROUTER_X=s2'10\ROUTER_Y=s2'10'.
Computing hashes of 79 cells of `$paramod\noc_router\ROUTER_X=s2'10\ROUTER_Y=s2'10'.
Finding duplicate cells in `$paramod\noc_router\ROUTER_X=s2'10\ROUTER_Y=s2'10'.
Finding identical cells in module `$paramod\noc_router\ROUTER_X=s2'10\ROUTER_Y=s2'11'.
Computing hashes of 79 cells of `$paramod\noc_router\ROUTER_X=s2'10\ROUTER_Y=s2'11'.
Finding duplicate cells in `$paramod\noc_router\ROUTER_X=s2'10\ROUTER_Y=s2'11'.
Finding identical cells in module `$paramod\noc_router\ROUTER_X=s2'11\ROUTER_Y=s2'00'.
Computing hashes of 79 cells of `$paramod\noc_router\ROUTER_X=s2'11\ROUTER_Y=s2'00'.
Finding duplicate cells in `$paramod\noc_router\ROUTER_X=s2'11\ROUTER_Y=s2'00'.
Finding identical cells in module `$paramod\noc_router\ROUTER_X=s2'11\ROUTER_Y=s2'01'.
Computing hashes of 79 cells of `$paramod\noc_router\ROUTER_X=s2'11\ROUTER_Y=s2'01'.
Finding duplicate cells in `$paramod\noc_router\ROUTER_X=s2'11\ROUTER_Y=s2'01'.
Finding identical cells in module `$paramod\noc_router\ROUTER_X=s2'11\ROUTER_Y=s2'10'.
Computing hashes of 79 cells of `$paramod\noc_router\ROUTER_X=s2'11\ROUTER_Y=s2'10'.
Finding duplicate cells in `$paramod\noc_router\ROUTER_X=s2'11\ROUTER_Y=s2'10'.
Finding identical cells in module `$paramod\noc_router\ROUTER_X=s2'11\ROUTER_Y=s2'11'.
Computing hashes of 79 cells of `$paramod\noc_router\ROUTER_X=s2'11\ROUTER_Y=s2'11'.
Finding duplicate cells in `$paramod\noc_router\ROUTER_X=s2'11\ROUTER_Y=s2'11'.
Finding identical cells in module `\noc_mesh'.
Computing hashes of 16 cells of `\noc_mesh'.
Finding duplicate cells in `\noc_mesh'.
Finding identical cells in module `$paramod\noc_router\ROUTER_X=s2'00\ROUTER_Y=s2'00'.
Computing hashes of 79 cells of `$paramod\noc_router\ROUTER_X=s2'00\ROUTER_Y=s2'00'.
Finding duplicate cells in `$paramod\noc_router\ROUTER_X=s2'00\ROUTER_Y=s2'00'.
Finding identical cells in module `\crossbar_5x5'.
Computing hashes of 25 cells of `\crossbar_5x5'.
Finding duplicate cells in `\crossbar_5x5'.
Finding identical cells in module `\switch_allocator'.
Computing hashes of 5 cells of `\switch_allocator'.
Finding duplicate cells in `\switch_allocator'.
Finding identical cells in module `\round_robin'.
Computing hashes of 84 cells of `\round_robin'.
Finding duplicate cells in `\round_robin'.
Finding identical cells in module `\xy_routing'.
Computing hashes of 8 cells of `\xy_routing'.
Finding duplicate cells in `\xy_routing'.
Finding identical cells in module `\fifo_buffer'.
Computing hashes of 43 cells of `\fifo_buffer'.
Finding duplicate cells in `\fifo_buffer'.
Removed a total of 0 cells.

10.8.3. Executing OPT_MUXTREE pass (detect dead branches in mux trees).
Running muxtree optimizer on module $paramod\noc_router\ROUTER_X=s2'00\ROUTER_Y=s2'01..
  Creating internal representation of mux trees.
  Evaluating internal representation of mux trees.
  Analyzing evaluation results.
Running muxtree optimizer on module $paramod\noc_router\ROUTER_X=s2'00\ROUTER_Y=s2'10..
  Creating internal representation of mux trees.
  Evaluating internal representation of mux trees.
  Analyzing evaluation results.
Running muxtree optimizer on module $paramod\noc_router\ROUTER_X=s2'00\ROUTER_Y=s2'11..
  Creating internal representation of mux trees.
  Evaluating internal representation of mux trees.
  Analyzing evaluation results.
Running muxtree optimizer on module $paramod\noc_router\ROUTER_X=s2'01\ROUTER_Y=s2'00..
  Creating internal representation of mux trees.
  Evaluating internal representation of mux trees.
  Analyzing evaluation results.
Running muxtree optimizer on module $paramod\noc_router\ROUTER_X=s2'01\ROUTER_Y=s2'01..
  Creating internal representation of mux trees.
  Evaluating internal representation of mux trees.
  Analyzing evaluation results.
Running muxtree optimizer on module $paramod\noc_router\ROUTER_X=s2'01\ROUTER_Y=s2'10..
  Creating internal representation of mux trees.
  Evaluating internal representation of mux trees.
  Analyzing evaluation results.
Running muxtree optimizer on module $paramod\noc_router\ROUTER_X=s2'01\ROUTER_Y=s2'11..
  Creating internal representation of mux trees.
  Evaluating internal representation of mux trees.
  Analyzing evaluation results.
Running muxtree optimizer on module $paramod\noc_router\ROUTER_X=s2'10\ROUTER_Y=s2'00..
  Creating internal representation of mux trees.
  Evaluating internal representation of mux trees.
  Analyzing evaluation results.
Running muxtree optimizer on module $paramod\noc_router\ROUTER_X=s2'10\ROUTER_Y=s2'01..
  Creating internal representation of mux trees.
  Evaluating internal representation of mux trees.
  Analyzing evaluation results.
Running muxtree optimizer on module $paramod\noc_router\ROUTER_X=s2'10\ROUTER_Y=s2'10..
  Creating internal representation of mux trees.
  Evaluating internal representation of mux trees.
  Analyzing evaluation results.
Running muxtree optimizer on module $paramod\noc_router\ROUTER_X=s2'10\ROUTER_Y=s2'11..
  Creating internal representation of mux trees.
  Evaluating internal representation of mux trees.
  Analyzing evaluation results.
Running muxtree optimizer on module $paramod\noc_router\ROUTER_X=s2'11\ROUTER_Y=s2'00..
  Creating internal representation of mux trees.
  Evaluating internal representation of mux trees.
  Analyzing evaluation results.
Running muxtree optimizer on module $paramod\noc_router\ROUTER_X=s2'11\ROUTER_Y=s2'01..
  Creating internal representation of mux trees.
  Evaluating internal representation of mux trees.
  Analyzing evaluation results.
Running muxtree optimizer on module $paramod\noc_router\ROUTER_X=s2'11\ROUTER_Y=s2'10..
  Creating internal representation of mux trees.
  Evaluating internal representation of mux trees.
  Analyzing evaluation results.
Running muxtree optimizer on module $paramod\noc_router\ROUTER_X=s2'11\ROUTER_Y=s2'11..
  Creating internal representation of mux trees.
  Evaluating internal representation of mux trees.
  Analyzing evaluation results.
Running muxtree optimizer on module \noc_mesh..
  Creating internal representation of mux trees.
  No muxes found in this module.
Running muxtree optimizer on module $paramod\noc_router\ROUTER_X=s2'00\ROUTER_Y=s2'00..
  Creating internal representation of mux trees.
  Evaluating internal representation of mux trees.
  Analyzing evaluation results.
Running muxtree optimizer on module \crossbar_5x5..
  Creating internal representation of mux trees.
  Evaluating internal representation of mux trees.
  Analyzing evaluation results.
Running muxtree optimizer on module \switch_allocator..
  Creating internal representation of mux trees.
  No muxes found in this module.
Running muxtree optimizer on module \round_robin..
  Creating internal representation of mux trees.
  Evaluating internal representation of mux trees.
  Analyzing evaluation results.
Running muxtree optimizer on module \xy_routing..
  Creating internal representation of mux trees.
  Evaluating internal representation of mux trees.
  Analyzing evaluation results.
Running muxtree optimizer on module \fifo_buffer..
  Creating internal representation of mux trees.
  Evaluating internal representation of mux trees.
  Analyzing evaluation results.
Removed 0 multiplexer ports.
<suppressed ~422 debug messages>

10.8.4. Executing OPT_REDUCE pass (consolidate $*mux and $reduce_* inputs).
  Optimizing cells in module $paramod\noc_router\ROUTER_X=s2'00\ROUTER_Y=s2'01.
  Optimizing cells in module $paramod\noc_router\ROUTER_X=s2'00\ROUTER_Y=s2'10.
  Optimizing cells in module $paramod\noc_router\ROUTER_X=s2'00\ROUTER_Y=s2'11.
  Optimizing cells in module $paramod\noc_router\ROUTER_X=s2'01\ROUTER_Y=s2'00.
  Optimizing cells in module $paramod\noc_router\ROUTER_X=s2'01\ROUTER_Y=s2'01.
  Optimizing cells in module $paramod\noc_router\ROUTER_X=s2'01\ROUTER_Y=s2'10.
  Optimizing cells in module $paramod\noc_router\ROUTER_X=s2'01\ROUTER_Y=s2'11.
  Optimizing cells in module $paramod\noc_router\ROUTER_X=s2'10\ROUTER_Y=s2'00.
  Optimizing cells in module $paramod\noc_router\ROUTER_X=s2'10\ROUTER_Y=s2'01.
  Optimizing cells in module $paramod\noc_router\ROUTER_X=s2'10\ROUTER_Y=s2'10.
  Optimizing cells in module $paramod\noc_router\ROUTER_X=s2'10\ROUTER_Y=s2'11.
  Optimizing cells in module $paramod\noc_router\ROUTER_X=s2'11\ROUTER_Y=s2'00.
  Optimizing cells in module $paramod\noc_router\ROUTER_X=s2'11\ROUTER_Y=s2'01.
  Optimizing cells in module $paramod\noc_router\ROUTER_X=s2'11\ROUTER_Y=s2'10.
  Optimizing cells in module $paramod\noc_router\ROUTER_X=s2'11\ROUTER_Y=s2'11.
  Optimizing cells in module \noc_mesh.
  Optimizing cells in module $paramod\noc_router\ROUTER_X=s2'00\ROUTER_Y=s2'00.
  Optimizing cells in module \crossbar_5x5.
  Optimizing cells in module \switch_allocator.
  Optimizing cells in module \round_robin.
  Optimizing cells in module \xy_routing.
  Optimizing cells in module \fifo_buffer.
Performed a total of 0 changes.

10.8.5. Executing OPT_MERGE pass (detect identical cells).
Finding identical cells in module `$paramod\noc_router\ROUTER_X=s2'00\ROUTER_Y=s2'01'.
Computing hashes of 79 cells of `$paramod\noc_router\ROUTER_X=s2'00\ROUTER_Y=s2'01'.
Finding duplicate cells in `$paramod\noc_router\ROUTER_X=s2'00\ROUTER_Y=s2'01'.
Finding identical cells in module `$paramod\noc_router\ROUTER_X=s2'00\ROUTER_Y=s2'10'.
Computing hashes of 79 cells of `$paramod\noc_router\ROUTER_X=s2'00\ROUTER_Y=s2'10'.
Finding duplicate cells in `$paramod\noc_router\ROUTER_X=s2'00\ROUTER_Y=s2'10'.
Finding identical cells in module `$paramod\noc_router\ROUTER_X=s2'00\ROUTER_Y=s2'11'.
Computing hashes of 79 cells of `$paramod\noc_router\ROUTER_X=s2'00\ROUTER_Y=s2'11'.
Finding duplicate cells in `$paramod\noc_router\ROUTER_X=s2'00\ROUTER_Y=s2'11'.
Finding identical cells in module `$paramod\noc_router\ROUTER_X=s2'01\ROUTER_Y=s2'00'.
Computing hashes of 79 cells of `$paramod\noc_router\ROUTER_X=s2'01\ROUTER_Y=s2'00'.
Finding duplicate cells in `$paramod\noc_router\ROUTER_X=s2'01\ROUTER_Y=s2'00'.
Finding identical cells in module `$paramod\noc_router\ROUTER_X=s2'01\ROUTER_Y=s2'01'.
Computing hashes of 79 cells of `$paramod\noc_router\ROUTER_X=s2'01\ROUTER_Y=s2'01'.
Finding duplicate cells in `$paramod\noc_router\ROUTER_X=s2'01\ROUTER_Y=s2'01'.
Finding identical cells in module `$paramod\noc_router\ROUTER_X=s2'01\ROUTER_Y=s2'10'.
Computing hashes of 79 cells of `$paramod\noc_router\ROUTER_X=s2'01\ROUTER_Y=s2'10'.
Finding duplicate cells in `$paramod\noc_router\ROUTER_X=s2'01\ROUTER_Y=s2'10'.
Finding identical cells in module `$paramod\noc_router\ROUTER_X=s2'01\ROUTER_Y=s2'11'.
Computing hashes of 79 cells of `$paramod\noc_router\ROUTER_X=s2'01\ROUTER_Y=s2'11'.
Finding duplicate cells in `$paramod\noc_router\ROUTER_X=s2'01\ROUTER_Y=s2'11'.
Finding identical cells in module `$paramod\noc_router\ROUTER_X=s2'10\ROUTER_Y=s2'00'.
Computing hashes of 79 cells of `$paramod\noc_router\ROUTER_X=s2'10\ROUTER_Y=s2'00'.
Finding duplicate cells in `$paramod\noc_router\ROUTER_X=s2'10\ROUTER_Y=s2'00'.
Finding identical cells in module `$paramod\noc_router\ROUTER_X=s2'10\ROUTER_Y=s2'01'.
Computing hashes of 79 cells of `$paramod\noc_router\ROUTER_X=s2'10\ROUTER_Y=s2'01'.
Finding duplicate cells in `$paramod\noc_router\ROUTER_X=s2'10\ROUTER_Y=s2'01'.
Finding identical cells in module `$paramod\noc_router\ROUTER_X=s2'10\ROUTER_Y=s2'10'.
Computing hashes of 79 cells of `$paramod\noc_router\ROUTER_X=s2'10\ROUTER_Y=s2'10'.
Finding duplicate cells in `$paramod\noc_router\ROUTER_X=s2'10\ROUTER_Y=s2'10'.
Finding identical cells in module `$paramod\noc_router\ROUTER_X=s2'10\ROUTER_Y=s2'11'.
Computing hashes of 79 cells of `$paramod\noc_router\ROUTER_X=s2'10\ROUTER_Y=s2'11'.
Finding duplicate cells in `$paramod\noc_router\ROUTER_X=s2'10\ROUTER_Y=s2'11'.
Finding identical cells in module `$paramod\noc_router\ROUTER_X=s2'11\ROUTER_Y=s2'00'.
Computing hashes of 79 cells of `$paramod\noc_router\ROUTER_X=s2'11\ROUTER_Y=s2'00'.
Finding duplicate cells in `$paramod\noc_router\ROUTER_X=s2'11\ROUTER_Y=s2'00'.
Finding identical cells in module `$paramod\noc_router\ROUTER_X=s2'11\ROUTER_Y=s2'01'.
Computing hashes of 79 cells of `$paramod\noc_router\ROUTER_X=s2'11\ROUTER_Y=s2'01'.
Finding duplicate cells in `$paramod\noc_router\ROUTER_X=s2'11\ROUTER_Y=s2'01'.
Finding identical cells in module `$paramod\noc_router\ROUTER_X=s2'11\ROUTER_Y=s2'10'.
Computing hashes of 79 cells of `$paramod\noc_router\ROUTER_X=s2'11\ROUTER_Y=s2'10'.
Finding duplicate cells in `$paramod\noc_router\ROUTER_X=s2'11\ROUTER_Y=s2'10'.
Finding identical cells in module `$paramod\noc_router\ROUTER_X=s2'11\ROUTER_Y=s2'11'.
Computing hashes of 79 cells of `$paramod\noc_router\ROUTER_X=s2'11\ROUTER_Y=s2'11'.
Finding duplicate cells in `$paramod\noc_router\ROUTER_X=s2'11\ROUTER_Y=s2'11'.
Finding identical cells in module `\noc_mesh'.
Computing hashes of 16 cells of `\noc_mesh'.
Finding duplicate cells in `\noc_mesh'.
Finding identical cells in module `$paramod\noc_router\ROUTER_X=s2'00\ROUTER_Y=s2'00'.
Computing hashes of 79 cells of `$paramod\noc_router\ROUTER_X=s2'00\ROUTER_Y=s2'00'.
Finding duplicate cells in `$paramod\noc_router\ROUTER_X=s2'00\ROUTER_Y=s2'00'.
Finding identical cells in module `\crossbar_5x5'.
Computing hashes of 25 cells of `\crossbar_5x5'.
Finding duplicate cells in `\crossbar_5x5'.
Finding identical cells in module `\switch_allocator'.
Computing hashes of 5 cells of `\switch_allocator'.
Finding duplicate cells in `\switch_allocator'.
Finding identical cells in module `\round_robin'.
Computing hashes of 84 cells of `\round_robin'.
Finding duplicate cells in `\round_robin'.
Finding identical cells in module `\xy_routing'.
Computing hashes of 8 cells of `\xy_routing'.
Finding duplicate cells in `\xy_routing'.
Finding identical cells in module `\fifo_buffer'.
Computing hashes of 43 cells of `\fifo_buffer'.
Finding duplicate cells in `\fifo_buffer'.
Removed a total of 0 cells.

10.8.6. Executing OPT_DFF pass (perform DFF optimizations).
Adding EN signal on $procdff$3063 ($adff) from module round_robin (D = $procmux$2865_Y, Q = \priority_ptr).
Adding EN signal on $procdff$3102 ($dff) from module fifo_buffer (D = \flit_in, Q = \fifo_memory[0]).
Adding EN signal on $procdff$3123 ($dff) from module fifo_buffer (D = \flit_in, Q = \fifo_memory[3]).
Adding EN signal on $procdff$3090 ($adff) from module fifo_buffer (D = $add$../flattened_rtl/fifo_buffer.sv:52$18_Y, Q = \rd_ptr).
Adding EN signal on $procdff$3116 ($dff) from module fifo_buffer (D = \flit_in, Q = \fifo_memory[2]).
Adding EN signal on $procdff$3109 ($dff) from module fifo_buffer (D = \flit_in, Q = \fifo_memory[1]).
Adding EN signal on $procdff$3085 ($adff) from module fifo_buffer (D = $add$../flattened_rtl/fifo_buffer.sv:47$15_Y, Q = \wr_ptr).
Adding EN signal on $procdff$3095 ($adff) from module fifo_buffer (D = $0\count[2:0], Q = \count).

10.8.7. Executing OPT_CLEAN pass (remove unused cells and wires).
Finding unused cells or wires in module $paramod\noc_router\ROUTER_X=s2'00\ROUTER_Y=s2'01..
Finding unused cells or wires in module $paramod\noc_router\ROUTER_X=s2'00\ROUTER_Y=s2'10..
Finding unused cells or wires in module $paramod\noc_router\ROUTER_X=s2'00\ROUTER_Y=s2'11..
Finding unused cells or wires in module $paramod\noc_router\ROUTER_X=s2'01\ROUTER_Y=s2'00..
Finding unused cells or wires in module $paramod\noc_router\ROUTER_X=s2'01\ROUTER_Y=s2'01..
Finding unused cells or wires in module $paramod\noc_router\ROUTER_X=s2'01\ROUTER_Y=s2'10..
Finding unused cells or wires in module $paramod\noc_router\ROUTER_X=s2'01\ROUTER_Y=s2'11..
Finding unused cells or wires in module $paramod\noc_router\ROUTER_X=s2'10\ROUTER_Y=s2'00..
Finding unused cells or wires in module $paramod\noc_router\ROUTER_X=s2'10\ROUTER_Y=s2'01..
Finding unused cells or wires in module $paramod\noc_router\ROUTER_X=s2'10\ROUTER_Y=s2'10..
Finding unused cells or wires in module $paramod\noc_router\ROUTER_X=s2'10\ROUTER_Y=s2'11..
Finding unused cells or wires in module $paramod\noc_router\ROUTER_X=s2'11\ROUTER_Y=s2'00..
Finding unused cells or wires in module $paramod\noc_router\ROUTER_X=s2'11\ROUTER_Y=s2'01..
Finding unused cells or wires in module $paramod\noc_router\ROUTER_X=s2'11\ROUTER_Y=s2'10..
Finding unused cells or wires in module $paramod\noc_router\ROUTER_X=s2'11\ROUTER_Y=s2'11..
Finding unused cells or wires in module \noc_mesh..
Finding unused cells or wires in module $paramod\noc_router\ROUTER_X=s2'00\ROUTER_Y=s2'00..
Finding unused cells or wires in module \crossbar_5x5..
Finding unused cells or wires in module \switch_allocator..
Finding unused cells or wires in module \round_robin..
Finding unused cells or wires in module \xy_routing..
Finding unused cells or wires in module \fifo_buffer..
Removed 15 unused cells and 15 unused wires.
<suppressed ~17 debug messages>

10.8.8. Executing OPT_EXPR pass (perform const folding).
Optimizing module $paramod\noc_router\ROUTER_X=s2'00\ROUTER_Y=s2'01.
Optimizing module $paramod\noc_router\ROUTER_X=s2'00\ROUTER_Y=s2'10.
Optimizing module $paramod\noc_router\ROUTER_X=s2'00\ROUTER_Y=s2'11.
Optimizing module $paramod\noc_router\ROUTER_X=s2'01\ROUTER_Y=s2'00.
Optimizing module $paramod\noc_router\ROUTER_X=s2'01\ROUTER_Y=s2'01.
Optimizing module $paramod\noc_router\ROUTER_X=s2'01\ROUTER_Y=s2'10.
Optimizing module $paramod\noc_router\ROUTER_X=s2'01\ROUTER_Y=s2'11.
Optimizing module $paramod\noc_router\ROUTER_X=s2'10\ROUTER_Y=s2'00.
Optimizing module $paramod\noc_router\ROUTER_X=s2'10\ROUTER_Y=s2'01.
Optimizing module $paramod\noc_router\ROUTER_X=s2'10\ROUTER_Y=s2'10.
Optimizing module $paramod\noc_router\ROUTER_X=s2'10\ROUTER_Y=s2'11.
Optimizing module $paramod\noc_router\ROUTER_X=s2'11\ROUTER_Y=s2'00.
Optimizing module $paramod\noc_router\ROUTER_X=s2'11\ROUTER_Y=s2'01.
Optimizing module $paramod\noc_router\ROUTER_X=s2'11\ROUTER_Y=s2'10.
Optimizing module $paramod\noc_router\ROUTER_X=s2'11\ROUTER_Y=s2'11.
Optimizing module noc_mesh.
Optimizing module $paramod\noc_router\ROUTER_X=s2'00\ROUTER_Y=s2'00.
Optimizing module crossbar_5x5.
Optimizing module switch_allocator.
Optimizing module round_robin.
<suppressed ~1 debug messages>
Optimizing module xy_routing.
Optimizing module fifo_buffer.
<suppressed ~1 debug messages>

10.8.9. Rerunning OPT passes. (Maybe there is more to do..)

10.8.10. Executing OPT_MUXTREE pass (detect dead branches in mux trees).
Running muxtree optimizer on module $paramod\noc_router\ROUTER_X=s2'00\ROUTER_Y=s2'01..
  Creating internal representation of mux trees.
  Evaluating internal representation of mux trees.
  Analyzing evaluation results.
Running muxtree optimizer on module $paramod\noc_router\ROUTER_X=s2'00\ROUTER_Y=s2'10..
  Creating internal representation of mux trees.
  Evaluating internal representation of mux trees.
  Analyzing evaluation results.
Running muxtree optimizer on module $paramod\noc_router\ROUTER_X=s2'00\ROUTER_Y=s2'11..
  Creating internal representation of mux trees.
  Evaluating internal representation of mux trees.
  Analyzing evaluation results.
Running muxtree optimizer on module $paramod\noc_router\ROUTER_X=s2'01\ROUTER_Y=s2'00..
  Creating internal representation of mux trees.
  Evaluating internal representation of mux trees.
  Analyzing evaluation results.
Running muxtree optimizer on module $paramod\noc_router\ROUTER_X=s2'01\ROUTER_Y=s2'01..
  Creating internal representation of mux trees.
  Evaluating internal representation of mux trees.
  Analyzing evaluation results.
Running muxtree optimizer on module $paramod\noc_router\ROUTER_X=s2'01\ROUTER_Y=s2'10..
  Creating internal representation of mux trees.
  Evaluating internal representation of mux trees.
  Analyzing evaluation results.
Running muxtree optimizer on module $paramod\noc_router\ROUTER_X=s2'01\ROUTER_Y=s2'11..
  Creating internal representation of mux trees.
  Evaluating internal representation of mux trees.
  Analyzing evaluation results.
Running muxtree optimizer on module $paramod\noc_router\ROUTER_X=s2'10\ROUTER_Y=s2'00..
  Creating internal representation of mux trees.
  Evaluating internal representation of mux trees.
  Analyzing evaluation results.
Running muxtree optimizer on module $paramod\noc_router\ROUTER_X=s2'10\ROUTER_Y=s2'01..
  Creating internal representation of mux trees.
  Evaluating internal representation of mux trees.
  Analyzing evaluation results.
Running muxtree optimizer on module $paramod\noc_router\ROUTER_X=s2'10\ROUTER_Y=s2'10..
  Creating internal representation of mux trees.
  Evaluating internal representation of mux trees.
  Analyzing evaluation results.
Running muxtree optimizer on module $paramod\noc_router\ROUTER_X=s2'10\ROUTER_Y=s2'11..
  Creating internal representation of mux trees.
  Evaluating internal representation of mux trees.
  Analyzing evaluation results.
Running muxtree optimizer on module $paramod\noc_router\ROUTER_X=s2'11\ROUTER_Y=s2'00..
  Creating internal representation of mux trees.
  Evaluating internal representation of mux trees.
  Analyzing evaluation results.
Running muxtree optimizer on module $paramod\noc_router\ROUTER_X=s2'11\ROUTER_Y=s2'01..
  Creating internal representation of mux trees.
  Evaluating internal representation of mux trees.
  Analyzing evaluation results.
Running muxtree optimizer on module $paramod\noc_router\ROUTER_X=s2'11\ROUTER_Y=s2'10..
  Creating internal representation of mux trees.
  Evaluating internal representation of mux trees.
  Analyzing evaluation results.
Running muxtree optimizer on module $paramod\noc_router\ROUTER_X=s2'11\ROUTER_Y=s2'11..
  Creating internal representation of mux trees.
  Evaluating internal representation of mux trees.
  Analyzing evaluation results.
Running muxtree optimizer on module \noc_mesh..
  Creating internal representation of mux trees.
  No muxes found in this module.
Running muxtree optimizer on module $paramod\noc_router\ROUTER_X=s2'00\ROUTER_Y=s2'00..
  Creating internal representation of mux trees.
  Evaluating internal representation of mux trees.
  Analyzing evaluation results.
Running muxtree optimizer on module \crossbar_5x5..
  Creating internal representation of mux trees.
  Evaluating internal representation of mux trees.
  Analyzing evaluation results.
Running muxtree optimizer on module \switch_allocator..
  Creating internal representation of mux trees.
  No muxes found in this module.
Running muxtree optimizer on module \round_robin..
  Creating internal representation of mux trees.
  Evaluating internal representation of mux trees.
  Analyzing evaluation results.
Running muxtree optimizer on module \xy_routing..
  Creating internal representation of mux trees.
  Evaluating internal representation of mux trees.
  Analyzing evaluation results.
Running muxtree optimizer on module \fifo_buffer..
  Creating internal representation of mux trees.
  Evaluating internal representation of mux trees.
  Analyzing evaluation results.
Removed 0 multiplexer ports.
<suppressed ~401 debug messages>

10.8.11. Executing OPT_REDUCE pass (consolidate $*mux and $reduce_* inputs).
  Optimizing cells in module $paramod\noc_router\ROUTER_X=s2'00\ROUTER_Y=s2'01.
  Optimizing cells in module $paramod\noc_router\ROUTER_X=s2'00\ROUTER_Y=s2'10.
  Optimizing cells in module $paramod\noc_router\ROUTER_X=s2'00\ROUTER_Y=s2'11.
  Optimizing cells in module $paramod\noc_router\ROUTER_X=s2'01\ROUTER_Y=s2'00.
  Optimizing cells in module $paramod\noc_router\ROUTER_X=s2'01\ROUTER_Y=s2'01.
  Optimizing cells in module $paramod\noc_router\ROUTER_X=s2'01\ROUTER_Y=s2'10.
  Optimizing cells in module $paramod\noc_router\ROUTER_X=s2'01\ROUTER_Y=s2'11.
  Optimizing cells in module $paramod\noc_router\ROUTER_X=s2'10\ROUTER_Y=s2'00.
  Optimizing cells in module $paramod\noc_router\ROUTER_X=s2'10\ROUTER_Y=s2'01.
  Optimizing cells in module $paramod\noc_router\ROUTER_X=s2'10\ROUTER_Y=s2'10.
  Optimizing cells in module $paramod\noc_router\ROUTER_X=s2'10\ROUTER_Y=s2'11.
  Optimizing cells in module $paramod\noc_router\ROUTER_X=s2'11\ROUTER_Y=s2'00.
  Optimizing cells in module $paramod\noc_router\ROUTER_X=s2'11\ROUTER_Y=s2'01.
  Optimizing cells in module $paramod\noc_router\ROUTER_X=s2'11\ROUTER_Y=s2'10.
  Optimizing cells in module $paramod\noc_router\ROUTER_X=s2'11\ROUTER_Y=s2'11.
  Optimizing cells in module \noc_mesh.
  Optimizing cells in module $paramod\noc_router\ROUTER_X=s2'00\ROUTER_Y=s2'00.
  Optimizing cells in module \crossbar_5x5.
  Optimizing cells in module \switch_allocator.
  Optimizing cells in module \round_robin.
  Optimizing cells in module \xy_routing.
  Optimizing cells in module \fifo_buffer.
Performed a total of 0 changes.

10.8.12. Executing OPT_MERGE pass (detect identical cells).
Finding identical cells in module `$paramod\noc_router\ROUTER_X=s2'00\ROUTER_Y=s2'01'.
Computing hashes of 79 cells of `$paramod\noc_router\ROUTER_X=s2'00\ROUTER_Y=s2'01'.
Finding duplicate cells in `$paramod\noc_router\ROUTER_X=s2'00\ROUTER_Y=s2'01'.
Finding identical cells in module `$paramod\noc_router\ROUTER_X=s2'00\ROUTER_Y=s2'10'.
Computing hashes of 79 cells of `$paramod\noc_router\ROUTER_X=s2'00\ROUTER_Y=s2'10'.
Finding duplicate cells in `$paramod\noc_router\ROUTER_X=s2'00\ROUTER_Y=s2'10'.
Finding identical cells in module `$paramod\noc_router\ROUTER_X=s2'00\ROUTER_Y=s2'11'.
Computing hashes of 79 cells of `$paramod\noc_router\ROUTER_X=s2'00\ROUTER_Y=s2'11'.
Finding duplicate cells in `$paramod\noc_router\ROUTER_X=s2'00\ROUTER_Y=s2'11'.
Finding identical cells in module `$paramod\noc_router\ROUTER_X=s2'01\ROUTER_Y=s2'00'.
Computing hashes of 79 cells of `$paramod\noc_router\ROUTER_X=s2'01\ROUTER_Y=s2'00'.
Finding duplicate cells in `$paramod\noc_router\ROUTER_X=s2'01\ROUTER_Y=s2'00'.
Finding identical cells in module `$paramod\noc_router\ROUTER_X=s2'01\ROUTER_Y=s2'01'.
Computing hashes of 79 cells of `$paramod\noc_router\ROUTER_X=s2'01\ROUTER_Y=s2'01'.
Finding duplicate cells in `$paramod\noc_router\ROUTER_X=s2'01\ROUTER_Y=s2'01'.
Finding identical cells in module `$paramod\noc_router\ROUTER_X=s2'01\ROUTER_Y=s2'10'.
Computing hashes of 79 cells of `$paramod\noc_router\ROUTER_X=s2'01\ROUTER_Y=s2'10'.
Finding duplicate cells in `$paramod\noc_router\ROUTER_X=s2'01\ROUTER_Y=s2'10'.
Finding identical cells in module `$paramod\noc_router\ROUTER_X=s2'01\ROUTER_Y=s2'11'.
Computing hashes of 79 cells of `$paramod\noc_router\ROUTER_X=s2'01\ROUTER_Y=s2'11'.
Finding duplicate cells in `$paramod\noc_router\ROUTER_X=s2'01\ROUTER_Y=s2'11'.
Finding identical cells in module `$paramod\noc_router\ROUTER_X=s2'10\ROUTER_Y=s2'00'.
Computing hashes of 79 cells of `$paramod\noc_router\ROUTER_X=s2'10\ROUTER_Y=s2'00'.
Finding duplicate cells in `$paramod\noc_router\ROUTER_X=s2'10\ROUTER_Y=s2'00'.
Finding identical cells in module `$paramod\noc_router\ROUTER_X=s2'10\ROUTER_Y=s2'01'.
Computing hashes of 79 cells of `$paramod\noc_router\ROUTER_X=s2'10\ROUTER_Y=s2'01'.
Finding duplicate cells in `$paramod\noc_router\ROUTER_X=s2'10\ROUTER_Y=s2'01'.
Finding identical cells in module `$paramod\noc_router\ROUTER_X=s2'10\ROUTER_Y=s2'10'.
Computing hashes of 79 cells of `$paramod\noc_router\ROUTER_X=s2'10\ROUTER_Y=s2'10'.
Finding duplicate cells in `$paramod\noc_router\ROUTER_X=s2'10\ROUTER_Y=s2'10'.
Finding identical cells in module `$paramod\noc_router\ROUTER_X=s2'10\ROUTER_Y=s2'11'.
Computing hashes of 79 cells of `$paramod\noc_router\ROUTER_X=s2'10\ROUTER_Y=s2'11'.
Finding duplicate cells in `$paramod\noc_router\ROUTER_X=s2'10\ROUTER_Y=s2'11'.
Finding identical cells in module `$paramod\noc_router\ROUTER_X=s2'11\ROUTER_Y=s2'00'.
Computing hashes of 79 cells of `$paramod\noc_router\ROUTER_X=s2'11\ROUTER_Y=s2'00'.
Finding duplicate cells in `$paramod\noc_router\ROUTER_X=s2'11\ROUTER_Y=s2'00'.
Finding identical cells in module `$paramod\noc_router\ROUTER_X=s2'11\ROUTER_Y=s2'01'.
Computing hashes of 79 cells of `$paramod\noc_router\ROUTER_X=s2'11\ROUTER_Y=s2'01'.
Finding duplicate cells in `$paramod\noc_router\ROUTER_X=s2'11\ROUTER_Y=s2'01'.
Finding identical cells in module `$paramod\noc_router\ROUTER_X=s2'11\ROUTER_Y=s2'10'.
Computing hashes of 79 cells of `$paramod\noc_router\ROUTER_X=s2'11\ROUTER_Y=s2'10'.
Finding duplicate cells in `$paramod\noc_router\ROUTER_X=s2'11\ROUTER_Y=s2'10'.
Finding identical cells in module `$paramod\noc_router\ROUTER_X=s2'11\ROUTER_Y=s2'11'.
Computing hashes of 79 cells of `$paramod\noc_router\ROUTER_X=s2'11\ROUTER_Y=s2'11'.
Finding duplicate cells in `$paramod\noc_router\ROUTER_X=s2'11\ROUTER_Y=s2'11'.
Finding identical cells in module `\noc_mesh'.
Computing hashes of 16 cells of `\noc_mesh'.
Finding duplicate cells in `\noc_mesh'.
Finding identical cells in module `$paramod\noc_router\ROUTER_X=s2'00\ROUTER_Y=s2'00'.
Computing hashes of 79 cells of `$paramod\noc_router\ROUTER_X=s2'00\ROUTER_Y=s2'00'.
Finding duplicate cells in `$paramod\noc_router\ROUTER_X=s2'00\ROUTER_Y=s2'00'.
Finding identical cells in module `\crossbar_5x5'.
Computing hashes of 25 cells of `\crossbar_5x5'.
Finding duplicate cells in `\crossbar_5x5'.
Finding identical cells in module `\switch_allocator'.
Computing hashes of 5 cells of `\switch_allocator'.
Finding duplicate cells in `\switch_allocator'.
Finding identical cells in module `\round_robin'.
Computing hashes of 85 cells of `\round_robin'.
Finding duplicate cells in `\round_robin'.
Computing hashes of 84 cells of `\round_robin'.
Finding duplicate cells in `\round_robin'.
<suppressed ~3 debug messages>
Finding identical cells in module `\xy_routing'.
Computing hashes of 8 cells of `\xy_routing'.
Finding duplicate cells in `\xy_routing'.
Finding identical cells in module `\fifo_buffer'.
Computing hashes of 34 cells of `\fifo_buffer'.
Finding duplicate cells in `\fifo_buffer'.
Removed a total of 1 cells.

10.8.13. Executing OPT_DFF pass (perform DFF optimizations).

10.8.14. Executing OPT_CLEAN pass (remove unused cells and wires).
Finding unused cells or wires in module $paramod\noc_router\ROUTER_X=s2'00\ROUTER_Y=s2'01..
Finding unused cells or wires in module $paramod\noc_router\ROUTER_X=s2'00\ROUTER_Y=s2'10..
Finding unused cells or wires in module $paramod\noc_router\ROUTER_X=s2'00\ROUTER_Y=s2'11..
Finding unused cells or wires in module $paramod\noc_router\ROUTER_X=s2'01\ROUTER_Y=s2'00..
Finding unused cells or wires in module $paramod\noc_router\ROUTER_X=s2'01\ROUTER_Y=s2'01..
Finding unused cells or wires in module $paramod\noc_router\ROUTER_X=s2'01\ROUTER_Y=s2'10..
Finding unused cells or wires in module $paramod\noc_router\ROUTER_X=s2'01\ROUTER_Y=s2'11..
Finding unused cells or wires in module $paramod\noc_router\ROUTER_X=s2'10\ROUTER_Y=s2'00..
Finding unused cells or wires in module $paramod\noc_router\ROUTER_X=s2'10\ROUTER_Y=s2'01..
Finding unused cells or wires in module $paramod\noc_router\ROUTER_X=s2'10\ROUTER_Y=s2'10..
Finding unused cells or wires in module $paramod\noc_router\ROUTER_X=s2'10\ROUTER_Y=s2'11..
Finding unused cells or wires in module $paramod\noc_router\ROUTER_X=s2'11\ROUTER_Y=s2'00..
Finding unused cells or wires in module $paramod\noc_router\ROUTER_X=s2'11\ROUTER_Y=s2'01..
Finding unused cells or wires in module $paramod\noc_router\ROUTER_X=s2'11\ROUTER_Y=s2'10..
Finding unused cells or wires in module $paramod\noc_router\ROUTER_X=s2'11\ROUTER_Y=s2'11..
Finding unused cells or wires in module \noc_mesh..
Finding unused cells or wires in module $paramod\noc_router\ROUTER_X=s2'00\ROUTER_Y=s2'00..
Finding unused cells or wires in module \crossbar_5x5..
Finding unused cells or wires in module \switch_allocator..
Finding unused cells or wires in module \round_robin..
Finding unused cells or wires in module \xy_routing..
Finding unused cells or wires in module \fifo_buffer..
Removed 0 unused cells and 1 unused wires.
<suppressed ~1 debug messages>

10.8.15. Executing OPT_EXPR pass (perform const folding).
Optimizing module $paramod\noc_router\ROUTER_X=s2'00\ROUTER_Y=s2'01.
Optimizing module $paramod\noc_router\ROUTER_X=s2'00\ROUTER_Y=s2'10.
Optimizing module $paramod\noc_router\ROUTER_X=s2'00\ROUTER_Y=s2'11.
Optimizing module $paramod\noc_router\ROUTER_X=s2'01\ROUTER_Y=s2'00.
Optimizing module $paramod\noc_router\ROUTER_X=s2'01\ROUTER_Y=s2'01.
Optimizing module $paramod\noc_router\ROUTER_X=s2'01\ROUTER_Y=s2'10.
Optimizing module $paramod\noc_router\ROUTER_X=s2'01\ROUTER_Y=s2'11.
Optimizing module $paramod\noc_router\ROUTER_X=s2'10\ROUTER_Y=s2'00.
Optimizing module $paramod\noc_router\ROUTER_X=s2'10\ROUTER_Y=s2'01.
Optimizing module $paramod\noc_router\ROUTER_X=s2'10\ROUTER_Y=s2'10.
Optimizing module $paramod\noc_router\ROUTER_X=s2'10\ROUTER_Y=s2'11.
Optimizing module $paramod\noc_router\ROUTER_X=s2'11\ROUTER_Y=s2'00.
Optimizing module $paramod\noc_router\ROUTER_X=s2'11\ROUTER_Y=s2'01.
Optimizing module $paramod\noc_router\ROUTER_X=s2'11\ROUTER_Y=s2'10.
Optimizing module $paramod\noc_router\ROUTER_X=s2'11\ROUTER_Y=s2'11.
Optimizing module noc_mesh.
Optimizing module $paramod\noc_router\ROUTER_X=s2'00\ROUTER_Y=s2'00.
Optimizing module crossbar_5x5.
Optimizing module switch_allocator.
Optimizing module round_robin.
Optimizing module xy_routing.
Optimizing module fifo_buffer.

10.8.16. Rerunning OPT passes. (Maybe there is more to do..)

10.8.17. Executing OPT_MUXTREE pass (detect dead branches in mux trees).
Running muxtree optimizer on module $paramod\noc_router\ROUTER_X=s2'00\ROUTER_Y=s2'01..
  Creating internal representation of mux trees.
  Evaluating internal representation of mux trees.
  Analyzing evaluation results.
Running muxtree optimizer on module $paramod\noc_router\ROUTER_X=s2'00\ROUTER_Y=s2'10..
  Creating internal representation of mux trees.
  Evaluating internal representation of mux trees.
  Analyzing evaluation results.
Running muxtree optimizer on module $paramod\noc_router\ROUTER_X=s2'00\ROUTER_Y=s2'11..
  Creating internal representation of mux trees.
  Evaluating internal representation of mux trees.
  Analyzing evaluation results.
Running muxtree optimizer on module $paramod\noc_router\ROUTER_X=s2'01\ROUTER_Y=s2'00..
  Creating internal representation of mux trees.
  Evaluating internal representation of mux trees.
  Analyzing evaluation results.
Running muxtree optimizer on module $paramod\noc_router\ROUTER_X=s2'01\ROUTER_Y=s2'01..
  Creating internal representation of mux trees.
  Evaluating internal representation of mux trees.
  Analyzing evaluation results.
Running muxtree optimizer on module $paramod\noc_router\ROUTER_X=s2'01\ROUTER_Y=s2'10..
  Creating internal representation of mux trees.
  Evaluating internal representation of mux trees.
  Analyzing evaluation results.
Running muxtree optimizer on module $paramod\noc_router\ROUTER_X=s2'01\ROUTER_Y=s2'11..
  Creating internal representation of mux trees.
  Evaluating internal representation of mux trees.
  Analyzing evaluation results.
Running muxtree optimizer on module $paramod\noc_router\ROUTER_X=s2'10\ROUTER_Y=s2'00..
  Creating internal representation of mux trees.
  Evaluating internal representation of mux trees.
  Analyzing evaluation results.
Running muxtree optimizer on module $paramod\noc_router\ROUTER_X=s2'10\ROUTER_Y=s2'01..
  Creating internal representation of mux trees.
  Evaluating internal representation of mux trees.
  Analyzing evaluation results.
Running muxtree optimizer on module $paramod\noc_router\ROUTER_X=s2'10\ROUTER_Y=s2'10..
  Creating internal representation of mux trees.
  Evaluating internal representation of mux trees.
  Analyzing evaluation results.
Running muxtree optimizer on module $paramod\noc_router\ROUTER_X=s2'10\ROUTER_Y=s2'11..
  Creating internal representation of mux trees.
  Evaluating internal representation of mux trees.
  Analyzing evaluation results.
Running muxtree optimizer on module $paramod\noc_router\ROUTER_X=s2'11\ROUTER_Y=s2'00..
  Creating internal representation of mux trees.
  Evaluating internal representation of mux trees.
  Analyzing evaluation results.
Running muxtree optimizer on module $paramod\noc_router\ROUTER_X=s2'11\ROUTER_Y=s2'01..
  Creating internal representation of mux trees.
  Evaluating internal representation of mux trees.
  Analyzing evaluation results.
Running muxtree optimizer on module $paramod\noc_router\ROUTER_X=s2'11\ROUTER_Y=s2'10..
  Creating internal representation of mux trees.
  Evaluating internal representation of mux trees.
  Analyzing evaluation results.
Running muxtree optimizer on module $paramod\noc_router\ROUTER_X=s2'11\ROUTER_Y=s2'11..
  Creating internal representation of mux trees.
  Evaluating internal representation of mux trees.
  Analyzing evaluation results.
Running muxtree optimizer on module \noc_mesh..
  Creating internal representation of mux trees.
  No muxes found in this module.
Running muxtree optimizer on module $paramod\noc_router\ROUTER_X=s2'00\ROUTER_Y=s2'00..
  Creating internal representation of mux trees.
  Evaluating internal representation of mux trees.
  Analyzing evaluation results.
Running muxtree optimizer on module \crossbar_5x5..
  Creating internal representation of mux trees.
  Evaluating internal representation of mux trees.
  Analyzing evaluation results.
Running muxtree optimizer on module \switch_allocator..
  Creating internal representation of mux trees.
  No muxes found in this module.
Running muxtree optimizer on module \round_robin..
  Creating internal representation of mux trees.
  Evaluating internal representation of mux trees.
  Analyzing evaluation results.
Running muxtree optimizer on module \xy_routing..
  Creating internal representation of mux trees.
  Evaluating internal representation of mux trees.
  Analyzing evaluation results.
Running muxtree optimizer on module \fifo_buffer..
  Creating internal representation of mux trees.
  Evaluating internal representation of mux trees.
  Analyzing evaluation results.
Removed 0 multiplexer ports.
<suppressed ~401 debug messages>

10.8.18. Executing OPT_REDUCE pass (consolidate $*mux and $reduce_* inputs).
  Optimizing cells in module $paramod\noc_router\ROUTER_X=s2'00\ROUTER_Y=s2'01.
  Optimizing cells in module $paramod\noc_router\ROUTER_X=s2'00\ROUTER_Y=s2'10.
  Optimizing cells in module $paramod\noc_router\ROUTER_X=s2'00\ROUTER_Y=s2'11.
  Optimizing cells in module $paramod\noc_router\ROUTER_X=s2'01\ROUTER_Y=s2'00.
  Optimizing cells in module $paramod\noc_router\ROUTER_X=s2'01\ROUTER_Y=s2'01.
  Optimizing cells in module $paramod\noc_router\ROUTER_X=s2'01\ROUTER_Y=s2'10.
  Optimizing cells in module $paramod\noc_router\ROUTER_X=s2'01\ROUTER_Y=s2'11.
  Optimizing cells in module $paramod\noc_router\ROUTER_X=s2'10\ROUTER_Y=s2'00.
  Optimizing cells in module $paramod\noc_router\ROUTER_X=s2'10\ROUTER_Y=s2'01.
  Optimizing cells in module $paramod\noc_router\ROUTER_X=s2'10\ROUTER_Y=s2'10.
  Optimizing cells in module $paramod\noc_router\ROUTER_X=s2'10\ROUTER_Y=s2'11.
  Optimizing cells in module $paramod\noc_router\ROUTER_X=s2'11\ROUTER_Y=s2'00.
  Optimizing cells in module $paramod\noc_router\ROUTER_X=s2'11\ROUTER_Y=s2'01.
  Optimizing cells in module $paramod\noc_router\ROUTER_X=s2'11\ROUTER_Y=s2'10.
  Optimizing cells in module $paramod\noc_router\ROUTER_X=s2'11\ROUTER_Y=s2'11.
  Optimizing cells in module \noc_mesh.
  Optimizing cells in module $paramod\noc_router\ROUTER_X=s2'00\ROUTER_Y=s2'00.
  Optimizing cells in module \crossbar_5x5.
  Optimizing cells in module \switch_allocator.
  Optimizing cells in module \round_robin.
  Optimizing cells in module \xy_routing.
  Optimizing cells in module \fifo_buffer.
Performed a total of 0 changes.

10.8.19. Executing OPT_MERGE pass (detect identical cells).
Finding identical cells in module `$paramod\noc_router\ROUTER_X=s2'00\ROUTER_Y=s2'01'.
Computing hashes of 79 cells of `$paramod\noc_router\ROUTER_X=s2'00\ROUTER_Y=s2'01'.
Finding duplicate cells in `$paramod\noc_router\ROUTER_X=s2'00\ROUTER_Y=s2'01'.
Finding identical cells in module `$paramod\noc_router\ROUTER_X=s2'00\ROUTER_Y=s2'10'.
Computing hashes of 79 cells of `$paramod\noc_router\ROUTER_X=s2'00\ROUTER_Y=s2'10'.
Finding duplicate cells in `$paramod\noc_router\ROUTER_X=s2'00\ROUTER_Y=s2'10'.
Finding identical cells in module `$paramod\noc_router\ROUTER_X=s2'00\ROUTER_Y=s2'11'.
Computing hashes of 79 cells of `$paramod\noc_router\ROUTER_X=s2'00\ROUTER_Y=s2'11'.
Finding duplicate cells in `$paramod\noc_router\ROUTER_X=s2'00\ROUTER_Y=s2'11'.
Finding identical cells in module `$paramod\noc_router\ROUTER_X=s2'01\ROUTER_Y=s2'00'.
Computing hashes of 79 cells of `$paramod\noc_router\ROUTER_X=s2'01\ROUTER_Y=s2'00'.
Finding duplicate cells in `$paramod\noc_router\ROUTER_X=s2'01\ROUTER_Y=s2'00'.
Finding identical cells in module `$paramod\noc_router\ROUTER_X=s2'01\ROUTER_Y=s2'01'.
Computing hashes of 79 cells of `$paramod\noc_router\ROUTER_X=s2'01\ROUTER_Y=s2'01'.
Finding duplicate cells in `$paramod\noc_router\ROUTER_X=s2'01\ROUTER_Y=s2'01'.
Finding identical cells in module `$paramod\noc_router\ROUTER_X=s2'01\ROUTER_Y=s2'10'.
Computing hashes of 79 cells of `$paramod\noc_router\ROUTER_X=s2'01\ROUTER_Y=s2'10'.
Finding duplicate cells in `$paramod\noc_router\ROUTER_X=s2'01\ROUTER_Y=s2'10'.
Finding identical cells in module `$paramod\noc_router\ROUTER_X=s2'01\ROUTER_Y=s2'11'.
Computing hashes of 79 cells of `$paramod\noc_router\ROUTER_X=s2'01\ROUTER_Y=s2'11'.
Finding duplicate cells in `$paramod\noc_router\ROUTER_X=s2'01\ROUTER_Y=s2'11'.
Finding identical cells in module `$paramod\noc_router\ROUTER_X=s2'10\ROUTER_Y=s2'00'.
Computing hashes of 79 cells of `$paramod\noc_router\ROUTER_X=s2'10\ROUTER_Y=s2'00'.
Finding duplicate cells in `$paramod\noc_router\ROUTER_X=s2'10\ROUTER_Y=s2'00'.
Finding identical cells in module `$paramod\noc_router\ROUTER_X=s2'10\ROUTER_Y=s2'01'.
Computing hashes of 79 cells of `$paramod\noc_router\ROUTER_X=s2'10\ROUTER_Y=s2'01'.
Finding duplicate cells in `$paramod\noc_router\ROUTER_X=s2'10\ROUTER_Y=s2'01'.
Finding identical cells in module `$paramod\noc_router\ROUTER_X=s2'10\ROUTER_Y=s2'10'.
Computing hashes of 79 cells of `$paramod\noc_router\ROUTER_X=s2'10\ROUTER_Y=s2'10'.
Finding duplicate cells in `$paramod\noc_router\ROUTER_X=s2'10\ROUTER_Y=s2'10'.
Finding identical cells in module `$paramod\noc_router\ROUTER_X=s2'10\ROUTER_Y=s2'11'.
Computing hashes of 79 cells of `$paramod\noc_router\ROUTER_X=s2'10\ROUTER_Y=s2'11'.
Finding duplicate cells in `$paramod\noc_router\ROUTER_X=s2'10\ROUTER_Y=s2'11'.
Finding identical cells in module `$paramod\noc_router\ROUTER_X=s2'11\ROUTER_Y=s2'00'.
Computing hashes of 79 cells of `$paramod\noc_router\ROUTER_X=s2'11\ROUTER_Y=s2'00'.
Finding duplicate cells in `$paramod\noc_router\ROUTER_X=s2'11\ROUTER_Y=s2'00'.
Finding identical cells in module `$paramod\noc_router\ROUTER_X=s2'11\ROUTER_Y=s2'01'.
Computing hashes of 79 cells of `$paramod\noc_router\ROUTER_X=s2'11\ROUTER_Y=s2'01'.
Finding duplicate cells in `$paramod\noc_router\ROUTER_X=s2'11\ROUTER_Y=s2'01'.
Finding identical cells in module `$paramod\noc_router\ROUTER_X=s2'11\ROUTER_Y=s2'10'.
Computing hashes of 79 cells of `$paramod\noc_router\ROUTER_X=s2'11\ROUTER_Y=s2'10'.
Finding duplicate cells in `$paramod\noc_router\ROUTER_X=s2'11\ROUTER_Y=s2'10'.
Finding identical cells in module `$paramod\noc_router\ROUTER_X=s2'11\ROUTER_Y=s2'11'.
Computing hashes of 79 cells of `$paramod\noc_router\ROUTER_X=s2'11\ROUTER_Y=s2'11'.
Finding duplicate cells in `$paramod\noc_router\ROUTER_X=s2'11\ROUTER_Y=s2'11'.
Finding identical cells in module `\noc_mesh'.
Computing hashes of 16 cells of `\noc_mesh'.
Finding duplicate cells in `\noc_mesh'.
Finding identical cells in module `$paramod\noc_router\ROUTER_X=s2'00\ROUTER_Y=s2'00'.
Computing hashes of 79 cells of `$paramod\noc_router\ROUTER_X=s2'00\ROUTER_Y=s2'00'.
Finding duplicate cells in `$paramod\noc_router\ROUTER_X=s2'00\ROUTER_Y=s2'00'.
Finding identical cells in module `\crossbar_5x5'.
Computing hashes of 25 cells of `\crossbar_5x5'.
Finding duplicate cells in `\crossbar_5x5'.
Finding identical cells in module `\switch_allocator'.
Computing hashes of 5 cells of `\switch_allocator'.
Finding duplicate cells in `\switch_allocator'.
Finding identical cells in module `\round_robin'.
Computing hashes of 84 cells of `\round_robin'.
Finding duplicate cells in `\round_robin'.
Finding identical cells in module `\xy_routing'.
Computing hashes of 8 cells of `\xy_routing'.
Finding duplicate cells in `\xy_routing'.
Finding identical cells in module `\fifo_buffer'.
Computing hashes of 34 cells of `\fifo_buffer'.
Finding duplicate cells in `\fifo_buffer'.
Removed a total of 0 cells.

10.8.20. Executing OPT_DFF pass (perform DFF optimizations).

10.8.21. Executing OPT_CLEAN pass (remove unused cells and wires).
Finding unused cells or wires in module $paramod\noc_router\ROUTER_X=s2'00\ROUTER_Y=s2'01..
Finding unused cells or wires in module $paramod\noc_router\ROUTER_X=s2'00\ROUTER_Y=s2'10..
Finding unused cells or wires in module $paramod\noc_router\ROUTER_X=s2'00\ROUTER_Y=s2'11..
Finding unused cells or wires in module $paramod\noc_router\ROUTER_X=s2'01\ROUTER_Y=s2'00..
Finding unused cells or wires in module $paramod\noc_router\ROUTER_X=s2'01\ROUTER_Y=s2'01..
Finding unused cells or wires in module $paramod\noc_router\ROUTER_X=s2'01\ROUTER_Y=s2'10..
Finding unused cells or wires in module $paramod\noc_router\ROUTER_X=s2'01\ROUTER_Y=s2'11..
Finding unused cells or wires in module $paramod\noc_router\ROUTER_X=s2'10\ROUTER_Y=s2'00..
Finding unused cells or wires in module $paramod\noc_router\ROUTER_X=s2'10\ROUTER_Y=s2'01..
Finding unused cells or wires in module $paramod\noc_router\ROUTER_X=s2'10\ROUTER_Y=s2'10..
Finding unused cells or wires in module $paramod\noc_router\ROUTER_X=s2'10\ROUTER_Y=s2'11..
Finding unused cells or wires in module $paramod\noc_router\ROUTER_X=s2'11\ROUTER_Y=s2'00..
Finding unused cells or wires in module $paramod\noc_router\ROUTER_X=s2'11\ROUTER_Y=s2'01..
Finding unused cells or wires in module $paramod\noc_router\ROUTER_X=s2'11\ROUTER_Y=s2'10..
Finding unused cells or wires in module $paramod\noc_router\ROUTER_X=s2'11\ROUTER_Y=s2'11..
Finding unused cells or wires in module \noc_mesh..
Finding unused cells or wires in module $paramod\noc_router\ROUTER_X=s2'00\ROUTER_Y=s2'00..
Finding unused cells or wires in module \crossbar_5x5..
Finding unused cells or wires in module \switch_allocator..
Finding unused cells or wires in module \round_robin..
Finding unused cells or wires in module \xy_routing..
Finding unused cells or wires in module \fifo_buffer..

10.8.22. Executing OPT_EXPR pass (perform const folding).
Optimizing module $paramod\noc_router\ROUTER_X=s2'00\ROUTER_Y=s2'01.
Optimizing module $paramod\noc_router\ROUTER_X=s2'00\ROUTER_Y=s2'10.
Optimizing module $paramod\noc_router\ROUTER_X=s2'00\ROUTER_Y=s2'11.
Optimizing module $paramod\noc_router\ROUTER_X=s2'01\ROUTER_Y=s2'00.
Optimizing module $paramod\noc_router\ROUTER_X=s2'01\ROUTER_Y=s2'01.
Optimizing module $paramod\noc_router\ROUTER_X=s2'01\ROUTER_Y=s2'10.
Optimizing module $paramod\noc_router\ROUTER_X=s2'01\ROUTER_Y=s2'11.
Optimizing module $paramod\noc_router\ROUTER_X=s2'10\ROUTER_Y=s2'00.
Optimizing module $paramod\noc_router\ROUTER_X=s2'10\ROUTER_Y=s2'01.
Optimizing module $paramod\noc_router\ROUTER_X=s2'10\ROUTER_Y=s2'10.
Optimizing module $paramod\noc_router\ROUTER_X=s2'10\ROUTER_Y=s2'11.
Optimizing module $paramod\noc_router\ROUTER_X=s2'11\ROUTER_Y=s2'00.
Optimizing module $paramod\noc_router\ROUTER_X=s2'11\ROUTER_Y=s2'01.
Optimizing module $paramod\noc_router\ROUTER_X=s2'11\ROUTER_Y=s2'10.
Optimizing module $paramod\noc_router\ROUTER_X=s2'11\ROUTER_Y=s2'11.
Optimizing module noc_mesh.
Optimizing module $paramod\noc_router\ROUTER_X=s2'00\ROUTER_Y=s2'00.
Optimizing module crossbar_5x5.
Optimizing module switch_allocator.
Optimizing module round_robin.
Optimizing module xy_routing.
Optimizing module fifo_buffer.

10.8.23. Finished fast OPT passes. (There is nothing left to do.)

10.9. Executing WREDUCE pass (reducing word size of cells).
Converting cell $paramod\noc_router\ROUTER_X=s2'00\ROUTER_Y=s2'01.$neg$../flattened_rtl/noc_router.sv:77$1847 ($neg) from signed to unsigned.
Removed top 1 bits (of 33) from port A of cell $paramod\noc_router\ROUTER_X=s2'00\ROUTER_Y=s2'01.$neg$../flattened_rtl/noc_router.sv:77$1847 ($neg).
Converting cell $paramod\noc_router\ROUTER_X=s2'00\ROUTER_Y=s2'01.$neg$../flattened_rtl/noc_router.sv:77$1858 ($neg) from signed to unsigned.
Removed top 1 bits (of 33) from port A of cell $paramod\noc_router\ROUTER_X=s2'00\ROUTER_Y=s2'01.$neg$../flattened_rtl/noc_router.sv:77$1858 ($neg).
Converting cell $paramod\noc_router\ROUTER_X=s2'00\ROUTER_Y=s2'01.$neg$../flattened_rtl/noc_router.sv:77$1869 ($neg) from signed to unsigned.
Removed top 1 bits (of 33) from port A of cell $paramod\noc_router\ROUTER_X=s2'00\ROUTER_Y=s2'01.$neg$../flattened_rtl/noc_router.sv:77$1869 ($neg).
Converting cell $paramod\noc_router\ROUTER_X=s2'00\ROUTER_Y=s2'01.$neg$../flattened_rtl/noc_router.sv:77$1880 ($neg) from signed to unsigned.
Removed top 1 bits (of 33) from port A of cell $paramod\noc_router\ROUTER_X=s2'00\ROUTER_Y=s2'01.$neg$../flattened_rtl/noc_router.sv:77$1880 ($neg).
Converting cell $paramod\noc_router\ROUTER_X=s2'00\ROUTER_Y=s2'01.$neg$../flattened_rtl/noc_router.sv:77$1891 ($neg) from signed to unsigned.
Removed top 1 bits (of 33) from port A of cell $paramod\noc_router\ROUTER_X=s2'00\ROUTER_Y=s2'01.$neg$../flattened_rtl/noc_router.sv:77$1891 ($neg).
Removed top 29 bits (of 32) from port B of cell $paramod\noc_router\ROUTER_X=s2'00\ROUTER_Y=s2'01.$mul$../flattened_rtl/noc_router.sv:90$1897 ($mul).
Removed top 26 bits (of 32) from port Y of cell $paramod\noc_router\ROUTER_X=s2'00\ROUTER_Y=s2'01.$mul$../flattened_rtl/noc_router.sv:90$1897 ($mul).
Removed top 25 bits (of 32) from port B of cell $paramod\noc_router\ROUTER_X=s2'00\ROUTER_Y=s2'01.$shiftx$../flattened_rtl/noc_router.sv:89$1899 ($shiftx).
Removed top 29 bits (of 32) from port B of cell $paramod\noc_router\ROUTER_X=s2'00\ROUTER_Y=s2'01.$mul$../flattened_rtl/noc_router.sv:90$1903 ($mul).
Removed top 26 bits (of 32) from port Y of cell $paramod\noc_router\ROUTER_X=s2'00\ROUTER_Y=s2'01.$mul$../flattened_rtl/noc_router.sv:90$1903 ($mul).
Removed top 26 bits (of 32) from port A of cell $paramod\noc_router\ROUTER_X=s2'00\ROUTER_Y=s2'01.$add$../flattened_rtl/noc_router.sv:90$1904 ($add).
Removed top 31 bits (of 32) from port B of cell $paramod\noc_router\ROUTER_X=s2'00\ROUTER_Y=s2'01.$add$../flattened_rtl/noc_router.sv:90$1904 ($add).
Removed top 25 bits (of 32) from port Y of cell $paramod\noc_router\ROUTER_X=s2'00\ROUTER_Y=s2'01.$add$../flattened_rtl/noc_router.sv:90$1904 ($add).
Removed top 24 bits (of 32) from port B of cell $paramod\noc_router\ROUTER_X=s2'00\ROUTER_Y=s2'01.$shiftx$../flattened_rtl/noc_router.sv:89$1905 ($shiftx).
Removed top 29 bits (of 32) from port B of cell $paramod\noc_router\ROUTER_X=s2'00\ROUTER_Y=s2'01.$mul$../flattened_rtl/noc_router.sv:90$1909 ($mul).
Removed top 26 bits (of 32) from port Y of cell $paramod\noc_router\ROUTER_X=s2'00\ROUTER_Y=s2'01.$mul$../flattened_rtl/noc_router.sv:90$1909 ($mul).
Removed top 26 bits (of 32) from port A of cell $paramod\noc_router\ROUTER_X=s2'00\ROUTER_Y=s2'01.$add$../flattened_rtl/noc_router.sv:90$1910 ($add).
Removed top 30 bits (of 32) from port B of cell $paramod\noc_router\ROUTER_X=s2'00\ROUTER_Y=s2'01.$add$../flattened_rtl/noc_router.sv:90$1910 ($add).
Removed top 25 bits (of 32) from port Y of cell $paramod\noc_router\ROUTER_X=s2'00\ROUTER_Y=s2'01.$add$../flattened_rtl/noc_router.sv:90$1910 ($add).
Removed top 24 bits (of 32) from port B of cell $paramod\noc_router\ROUTER_X=s2'00\ROUTER_Y=s2'01.$shiftx$../flattened_rtl/noc_router.sv:89$1911 ($shiftx).
Removed top 29 bits (of 32) from port B of cell $paramod\noc_router\ROUTER_X=s2'00\ROUTER_Y=s2'01.$mul$../flattened_rtl/noc_router.sv:90$1915 ($mul).
Removed top 26 bits (of 32) from port Y of cell $paramod\noc_router\ROUTER_X=s2'00\ROUTER_Y=s2'01.$mul$../flattened_rtl/noc_router.sv:90$1915 ($mul).
Removed top 26 bits (of 32) from port A of cell $paramod\noc_router\ROUTER_X=s2'00\ROUTER_Y=s2'01.$add$../flattened_rtl/noc_router.sv:90$1916 ($add).
Removed top 30 bits (of 32) from port B of cell $paramod\noc_router\ROUTER_X=s2'00\ROUTER_Y=s2'01.$add$../flattened_rtl/noc_router.sv:90$1916 ($add).
Removed top 25 bits (of 32) from port Y of cell $paramod\noc_router\ROUTER_X=s2'00\ROUTER_Y=s2'01.$add$../flattened_rtl/noc_router.sv:90$1916 ($add).
Removed top 24 bits (of 32) from port B of cell $paramod\noc_router\ROUTER_X=s2'00\ROUTER_Y=s2'01.$shiftx$../flattened_rtl/noc_router.sv:89$1917 ($shiftx).
Removed top 29 bits (of 32) from port B of cell $paramod\noc_router\ROUTER_X=s2'00\ROUTER_Y=s2'01.$mul$../flattened_rtl/noc_router.sv:90$1921 ($mul).
Removed top 26 bits (of 32) from port Y of cell $paramod\noc_router\ROUTER_X=s2'00\ROUTER_Y=s2'01.$mul$../flattened_rtl/noc_router.sv:90$1921 ($mul).
Removed top 26 bits (of 32) from port A of cell $paramod\noc_router\ROUTER_X=s2'00\ROUTER_Y=s2'01.$add$../flattened_rtl/noc_router.sv:90$1922 ($add).
Removed top 29 bits (of 32) from port B of cell $paramod\noc_router\ROUTER_X=s2'00\ROUTER_Y=s2'01.$add$../flattened_rtl/noc_router.sv:90$1922 ($add).
Removed top 25 bits (of 32) from port Y of cell $paramod\noc_router\ROUTER_X=s2'00\ROUTER_Y=s2'01.$add$../flattened_rtl/noc_router.sv:90$1922 ($add).
Removed top 24 bits (of 32) from port B of cell $paramod\noc_router\ROUTER_X=s2'00\ROUTER_Y=s2'01.$shiftx$../flattened_rtl/noc_router.sv:89$1923 ($shiftx).
Removed top 25 bits (of 32) from wire $paramod\noc_router\ROUTER_X=s2'00\ROUTER_Y=s2'01.$add$../flattened_rtl/noc_router.sv:78$1864_Y.
Removed top 26 bits (of 32) from wire $paramod\noc_router\ROUTER_X=s2'00\ROUTER_Y=s2'01.$mul$../flattened_rtl/noc_router.sv:78$1863_Y.
Removed top 25 bits (of 32) from wire $paramod\noc_router\ROUTER_X=s2'00\ROUTER_Y=s2'01.$add$../flattened_rtl/noc_router.sv:78$1853_Y.
Removed top 26 bits (of 32) from wire $paramod\noc_router\ROUTER_X=s2'00\ROUTER_Y=s2'01.$mul$../flattened_rtl/noc_router.sv:78$1852_Y.
Removed top 26 bits (of 32) from wire $paramod\noc_router\ROUTER_X=s2'00\ROUTER_Y=s2'01.$mul$../flattened_rtl/noc_router.sv:78$1874_Y.
Removed top 25 bits (of 32) from wire $paramod\noc_router\ROUTER_X=s2'00\ROUTER_Y=s2'01.$add$../flattened_rtl/noc_router.sv:78$1875_Y.
Removed top 26 bits (of 32) from wire $paramod\noc_router\ROUTER_X=s2'00\ROUTER_Y=s2'01.$add$../flattened_rtl/noc_router.sv:78$1842_Y.
Removed top 25 bits (of 32) from wire $paramod\noc_router\ROUTER_X=s2'00\ROUTER_Y=s2'01.$add$../flattened_rtl/noc_router.sv:78$1886_Y.
Removed top 26 bits (of 32) from wire $paramod\noc_router\ROUTER_X=s2'00\ROUTER_Y=s2'01.$mul$../flattened_rtl/noc_router.sv:78$1885_Y.
Converting cell $paramod\noc_router\ROUTER_X=s2'00\ROUTER_Y=s2'10.$neg$../flattened_rtl/noc_router.sv:77$1735 ($neg) from signed to unsigned.
Removed top 1 bits (of 33) from port A of cell $paramod\noc_router\ROUTER_X=s2'00\ROUTER_Y=s2'10.$neg$../flattened_rtl/noc_router.sv:77$1735 ($neg).
Converting cell $paramod\noc_router\ROUTER_X=s2'00\ROUTER_Y=s2'10.$neg$../flattened_rtl/noc_router.sv:77$1746 ($neg) from signed to unsigned.
Removed top 1 bits (of 33) from port A of cell $paramod\noc_router\ROUTER_X=s2'00\ROUTER_Y=s2'10.$neg$../flattened_rtl/noc_router.sv:77$1746 ($neg).
Converting cell $paramod\noc_router\ROUTER_X=s2'00\ROUTER_Y=s2'10.$neg$../flattened_rtl/noc_router.sv:77$1757 ($neg) from signed to unsigned.
Removed top 1 bits (of 33) from port A of cell $paramod\noc_router\ROUTER_X=s2'00\ROUTER_Y=s2'10.$neg$../flattened_rtl/noc_router.sv:77$1757 ($neg).
Converting cell $paramod\noc_router\ROUTER_X=s2'00\ROUTER_Y=s2'10.$neg$../flattened_rtl/noc_router.sv:77$1768 ($neg) from signed to unsigned.
Removed top 1 bits (of 33) from port A of cell $paramod\noc_router\ROUTER_X=s2'00\ROUTER_Y=s2'10.$neg$../flattened_rtl/noc_router.sv:77$1768 ($neg).
Converting cell $paramod\noc_router\ROUTER_X=s2'00\ROUTER_Y=s2'10.$neg$../flattened_rtl/noc_router.sv:77$1779 ($neg) from signed to unsigned.
Removed top 1 bits (of 33) from port A of cell $paramod\noc_router\ROUTER_X=s2'00\ROUTER_Y=s2'10.$neg$../flattened_rtl/noc_router.sv:77$1779 ($neg).
Removed top 29 bits (of 32) from port B of cell $paramod\noc_router\ROUTER_X=s2'00\ROUTER_Y=s2'10.$mul$../flattened_rtl/noc_router.sv:90$1785 ($mul).
Removed top 26 bits (of 32) from port Y of cell $paramod\noc_router\ROUTER_X=s2'00\ROUTER_Y=s2'10.$mul$../flattened_rtl/noc_router.sv:90$1785 ($mul).
Removed top 25 bits (of 32) from port B of cell $paramod\noc_router\ROUTER_X=s2'00\ROUTER_Y=s2'10.$shiftx$../flattened_rtl/noc_router.sv:89$1787 ($shiftx).
Removed top 29 bits (of 32) from port B of cell $paramod\noc_router\ROUTER_X=s2'00\ROUTER_Y=s2'10.$mul$../flattened_rtl/noc_router.sv:90$1791 ($mul).
Removed top 26 bits (of 32) from port Y of cell $paramod\noc_router\ROUTER_X=s2'00\ROUTER_Y=s2'10.$mul$../flattened_rtl/noc_router.sv:90$1791 ($mul).
Removed top 26 bits (of 32) from port A of cell $paramod\noc_router\ROUTER_X=s2'00\ROUTER_Y=s2'10.$add$../flattened_rtl/noc_router.sv:90$1792 ($add).
Removed top 31 bits (of 32) from port B of cell $paramod\noc_router\ROUTER_X=s2'00\ROUTER_Y=s2'10.$add$../flattened_rtl/noc_router.sv:90$1792 ($add).
Removed top 25 bits (of 32) from port Y of cell $paramod\noc_router\ROUTER_X=s2'00\ROUTER_Y=s2'10.$add$../flattened_rtl/noc_router.sv:90$1792 ($add).
Removed top 24 bits (of 32) from port B of cell $paramod\noc_router\ROUTER_X=s2'00\ROUTER_Y=s2'10.$shiftx$../flattened_rtl/noc_router.sv:89$1793 ($shiftx).
Removed top 29 bits (of 32) from port B of cell $paramod\noc_router\ROUTER_X=s2'00\ROUTER_Y=s2'10.$mul$../flattened_rtl/noc_router.sv:90$1797 ($mul).
Removed top 26 bits (of 32) from port Y of cell $paramod\noc_router\ROUTER_X=s2'00\ROUTER_Y=s2'10.$mul$../flattened_rtl/noc_router.sv:90$1797 ($mul).
Removed top 26 bits (of 32) from port A of cell $paramod\noc_router\ROUTER_X=s2'00\ROUTER_Y=s2'10.$add$../flattened_rtl/noc_router.sv:90$1798 ($add).
Removed top 30 bits (of 32) from port B of cell $paramod\noc_router\ROUTER_X=s2'00\ROUTER_Y=s2'10.$add$../flattened_rtl/noc_router.sv:90$1798 ($add).
Removed top 25 bits (of 32) from port Y of cell $paramod\noc_router\ROUTER_X=s2'00\ROUTER_Y=s2'10.$add$../flattened_rtl/noc_router.sv:90$1798 ($add).
Removed top 24 bits (of 32) from port B of cell $paramod\noc_router\ROUTER_X=s2'00\ROUTER_Y=s2'10.$shiftx$../flattened_rtl/noc_router.sv:89$1799 ($shiftx).
Removed top 29 bits (of 32) from port B of cell $paramod\noc_router\ROUTER_X=s2'00\ROUTER_Y=s2'10.$mul$../flattened_rtl/noc_router.sv:90$1803 ($mul).
Removed top 26 bits (of 32) from port Y of cell $paramod\noc_router\ROUTER_X=s2'00\ROUTER_Y=s2'10.$mul$../flattened_rtl/noc_router.sv:90$1803 ($mul).
Removed top 26 bits (of 32) from port A of cell $paramod\noc_router\ROUTER_X=s2'00\ROUTER_Y=s2'10.$add$../flattened_rtl/noc_router.sv:90$1804 ($add).
Removed top 30 bits (of 32) from port B of cell $paramod\noc_router\ROUTER_X=s2'00\ROUTER_Y=s2'10.$add$../flattened_rtl/noc_router.sv:90$1804 ($add).
Removed top 25 bits (of 32) from port Y of cell $paramod\noc_router\ROUTER_X=s2'00\ROUTER_Y=s2'10.$add$../flattened_rtl/noc_router.sv:90$1804 ($add).
Removed top 24 bits (of 32) from port B of cell $paramod\noc_router\ROUTER_X=s2'00\ROUTER_Y=s2'10.$shiftx$../flattened_rtl/noc_router.sv:89$1805 ($shiftx).
Removed top 29 bits (of 32) from port B of cell $paramod\noc_router\ROUTER_X=s2'00\ROUTER_Y=s2'10.$mul$../flattened_rtl/noc_router.sv:90$1809 ($mul).
Removed top 26 bits (of 32) from port Y of cell $paramod\noc_router\ROUTER_X=s2'00\ROUTER_Y=s2'10.$mul$../flattened_rtl/noc_router.sv:90$1809 ($mul).
Removed top 26 bits (of 32) from port A of cell $paramod\noc_router\ROUTER_X=s2'00\ROUTER_Y=s2'10.$add$../flattened_rtl/noc_router.sv:90$1810 ($add).
Removed top 29 bits (of 32) from port B of cell $paramod\noc_router\ROUTER_X=s2'00\ROUTER_Y=s2'10.$add$../flattened_rtl/noc_router.sv:90$1810 ($add).
Removed top 25 bits (of 32) from port Y of cell $paramod\noc_router\ROUTER_X=s2'00\ROUTER_Y=s2'10.$add$../flattened_rtl/noc_router.sv:90$1810 ($add).
Removed top 24 bits (of 32) from port B of cell $paramod\noc_router\ROUTER_X=s2'00\ROUTER_Y=s2'10.$shiftx$../flattened_rtl/noc_router.sv:89$1811 ($shiftx).
Removed top 25 bits (of 32) from wire $paramod\noc_router\ROUTER_X=s2'00\ROUTER_Y=s2'10.$add$../flattened_rtl/noc_router.sv:78$1752_Y.
Removed top 26 bits (of 32) from wire $paramod\noc_router\ROUTER_X=s2'00\ROUTER_Y=s2'10.$mul$../flattened_rtl/noc_router.sv:78$1751_Y.
Removed top 25 bits (of 32) from wire $paramod\noc_router\ROUTER_X=s2'00\ROUTER_Y=s2'10.$add$../flattened_rtl/noc_router.sv:78$1741_Y.
Removed top 26 bits (of 32) from wire $paramod\noc_router\ROUTER_X=s2'00\ROUTER_Y=s2'10.$mul$../flattened_rtl/noc_router.sv:78$1740_Y.
Removed top 26 bits (of 32) from wire $paramod\noc_router\ROUTER_X=s2'00\ROUTER_Y=s2'10.$mul$../flattened_rtl/noc_router.sv:78$1762_Y.
Removed top 25 bits (of 32) from wire $paramod\noc_router\ROUTER_X=s2'00\ROUTER_Y=s2'10.$add$../flattened_rtl/noc_router.sv:78$1763_Y.
Removed top 26 bits (of 32) from wire $paramod\noc_router\ROUTER_X=s2'00\ROUTER_Y=s2'10.$add$../flattened_rtl/noc_router.sv:78$1730_Y.
Removed top 25 bits (of 32) from wire $paramod\noc_router\ROUTER_X=s2'00\ROUTER_Y=s2'10.$add$../flattened_rtl/noc_router.sv:78$1774_Y.
Removed top 26 bits (of 32) from wire $paramod\noc_router\ROUTER_X=s2'00\ROUTER_Y=s2'10.$mul$../flattened_rtl/noc_router.sv:78$1773_Y.
Converting cell $paramod\noc_router\ROUTER_X=s2'00\ROUTER_Y=s2'11.$neg$../flattened_rtl/noc_router.sv:77$1623 ($neg) from signed to unsigned.
Removed top 1 bits (of 33) from port A of cell $paramod\noc_router\ROUTER_X=s2'00\ROUTER_Y=s2'11.$neg$../flattened_rtl/noc_router.sv:77$1623 ($neg).
Converting cell $paramod\noc_router\ROUTER_X=s2'00\ROUTER_Y=s2'11.$neg$../flattened_rtl/noc_router.sv:77$1634 ($neg) from signed to unsigned.
Removed top 1 bits (of 33) from port A of cell $paramod\noc_router\ROUTER_X=s2'00\ROUTER_Y=s2'11.$neg$../flattened_rtl/noc_router.sv:77$1634 ($neg).
Converting cell $paramod\noc_router\ROUTER_X=s2'00\ROUTER_Y=s2'11.$neg$../flattened_rtl/noc_router.sv:77$1645 ($neg) from signed to unsigned.
Removed top 1 bits (of 33) from port A of cell $paramod\noc_router\ROUTER_X=s2'00\ROUTER_Y=s2'11.$neg$../flattened_rtl/noc_router.sv:77$1645 ($neg).
Converting cell $paramod\noc_router\ROUTER_X=s2'00\ROUTER_Y=s2'11.$neg$../flattened_rtl/noc_router.sv:77$1656 ($neg) from signed to unsigned.
Removed top 1 bits (of 33) from port A of cell $paramod\noc_router\ROUTER_X=s2'00\ROUTER_Y=s2'11.$neg$../flattened_rtl/noc_router.sv:77$1656 ($neg).
Converting cell $paramod\noc_router\ROUTER_X=s2'00\ROUTER_Y=s2'11.$neg$../flattened_rtl/noc_router.sv:77$1667 ($neg) from signed to unsigned.
Removed top 1 bits (of 33) from port A of cell $paramod\noc_router\ROUTER_X=s2'00\ROUTER_Y=s2'11.$neg$../flattened_rtl/noc_router.sv:77$1667 ($neg).
Removed top 29 bits (of 32) from port B of cell $paramod\noc_router\ROUTER_X=s2'00\ROUTER_Y=s2'11.$mul$../flattened_rtl/noc_router.sv:90$1673 ($mul).
Removed top 26 bits (of 32) from port Y of cell $paramod\noc_router\ROUTER_X=s2'00\ROUTER_Y=s2'11.$mul$../flattened_rtl/noc_router.sv:90$1673 ($mul).
Removed top 25 bits (of 32) from port B of cell $paramod\noc_router\ROUTER_X=s2'00\ROUTER_Y=s2'11.$shiftx$../flattened_rtl/noc_router.sv:89$1675 ($shiftx).
Removed top 29 bits (of 32) from port B of cell $paramod\noc_router\ROUTER_X=s2'00\ROUTER_Y=s2'11.$mul$../flattened_rtl/noc_router.sv:90$1679 ($mul).
Removed top 26 bits (of 32) from port Y of cell $paramod\noc_router\ROUTER_X=s2'00\ROUTER_Y=s2'11.$mul$../flattened_rtl/noc_router.sv:90$1679 ($mul).
Removed top 26 bits (of 32) from port A of cell $paramod\noc_router\ROUTER_X=s2'00\ROUTER_Y=s2'11.$add$../flattened_rtl/noc_router.sv:90$1680 ($add).
Removed top 31 bits (of 32) from port B of cell $paramod\noc_router\ROUTER_X=s2'00\ROUTER_Y=s2'11.$add$../flattened_rtl/noc_router.sv:90$1680 ($add).
Removed top 25 bits (of 32) from port Y of cell $paramod\noc_router\ROUTER_X=s2'00\ROUTER_Y=s2'11.$add$../flattened_rtl/noc_router.sv:90$1680 ($add).
Removed top 24 bits (of 32) from port B of cell $paramod\noc_router\ROUTER_X=s2'00\ROUTER_Y=s2'11.$shiftx$../flattened_rtl/noc_router.sv:89$1681 ($shiftx).
Removed top 29 bits (of 32) from port B of cell $paramod\noc_router\ROUTER_X=s2'00\ROUTER_Y=s2'11.$mul$../flattened_rtl/noc_router.sv:90$1685 ($mul).
Removed top 26 bits (of 32) from port Y of cell $paramod\noc_router\ROUTER_X=s2'00\ROUTER_Y=s2'11.$mul$../flattened_rtl/noc_router.sv:90$1685 ($mul).
Removed top 26 bits (of 32) from port A of cell $paramod\noc_router\ROUTER_X=s2'00\ROUTER_Y=s2'11.$add$../flattened_rtl/noc_router.sv:90$1686 ($add).
Removed top 30 bits (of 32) from port B of cell $paramod\noc_router\ROUTER_X=s2'00\ROUTER_Y=s2'11.$add$../flattened_rtl/noc_router.sv:90$1686 ($add).
Removed top 25 bits (of 32) from port Y of cell $paramod\noc_router\ROUTER_X=s2'00\ROUTER_Y=s2'11.$add$../flattened_rtl/noc_router.sv:90$1686 ($add).
Removed top 24 bits (of 32) from port B of cell $paramod\noc_router\ROUTER_X=s2'00\ROUTER_Y=s2'11.$shiftx$../flattened_rtl/noc_router.sv:89$1687 ($shiftx).
Removed top 29 bits (of 32) from port B of cell $paramod\noc_router\ROUTER_X=s2'00\ROUTER_Y=s2'11.$mul$../flattened_rtl/noc_router.sv:90$1691 ($mul).
Removed top 26 bits (of 32) from port Y of cell $paramod\noc_router\ROUTER_X=s2'00\ROUTER_Y=s2'11.$mul$../flattened_rtl/noc_router.sv:90$1691 ($mul).
Removed top 26 bits (of 32) from port A of cell $paramod\noc_router\ROUTER_X=s2'00\ROUTER_Y=s2'11.$add$../flattened_rtl/noc_router.sv:90$1692 ($add).
Removed top 30 bits (of 32) from port B of cell $paramod\noc_router\ROUTER_X=s2'00\ROUTER_Y=s2'11.$add$../flattened_rtl/noc_router.sv:90$1692 ($add).
Removed top 25 bits (of 32) from port Y of cell $paramod\noc_router\ROUTER_X=s2'00\ROUTER_Y=s2'11.$add$../flattened_rtl/noc_router.sv:90$1692 ($add).
Removed top 24 bits (of 32) from port B of cell $paramod\noc_router\ROUTER_X=s2'00\ROUTER_Y=s2'11.$shiftx$../flattened_rtl/noc_router.sv:89$1693 ($shiftx).
Removed top 29 bits (of 32) from port B of cell $paramod\noc_router\ROUTER_X=s2'00\ROUTER_Y=s2'11.$mul$../flattened_rtl/noc_router.sv:90$1697 ($mul).
Removed top 26 bits (of 32) from port Y of cell $paramod\noc_router\ROUTER_X=s2'00\ROUTER_Y=s2'11.$mul$../flattened_rtl/noc_router.sv:90$1697 ($mul).
Removed top 26 bits (of 32) from port A of cell $paramod\noc_router\ROUTER_X=s2'00\ROUTER_Y=s2'11.$add$../flattened_rtl/noc_router.sv:90$1698 ($add).
Removed top 29 bits (of 32) from port B of cell $paramod\noc_router\ROUTER_X=s2'00\ROUTER_Y=s2'11.$add$../flattened_rtl/noc_router.sv:90$1698 ($add).
Removed top 25 bits (of 32) from port Y of cell $paramod\noc_router\ROUTER_X=s2'00\ROUTER_Y=s2'11.$add$../flattened_rtl/noc_router.sv:90$1698 ($add).
Removed top 24 bits (of 32) from port B of cell $paramod\noc_router\ROUTER_X=s2'00\ROUTER_Y=s2'11.$shiftx$../flattened_rtl/noc_router.sv:89$1699 ($shiftx).
Removed top 25 bits (of 32) from wire $paramod\noc_router\ROUTER_X=s2'00\ROUTER_Y=s2'11.$add$../flattened_rtl/noc_router.sv:78$1640_Y.
Removed top 26 bits (of 32) from wire $paramod\noc_router\ROUTER_X=s2'00\ROUTER_Y=s2'11.$mul$../flattened_rtl/noc_router.sv:78$1639_Y.
Removed top 25 bits (of 32) from wire $paramod\noc_router\ROUTER_X=s2'00\ROUTER_Y=s2'11.$add$../flattened_rtl/noc_router.sv:78$1629_Y.
Removed top 26 bits (of 32) from wire $paramod\noc_router\ROUTER_X=s2'00\ROUTER_Y=s2'11.$mul$../flattened_rtl/noc_router.sv:78$1628_Y.
Removed top 26 bits (of 32) from wire $paramod\noc_router\ROUTER_X=s2'00\ROUTER_Y=s2'11.$mul$../flattened_rtl/noc_router.sv:78$1650_Y.
Removed top 25 bits (of 32) from wire $paramod\noc_router\ROUTER_X=s2'00\ROUTER_Y=s2'11.$add$../flattened_rtl/noc_router.sv:78$1651_Y.
Removed top 26 bits (of 32) from wire $paramod\noc_router\ROUTER_X=s2'00\ROUTER_Y=s2'11.$add$../flattened_rtl/noc_router.sv:78$1618_Y.
Removed top 25 bits (of 32) from wire $paramod\noc_router\ROUTER_X=s2'00\ROUTER_Y=s2'11.$add$../flattened_rtl/noc_router.sv:78$1662_Y.
Removed top 26 bits (of 32) from wire $paramod\noc_router\ROUTER_X=s2'00\ROUTER_Y=s2'11.$mul$../flattened_rtl/noc_router.sv:78$1661_Y.
Converting cell $paramod\noc_router\ROUTER_X=s2'01\ROUTER_Y=s2'00.$neg$../flattened_rtl/noc_router.sv:77$1511 ($neg) from signed to unsigned.
Removed top 1 bits (of 33) from port A of cell $paramod\noc_router\ROUTER_X=s2'01\ROUTER_Y=s2'00.$neg$../flattened_rtl/noc_router.sv:77$1511 ($neg).
Converting cell $paramod\noc_router\ROUTER_X=s2'01\ROUTER_Y=s2'00.$neg$../flattened_rtl/noc_router.sv:77$1522 ($neg) from signed to unsigned.
Removed top 1 bits (of 33) from port A of cell $paramod\noc_router\ROUTER_X=s2'01\ROUTER_Y=s2'00.$neg$../flattened_rtl/noc_router.sv:77$1522 ($neg).
Converting cell $paramod\noc_router\ROUTER_X=s2'01\ROUTER_Y=s2'00.$neg$../flattened_rtl/noc_router.sv:77$1533 ($neg) from signed to unsigned.
Removed top 1 bits (of 33) from port A of cell $paramod\noc_router\ROUTER_X=s2'01\ROUTER_Y=s2'00.$neg$../flattened_rtl/noc_router.sv:77$1533 ($neg).
Converting cell $paramod\noc_router\ROUTER_X=s2'01\ROUTER_Y=s2'00.$neg$../flattened_rtl/noc_router.sv:77$1544 ($neg) from signed to unsigned.
Removed top 1 bits (of 33) from port A of cell $paramod\noc_router\ROUTER_X=s2'01\ROUTER_Y=s2'00.$neg$../flattened_rtl/noc_router.sv:77$1544 ($neg).
Converting cell $paramod\noc_router\ROUTER_X=s2'01\ROUTER_Y=s2'00.$neg$../flattened_rtl/noc_router.sv:77$1555 ($neg) from signed to unsigned.
Removed top 1 bits (of 33) from port A of cell $paramod\noc_router\ROUTER_X=s2'01\ROUTER_Y=s2'00.$neg$../flattened_rtl/noc_router.sv:77$1555 ($neg).
Removed top 29 bits (of 32) from port B of cell $paramod\noc_router\ROUTER_X=s2'01\ROUTER_Y=s2'00.$mul$../flattened_rtl/noc_router.sv:90$1561 ($mul).
Removed top 26 bits (of 32) from port Y of cell $paramod\noc_router\ROUTER_X=s2'01\ROUTER_Y=s2'00.$mul$../flattened_rtl/noc_router.sv:90$1561 ($mul).
Removed top 25 bits (of 32) from port B of cell $paramod\noc_router\ROUTER_X=s2'01\ROUTER_Y=s2'00.$shiftx$../flattened_rtl/noc_router.sv:89$1563 ($shiftx).
Removed top 29 bits (of 32) from port B of cell $paramod\noc_router\ROUTER_X=s2'01\ROUTER_Y=s2'00.$mul$../flattened_rtl/noc_router.sv:90$1567 ($mul).
Removed top 26 bits (of 32) from port Y of cell $paramod\noc_router\ROUTER_X=s2'01\ROUTER_Y=s2'00.$mul$../flattened_rtl/noc_router.sv:90$1567 ($mul).
Removed top 26 bits (of 32) from port A of cell $paramod\noc_router\ROUTER_X=s2'01\ROUTER_Y=s2'00.$add$../flattened_rtl/noc_router.sv:90$1568 ($add).
Removed top 31 bits (of 32) from port B of cell $paramod\noc_router\ROUTER_X=s2'01\ROUTER_Y=s2'00.$add$../flattened_rtl/noc_router.sv:90$1568 ($add).
Removed top 25 bits (of 32) from port Y of cell $paramod\noc_router\ROUTER_X=s2'01\ROUTER_Y=s2'00.$add$../flattened_rtl/noc_router.sv:90$1568 ($add).
Removed top 24 bits (of 32) from port B of cell $paramod\noc_router\ROUTER_X=s2'01\ROUTER_Y=s2'00.$shiftx$../flattened_rtl/noc_router.sv:89$1569 ($shiftx).
Removed top 29 bits (of 32) from port B of cell $paramod\noc_router\ROUTER_X=s2'01\ROUTER_Y=s2'00.$mul$../flattened_rtl/noc_router.sv:90$1573 ($mul).
Removed top 26 bits (of 32) from port Y of cell $paramod\noc_router\ROUTER_X=s2'01\ROUTER_Y=s2'00.$mul$../flattened_rtl/noc_router.sv:90$1573 ($mul).
Removed top 26 bits (of 32) from port A of cell $paramod\noc_router\ROUTER_X=s2'01\ROUTER_Y=s2'00.$add$../flattened_rtl/noc_router.sv:90$1574 ($add).
Removed top 30 bits (of 32) from port B of cell $paramod\noc_router\ROUTER_X=s2'01\ROUTER_Y=s2'00.$add$../flattened_rtl/noc_router.sv:90$1574 ($add).
Removed top 25 bits (of 32) from port Y of cell $paramod\noc_router\ROUTER_X=s2'01\ROUTER_Y=s2'00.$add$../flattened_rtl/noc_router.sv:90$1574 ($add).
Removed top 24 bits (of 32) from port B of cell $paramod\noc_router\ROUTER_X=s2'01\ROUTER_Y=s2'00.$shiftx$../flattened_rtl/noc_router.sv:89$1575 ($shiftx).
Removed top 29 bits (of 32) from port B of cell $paramod\noc_router\ROUTER_X=s2'01\ROUTER_Y=s2'00.$mul$../flattened_rtl/noc_router.sv:90$1579 ($mul).
Removed top 26 bits (of 32) from port Y of cell $paramod\noc_router\ROUTER_X=s2'01\ROUTER_Y=s2'00.$mul$../flattened_rtl/noc_router.sv:90$1579 ($mul).
Removed top 26 bits (of 32) from port A of cell $paramod\noc_router\ROUTER_X=s2'01\ROUTER_Y=s2'00.$add$../flattened_rtl/noc_router.sv:90$1580 ($add).
Removed top 30 bits (of 32) from port B of cell $paramod\noc_router\ROUTER_X=s2'01\ROUTER_Y=s2'00.$add$../flattened_rtl/noc_router.sv:90$1580 ($add).
Removed top 25 bits (of 32) from port Y of cell $paramod\noc_router\ROUTER_X=s2'01\ROUTER_Y=s2'00.$add$../flattened_rtl/noc_router.sv:90$1580 ($add).
Removed top 24 bits (of 32) from port B of cell $paramod\noc_router\ROUTER_X=s2'01\ROUTER_Y=s2'00.$shiftx$../flattened_rtl/noc_router.sv:89$1581 ($shiftx).
Removed top 29 bits (of 32) from port B of cell $paramod\noc_router\ROUTER_X=s2'01\ROUTER_Y=s2'00.$mul$../flattened_rtl/noc_router.sv:90$1585 ($mul).
Removed top 26 bits (of 32) from port Y of cell $paramod\noc_router\ROUTER_X=s2'01\ROUTER_Y=s2'00.$mul$../flattened_rtl/noc_router.sv:90$1585 ($mul).
Removed top 26 bits (of 32) from port A of cell $paramod\noc_router\ROUTER_X=s2'01\ROUTER_Y=s2'00.$add$../flattened_rtl/noc_router.sv:90$1586 ($add).
Removed top 29 bits (of 32) from port B of cell $paramod\noc_router\ROUTER_X=s2'01\ROUTER_Y=s2'00.$add$../flattened_rtl/noc_router.sv:90$1586 ($add).
Removed top 25 bits (of 32) from port Y of cell $paramod\noc_router\ROUTER_X=s2'01\ROUTER_Y=s2'00.$add$../flattened_rtl/noc_router.sv:90$1586 ($add).
Removed top 24 bits (of 32) from port B of cell $paramod\noc_router\ROUTER_X=s2'01\ROUTER_Y=s2'00.$shiftx$../flattened_rtl/noc_router.sv:89$1587 ($shiftx).
Removed top 25 bits (of 32) from wire $paramod\noc_router\ROUTER_X=s2'01\ROUTER_Y=s2'00.$add$../flattened_rtl/noc_router.sv:78$1528_Y.
Removed top 26 bits (of 32) from wire $paramod\noc_router\ROUTER_X=s2'01\ROUTER_Y=s2'00.$mul$../flattened_rtl/noc_router.sv:78$1527_Y.
Removed top 25 bits (of 32) from wire $paramod\noc_router\ROUTER_X=s2'01\ROUTER_Y=s2'00.$add$../flattened_rtl/noc_router.sv:78$1517_Y.
Removed top 26 bits (of 32) from wire $paramod\noc_router\ROUTER_X=s2'01\ROUTER_Y=s2'00.$mul$../flattened_rtl/noc_router.sv:78$1516_Y.
Removed top 26 bits (of 32) from wire $paramod\noc_router\ROUTER_X=s2'01\ROUTER_Y=s2'00.$mul$../flattened_rtl/noc_router.sv:78$1538_Y.
Removed top 25 bits (of 32) from wire $paramod\noc_router\ROUTER_X=s2'01\ROUTER_Y=s2'00.$add$../flattened_rtl/noc_router.sv:78$1539_Y.
Removed top 26 bits (of 32) from wire $paramod\noc_router\ROUTER_X=s2'01\ROUTER_Y=s2'00.$add$../flattened_rtl/noc_router.sv:78$1506_Y.
Removed top 25 bits (of 32) from wire $paramod\noc_router\ROUTER_X=s2'01\ROUTER_Y=s2'00.$add$../flattened_rtl/noc_router.sv:78$1550_Y.
Removed top 26 bits (of 32) from wire $paramod\noc_router\ROUTER_X=s2'01\ROUTER_Y=s2'00.$mul$../flattened_rtl/noc_router.sv:78$1549_Y.
Converting cell $paramod\noc_router\ROUTER_X=s2'01\ROUTER_Y=s2'01.$neg$../flattened_rtl/noc_router.sv:77$1399 ($neg) from signed to unsigned.
Removed top 1 bits (of 33) from port A of cell $paramod\noc_router\ROUTER_X=s2'01\ROUTER_Y=s2'01.$neg$../flattened_rtl/noc_router.sv:77$1399 ($neg).
Converting cell $paramod\noc_router\ROUTER_X=s2'01\ROUTER_Y=s2'01.$neg$../flattened_rtl/noc_router.sv:77$1410 ($neg) from signed to unsigned.
Removed top 1 bits (of 33) from port A of cell $paramod\noc_router\ROUTER_X=s2'01\ROUTER_Y=s2'01.$neg$../flattened_rtl/noc_router.sv:77$1410 ($neg).
Converting cell $paramod\noc_router\ROUTER_X=s2'01\ROUTER_Y=s2'01.$neg$../flattened_rtl/noc_router.sv:77$1421 ($neg) from signed to unsigned.
Removed top 1 bits (of 33) from port A of cell $paramod\noc_router\ROUTER_X=s2'01\ROUTER_Y=s2'01.$neg$../flattened_rtl/noc_router.sv:77$1421 ($neg).
Converting cell $paramod\noc_router\ROUTER_X=s2'01\ROUTER_Y=s2'01.$neg$../flattened_rtl/noc_router.sv:77$1432 ($neg) from signed to unsigned.
Removed top 1 bits (of 33) from port A of cell $paramod\noc_router\ROUTER_X=s2'01\ROUTER_Y=s2'01.$neg$../flattened_rtl/noc_router.sv:77$1432 ($neg).
Converting cell $paramod\noc_router\ROUTER_X=s2'01\ROUTER_Y=s2'01.$neg$../flattened_rtl/noc_router.sv:77$1443 ($neg) from signed to unsigned.
Removed top 1 bits (of 33) from port A of cell $paramod\noc_router\ROUTER_X=s2'01\ROUTER_Y=s2'01.$neg$../flattened_rtl/noc_router.sv:77$1443 ($neg).
Removed top 29 bits (of 32) from port B of cell $paramod\noc_router\ROUTER_X=s2'01\ROUTER_Y=s2'01.$mul$../flattened_rtl/noc_router.sv:90$1449 ($mul).
Removed top 26 bits (of 32) from port Y of cell $paramod\noc_router\ROUTER_X=s2'01\ROUTER_Y=s2'01.$mul$../flattened_rtl/noc_router.sv:90$1449 ($mul).
Removed top 25 bits (of 32) from port B of cell $paramod\noc_router\ROUTER_X=s2'01\ROUTER_Y=s2'01.$shiftx$../flattened_rtl/noc_router.sv:89$1451 ($shiftx).
Removed top 29 bits (of 32) from port B of cell $paramod\noc_router\ROUTER_X=s2'01\ROUTER_Y=s2'01.$mul$../flattened_rtl/noc_router.sv:90$1455 ($mul).
Removed top 26 bits (of 32) from port Y of cell $paramod\noc_router\ROUTER_X=s2'01\ROUTER_Y=s2'01.$mul$../flattened_rtl/noc_router.sv:90$1455 ($mul).
Removed top 26 bits (of 32) from port A of cell $paramod\noc_router\ROUTER_X=s2'01\ROUTER_Y=s2'01.$add$../flattened_rtl/noc_router.sv:90$1456 ($add).
Removed top 31 bits (of 32) from port B of cell $paramod\noc_router\ROUTER_X=s2'01\ROUTER_Y=s2'01.$add$../flattened_rtl/noc_router.sv:90$1456 ($add).
Removed top 25 bits (of 32) from port Y of cell $paramod\noc_router\ROUTER_X=s2'01\ROUTER_Y=s2'01.$add$../flattened_rtl/noc_router.sv:90$1456 ($add).
Removed top 24 bits (of 32) from port B of cell $paramod\noc_router\ROUTER_X=s2'01\ROUTER_Y=s2'01.$shiftx$../flattened_rtl/noc_router.sv:89$1457 ($shiftx).
Removed top 29 bits (of 32) from port B of cell $paramod\noc_router\ROUTER_X=s2'01\ROUTER_Y=s2'01.$mul$../flattened_rtl/noc_router.sv:90$1461 ($mul).
Removed top 26 bits (of 32) from port Y of cell $paramod\noc_router\ROUTER_X=s2'01\ROUTER_Y=s2'01.$mul$../flattened_rtl/noc_router.sv:90$1461 ($mul).
Removed top 26 bits (of 32) from port A of cell $paramod\noc_router\ROUTER_X=s2'01\ROUTER_Y=s2'01.$add$../flattened_rtl/noc_router.sv:90$1462 ($add).
Removed top 30 bits (of 32) from port B of cell $paramod\noc_router\ROUTER_X=s2'01\ROUTER_Y=s2'01.$add$../flattened_rtl/noc_router.sv:90$1462 ($add).
Removed top 25 bits (of 32) from port Y of cell $paramod\noc_router\ROUTER_X=s2'01\ROUTER_Y=s2'01.$add$../flattened_rtl/noc_router.sv:90$1462 ($add).
Removed top 24 bits (of 32) from port B of cell $paramod\noc_router\ROUTER_X=s2'01\ROUTER_Y=s2'01.$shiftx$../flattened_rtl/noc_router.sv:89$1463 ($shiftx).
Removed top 29 bits (of 32) from port B of cell $paramod\noc_router\ROUTER_X=s2'01\ROUTER_Y=s2'01.$mul$../flattened_rtl/noc_router.sv:90$1467 ($mul).
Removed top 26 bits (of 32) from port Y of cell $paramod\noc_router\ROUTER_X=s2'01\ROUTER_Y=s2'01.$mul$../flattened_rtl/noc_router.sv:90$1467 ($mul).
Removed top 26 bits (of 32) from port A of cell $paramod\noc_router\ROUTER_X=s2'01\ROUTER_Y=s2'01.$add$../flattened_rtl/noc_router.sv:90$1468 ($add).
Removed top 30 bits (of 32) from port B of cell $paramod\noc_router\ROUTER_X=s2'01\ROUTER_Y=s2'01.$add$../flattened_rtl/noc_router.sv:90$1468 ($add).
Removed top 25 bits (of 32) from port Y of cell $paramod\noc_router\ROUTER_X=s2'01\ROUTER_Y=s2'01.$add$../flattened_rtl/noc_router.sv:90$1468 ($add).
Removed top 24 bits (of 32) from port B of cell $paramod\noc_router\ROUTER_X=s2'01\ROUTER_Y=s2'01.$shiftx$../flattened_rtl/noc_router.sv:89$1469 ($shiftx).
Removed top 29 bits (of 32) from port B of cell $paramod\noc_router\ROUTER_X=s2'01\ROUTER_Y=s2'01.$mul$../flattened_rtl/noc_router.sv:90$1473 ($mul).
Removed top 26 bits (of 32) from port Y of cell $paramod\noc_router\ROUTER_X=s2'01\ROUTER_Y=s2'01.$mul$../flattened_rtl/noc_router.sv:90$1473 ($mul).
Removed top 26 bits (of 32) from port A of cell $paramod\noc_router\ROUTER_X=s2'01\ROUTER_Y=s2'01.$add$../flattened_rtl/noc_router.sv:90$1474 ($add).
Removed top 29 bits (of 32) from port B of cell $paramod\noc_router\ROUTER_X=s2'01\ROUTER_Y=s2'01.$add$../flattened_rtl/noc_router.sv:90$1474 ($add).
Removed top 25 bits (of 32) from port Y of cell $paramod\noc_router\ROUTER_X=s2'01\ROUTER_Y=s2'01.$add$../flattened_rtl/noc_router.sv:90$1474 ($add).
Removed top 24 bits (of 32) from port B of cell $paramod\noc_router\ROUTER_X=s2'01\ROUTER_Y=s2'01.$shiftx$../flattened_rtl/noc_router.sv:89$1475 ($shiftx).
Removed top 25 bits (of 32) from wire $paramod\noc_router\ROUTER_X=s2'01\ROUTER_Y=s2'01.$add$../flattened_rtl/noc_router.sv:78$1416_Y.
Removed top 26 bits (of 32) from wire $paramod\noc_router\ROUTER_X=s2'01\ROUTER_Y=s2'01.$mul$../flattened_rtl/noc_router.sv:78$1415_Y.
Removed top 25 bits (of 32) from wire $paramod\noc_router\ROUTER_X=s2'01\ROUTER_Y=s2'01.$add$../flattened_rtl/noc_router.sv:78$1405_Y.
Removed top 26 bits (of 32) from wire $paramod\noc_router\ROUTER_X=s2'01\ROUTER_Y=s2'01.$mul$../flattened_rtl/noc_router.sv:78$1404_Y.
Removed top 26 bits (of 32) from wire $paramod\noc_router\ROUTER_X=s2'01\ROUTER_Y=s2'01.$mul$../flattened_rtl/noc_router.sv:78$1426_Y.
Removed top 25 bits (of 32) from wire $paramod\noc_router\ROUTER_X=s2'01\ROUTER_Y=s2'01.$add$../flattened_rtl/noc_router.sv:78$1427_Y.
Removed top 26 bits (of 32) from wire $paramod\noc_router\ROUTER_X=s2'01\ROUTER_Y=s2'01.$add$../flattened_rtl/noc_router.sv:78$1394_Y.
Removed top 25 bits (of 32) from wire $paramod\noc_router\ROUTER_X=s2'01\ROUTER_Y=s2'01.$add$../flattened_rtl/noc_router.sv:78$1438_Y.
Removed top 26 bits (of 32) from wire $paramod\noc_router\ROUTER_X=s2'01\ROUTER_Y=s2'01.$mul$../flattened_rtl/noc_router.sv:78$1437_Y.
Converting cell $paramod\noc_router\ROUTER_X=s2'01\ROUTER_Y=s2'10.$neg$../flattened_rtl/noc_router.sv:77$1287 ($neg) from signed to unsigned.
Removed top 1 bits (of 33) from port A of cell $paramod\noc_router\ROUTER_X=s2'01\ROUTER_Y=s2'10.$neg$../flattened_rtl/noc_router.sv:77$1287 ($neg).
Converting cell $paramod\noc_router\ROUTER_X=s2'01\ROUTER_Y=s2'10.$neg$../flattened_rtl/noc_router.sv:77$1298 ($neg) from signed to unsigned.
Removed top 1 bits (of 33) from port A of cell $paramod\noc_router\ROUTER_X=s2'01\ROUTER_Y=s2'10.$neg$../flattened_rtl/noc_router.sv:77$1298 ($neg).
Converting cell $paramod\noc_router\ROUTER_X=s2'01\ROUTER_Y=s2'10.$neg$../flattened_rtl/noc_router.sv:77$1309 ($neg) from signed to unsigned.
Removed top 1 bits (of 33) from port A of cell $paramod\noc_router\ROUTER_X=s2'01\ROUTER_Y=s2'10.$neg$../flattened_rtl/noc_router.sv:77$1309 ($neg).
Converting cell $paramod\noc_router\ROUTER_X=s2'01\ROUTER_Y=s2'10.$neg$../flattened_rtl/noc_router.sv:77$1320 ($neg) from signed to unsigned.
Removed top 1 bits (of 33) from port A of cell $paramod\noc_router\ROUTER_X=s2'01\ROUTER_Y=s2'10.$neg$../flattened_rtl/noc_router.sv:77$1320 ($neg).
Converting cell $paramod\noc_router\ROUTER_X=s2'01\ROUTER_Y=s2'10.$neg$../flattened_rtl/noc_router.sv:77$1331 ($neg) from signed to unsigned.
Removed top 1 bits (of 33) from port A of cell $paramod\noc_router\ROUTER_X=s2'01\ROUTER_Y=s2'10.$neg$../flattened_rtl/noc_router.sv:77$1331 ($neg).
Removed top 29 bits (of 32) from port B of cell $paramod\noc_router\ROUTER_X=s2'01\ROUTER_Y=s2'10.$mul$../flattened_rtl/noc_router.sv:90$1337 ($mul).
Removed top 26 bits (of 32) from port Y of cell $paramod\noc_router\ROUTER_X=s2'01\ROUTER_Y=s2'10.$mul$../flattened_rtl/noc_router.sv:90$1337 ($mul).
Removed top 25 bits (of 32) from port B of cell $paramod\noc_router\ROUTER_X=s2'01\ROUTER_Y=s2'10.$shiftx$../flattened_rtl/noc_router.sv:89$1339 ($shiftx).
Removed top 29 bits (of 32) from port B of cell $paramod\noc_router\ROUTER_X=s2'01\ROUTER_Y=s2'10.$mul$../flattened_rtl/noc_router.sv:90$1343 ($mul).
Removed top 26 bits (of 32) from port Y of cell $paramod\noc_router\ROUTER_X=s2'01\ROUTER_Y=s2'10.$mul$../flattened_rtl/noc_router.sv:90$1343 ($mul).
Removed top 26 bits (of 32) from port A of cell $paramod\noc_router\ROUTER_X=s2'01\ROUTER_Y=s2'10.$add$../flattened_rtl/noc_router.sv:90$1344 ($add).
Removed top 31 bits (of 32) from port B of cell $paramod\noc_router\ROUTER_X=s2'01\ROUTER_Y=s2'10.$add$../flattened_rtl/noc_router.sv:90$1344 ($add).
Removed top 25 bits (of 32) from port Y of cell $paramod\noc_router\ROUTER_X=s2'01\ROUTER_Y=s2'10.$add$../flattened_rtl/noc_router.sv:90$1344 ($add).
Removed top 24 bits (of 32) from port B of cell $paramod\noc_router\ROUTER_X=s2'01\ROUTER_Y=s2'10.$shiftx$../flattened_rtl/noc_router.sv:89$1345 ($shiftx).
Removed top 29 bits (of 32) from port B of cell $paramod\noc_router\ROUTER_X=s2'01\ROUTER_Y=s2'10.$mul$../flattened_rtl/noc_router.sv:90$1349 ($mul).
Removed top 26 bits (of 32) from port Y of cell $paramod\noc_router\ROUTER_X=s2'01\ROUTER_Y=s2'10.$mul$../flattened_rtl/noc_router.sv:90$1349 ($mul).
Removed top 26 bits (of 32) from port A of cell $paramod\noc_router\ROUTER_X=s2'01\ROUTER_Y=s2'10.$add$../flattened_rtl/noc_router.sv:90$1350 ($add).
Removed top 30 bits (of 32) from port B of cell $paramod\noc_router\ROUTER_X=s2'01\ROUTER_Y=s2'10.$add$../flattened_rtl/noc_router.sv:90$1350 ($add).
Removed top 25 bits (of 32) from port Y of cell $paramod\noc_router\ROUTER_X=s2'01\ROUTER_Y=s2'10.$add$../flattened_rtl/noc_router.sv:90$1350 ($add).
Removed top 24 bits (of 32) from port B of cell $paramod\noc_router\ROUTER_X=s2'01\ROUTER_Y=s2'10.$shiftx$../flattened_rtl/noc_router.sv:89$1351 ($shiftx).
Removed top 29 bits (of 32) from port B of cell $paramod\noc_router\ROUTER_X=s2'01\ROUTER_Y=s2'10.$mul$../flattened_rtl/noc_router.sv:90$1355 ($mul).
Removed top 26 bits (of 32) from port Y of cell $paramod\noc_router\ROUTER_X=s2'01\ROUTER_Y=s2'10.$mul$../flattened_rtl/noc_router.sv:90$1355 ($mul).
Removed top 26 bits (of 32) from port A of cell $paramod\noc_router\ROUTER_X=s2'01\ROUTER_Y=s2'10.$add$../flattened_rtl/noc_router.sv:90$1356 ($add).
Removed top 30 bits (of 32) from port B of cell $paramod\noc_router\ROUTER_X=s2'01\ROUTER_Y=s2'10.$add$../flattened_rtl/noc_router.sv:90$1356 ($add).
Removed top 25 bits (of 32) from port Y of cell $paramod\noc_router\ROUTER_X=s2'01\ROUTER_Y=s2'10.$add$../flattened_rtl/noc_router.sv:90$1356 ($add).
Removed top 24 bits (of 32) from port B of cell $paramod\noc_router\ROUTER_X=s2'01\ROUTER_Y=s2'10.$shiftx$../flattened_rtl/noc_router.sv:89$1357 ($shiftx).
Removed top 29 bits (of 32) from port B of cell $paramod\noc_router\ROUTER_X=s2'01\ROUTER_Y=s2'10.$mul$../flattened_rtl/noc_router.sv:90$1361 ($mul).
Removed top 26 bits (of 32) from port Y of cell $paramod\noc_router\ROUTER_X=s2'01\ROUTER_Y=s2'10.$mul$../flattened_rtl/noc_router.sv:90$1361 ($mul).
Removed top 26 bits (of 32) from port A of cell $paramod\noc_router\ROUTER_X=s2'01\ROUTER_Y=s2'10.$add$../flattened_rtl/noc_router.sv:90$1362 ($add).
Removed top 29 bits (of 32) from port B of cell $paramod\noc_router\ROUTER_X=s2'01\ROUTER_Y=s2'10.$add$../flattened_rtl/noc_router.sv:90$1362 ($add).
Removed top 25 bits (of 32) from port Y of cell $paramod\noc_router\ROUTER_X=s2'01\ROUTER_Y=s2'10.$add$../flattened_rtl/noc_router.sv:90$1362 ($add).
Removed top 24 bits (of 32) from port B of cell $paramod\noc_router\ROUTER_X=s2'01\ROUTER_Y=s2'10.$shiftx$../flattened_rtl/noc_router.sv:89$1363 ($shiftx).
Removed top 25 bits (of 32) from wire $paramod\noc_router\ROUTER_X=s2'01\ROUTER_Y=s2'10.$add$../flattened_rtl/noc_router.sv:78$1304_Y.
Removed top 26 bits (of 32) from wire $paramod\noc_router\ROUTER_X=s2'01\ROUTER_Y=s2'10.$mul$../flattened_rtl/noc_router.sv:78$1303_Y.
Removed top 25 bits (of 32) from wire $paramod\noc_router\ROUTER_X=s2'01\ROUTER_Y=s2'10.$add$../flattened_rtl/noc_router.sv:78$1293_Y.
Removed top 26 bits (of 32) from wire $paramod\noc_router\ROUTER_X=s2'01\ROUTER_Y=s2'10.$mul$../flattened_rtl/noc_router.sv:78$1292_Y.
Removed top 26 bits (of 32) from wire $paramod\noc_router\ROUTER_X=s2'01\ROUTER_Y=s2'10.$mul$../flattened_rtl/noc_router.sv:78$1314_Y.
Removed top 25 bits (of 32) from wire $paramod\noc_router\ROUTER_X=s2'01\ROUTER_Y=s2'10.$add$../flattened_rtl/noc_router.sv:78$1315_Y.
Removed top 26 bits (of 32) from wire $paramod\noc_router\ROUTER_X=s2'01\ROUTER_Y=s2'10.$add$../flattened_rtl/noc_router.sv:78$1282_Y.
Removed top 25 bits (of 32) from wire $paramod\noc_router\ROUTER_X=s2'01\ROUTER_Y=s2'10.$add$../flattened_rtl/noc_router.sv:78$1326_Y.
Removed top 26 bits (of 32) from wire $paramod\noc_router\ROUTER_X=s2'01\ROUTER_Y=s2'10.$mul$../flattened_rtl/noc_router.sv:78$1325_Y.
Converting cell $paramod\noc_router\ROUTER_X=s2'01\ROUTER_Y=s2'11.$neg$../flattened_rtl/noc_router.sv:77$1175 ($neg) from signed to unsigned.
Removed top 1 bits (of 33) from port A of cell $paramod\noc_router\ROUTER_X=s2'01\ROUTER_Y=s2'11.$neg$../flattened_rtl/noc_router.sv:77$1175 ($neg).
Converting cell $paramod\noc_router\ROUTER_X=s2'01\ROUTER_Y=s2'11.$neg$../flattened_rtl/noc_router.sv:77$1186 ($neg) from signed to unsigned.
Removed top 1 bits (of 33) from port A of cell $paramod\noc_router\ROUTER_X=s2'01\ROUTER_Y=s2'11.$neg$../flattened_rtl/noc_router.sv:77$1186 ($neg).
Converting cell $paramod\noc_router\ROUTER_X=s2'01\ROUTER_Y=s2'11.$neg$../flattened_rtl/noc_router.sv:77$1197 ($neg) from signed to unsigned.
Removed top 1 bits (of 33) from port A of cell $paramod\noc_router\ROUTER_X=s2'01\ROUTER_Y=s2'11.$neg$../flattened_rtl/noc_router.sv:77$1197 ($neg).
Converting cell $paramod\noc_router\ROUTER_X=s2'01\ROUTER_Y=s2'11.$neg$../flattened_rtl/noc_router.sv:77$1208 ($neg) from signed to unsigned.
Removed top 1 bits (of 33) from port A of cell $paramod\noc_router\ROUTER_X=s2'01\ROUTER_Y=s2'11.$neg$../flattened_rtl/noc_router.sv:77$1208 ($neg).
Converting cell $paramod\noc_router\ROUTER_X=s2'01\ROUTER_Y=s2'11.$neg$../flattened_rtl/noc_router.sv:77$1219 ($neg) from signed to unsigned.
Removed top 1 bits (of 33) from port A of cell $paramod\noc_router\ROUTER_X=s2'01\ROUTER_Y=s2'11.$neg$../flattened_rtl/noc_router.sv:77$1219 ($neg).
Removed top 29 bits (of 32) from port B of cell $paramod\noc_router\ROUTER_X=s2'01\ROUTER_Y=s2'11.$mul$../flattened_rtl/noc_router.sv:90$1225 ($mul).
Removed top 26 bits (of 32) from port Y of cell $paramod\noc_router\ROUTER_X=s2'01\ROUTER_Y=s2'11.$mul$../flattened_rtl/noc_router.sv:90$1225 ($mul).
Removed top 25 bits (of 32) from port B of cell $paramod\noc_router\ROUTER_X=s2'01\ROUTER_Y=s2'11.$shiftx$../flattened_rtl/noc_router.sv:89$1227 ($shiftx).
Removed top 29 bits (of 32) from port B of cell $paramod\noc_router\ROUTER_X=s2'01\ROUTER_Y=s2'11.$mul$../flattened_rtl/noc_router.sv:90$1231 ($mul).
Removed top 26 bits (of 32) from port Y of cell $paramod\noc_router\ROUTER_X=s2'01\ROUTER_Y=s2'11.$mul$../flattened_rtl/noc_router.sv:90$1231 ($mul).
Removed top 26 bits (of 32) from port A of cell $paramod\noc_router\ROUTER_X=s2'01\ROUTER_Y=s2'11.$add$../flattened_rtl/noc_router.sv:90$1232 ($add).
Removed top 31 bits (of 32) from port B of cell $paramod\noc_router\ROUTER_X=s2'01\ROUTER_Y=s2'11.$add$../flattened_rtl/noc_router.sv:90$1232 ($add).
Removed top 25 bits (of 32) from port Y of cell $paramod\noc_router\ROUTER_X=s2'01\ROUTER_Y=s2'11.$add$../flattened_rtl/noc_router.sv:90$1232 ($add).
Removed top 24 bits (of 32) from port B of cell $paramod\noc_router\ROUTER_X=s2'01\ROUTER_Y=s2'11.$shiftx$../flattened_rtl/noc_router.sv:89$1233 ($shiftx).
Removed top 29 bits (of 32) from port B of cell $paramod\noc_router\ROUTER_X=s2'01\ROUTER_Y=s2'11.$mul$../flattened_rtl/noc_router.sv:90$1237 ($mul).
Removed top 26 bits (of 32) from port Y of cell $paramod\noc_router\ROUTER_X=s2'01\ROUTER_Y=s2'11.$mul$../flattened_rtl/noc_router.sv:90$1237 ($mul).
Removed top 26 bits (of 32) from port A of cell $paramod\noc_router\ROUTER_X=s2'01\ROUTER_Y=s2'11.$add$../flattened_rtl/noc_router.sv:90$1238 ($add).
Removed top 30 bits (of 32) from port B of cell $paramod\noc_router\ROUTER_X=s2'01\ROUTER_Y=s2'11.$add$../flattened_rtl/noc_router.sv:90$1238 ($add).
Removed top 25 bits (of 32) from port Y of cell $paramod\noc_router\ROUTER_X=s2'01\ROUTER_Y=s2'11.$add$../flattened_rtl/noc_router.sv:90$1238 ($add).
Removed top 24 bits (of 32) from port B of cell $paramod\noc_router\ROUTER_X=s2'01\ROUTER_Y=s2'11.$shiftx$../flattened_rtl/noc_router.sv:89$1239 ($shiftx).
Removed top 29 bits (of 32) from port B of cell $paramod\noc_router\ROUTER_X=s2'01\ROUTER_Y=s2'11.$mul$../flattened_rtl/noc_router.sv:90$1243 ($mul).
Removed top 26 bits (of 32) from port Y of cell $paramod\noc_router\ROUTER_X=s2'01\ROUTER_Y=s2'11.$mul$../flattened_rtl/noc_router.sv:90$1243 ($mul).
Removed top 26 bits (of 32) from port A of cell $paramod\noc_router\ROUTER_X=s2'01\ROUTER_Y=s2'11.$add$../flattened_rtl/noc_router.sv:90$1244 ($add).
Removed top 30 bits (of 32) from port B of cell $paramod\noc_router\ROUTER_X=s2'01\ROUTER_Y=s2'11.$add$../flattened_rtl/noc_router.sv:90$1244 ($add).
Removed top 25 bits (of 32) from port Y of cell $paramod\noc_router\ROUTER_X=s2'01\ROUTER_Y=s2'11.$add$../flattened_rtl/noc_router.sv:90$1244 ($add).
Removed top 24 bits (of 32) from port B of cell $paramod\noc_router\ROUTER_X=s2'01\ROUTER_Y=s2'11.$shiftx$../flattened_rtl/noc_router.sv:89$1245 ($shiftx).
Removed top 29 bits (of 32) from port B of cell $paramod\noc_router\ROUTER_X=s2'01\ROUTER_Y=s2'11.$mul$../flattened_rtl/noc_router.sv:90$1249 ($mul).
Removed top 26 bits (of 32) from port Y of cell $paramod\noc_router\ROUTER_X=s2'01\ROUTER_Y=s2'11.$mul$../flattened_rtl/noc_router.sv:90$1249 ($mul).
Removed top 26 bits (of 32) from port A of cell $paramod\noc_router\ROUTER_X=s2'01\ROUTER_Y=s2'11.$add$../flattened_rtl/noc_router.sv:90$1250 ($add).
Removed top 29 bits (of 32) from port B of cell $paramod\noc_router\ROUTER_X=s2'01\ROUTER_Y=s2'11.$add$../flattened_rtl/noc_router.sv:90$1250 ($add).
Removed top 25 bits (of 32) from port Y of cell $paramod\noc_router\ROUTER_X=s2'01\ROUTER_Y=s2'11.$add$../flattened_rtl/noc_router.sv:90$1250 ($add).
Removed top 24 bits (of 32) from port B of cell $paramod\noc_router\ROUTER_X=s2'01\ROUTER_Y=s2'11.$shiftx$../flattened_rtl/noc_router.sv:89$1251 ($shiftx).
Removed top 25 bits (of 32) from wire $paramod\noc_router\ROUTER_X=s2'01\ROUTER_Y=s2'11.$add$../flattened_rtl/noc_router.sv:78$1192_Y.
Removed top 26 bits (of 32) from wire $paramod\noc_router\ROUTER_X=s2'01\ROUTER_Y=s2'11.$mul$../flattened_rtl/noc_router.sv:78$1191_Y.
Removed top 25 bits (of 32) from wire $paramod\noc_router\ROUTER_X=s2'01\ROUTER_Y=s2'11.$add$../flattened_rtl/noc_router.sv:78$1181_Y.
Removed top 26 bits (of 32) from wire $paramod\noc_router\ROUTER_X=s2'01\ROUTER_Y=s2'11.$mul$../flattened_rtl/noc_router.sv:78$1180_Y.
Removed top 26 bits (of 32) from wire $paramod\noc_router\ROUTER_X=s2'01\ROUTER_Y=s2'11.$mul$../flattened_rtl/noc_router.sv:78$1202_Y.
Removed top 25 bits (of 32) from wire $paramod\noc_router\ROUTER_X=s2'01\ROUTER_Y=s2'11.$add$../flattened_rtl/noc_router.sv:78$1203_Y.
Removed top 26 bits (of 32) from wire $paramod\noc_router\ROUTER_X=s2'01\ROUTER_Y=s2'11.$add$../flattened_rtl/noc_router.sv:78$1170_Y.
Removed top 25 bits (of 32) from wire $paramod\noc_router\ROUTER_X=s2'01\ROUTER_Y=s2'11.$add$../flattened_rtl/noc_router.sv:78$1214_Y.
Removed top 26 bits (of 32) from wire $paramod\noc_router\ROUTER_X=s2'01\ROUTER_Y=s2'11.$mul$../flattened_rtl/noc_router.sv:78$1213_Y.
Converting cell $paramod\noc_router\ROUTER_X=s2'10\ROUTER_Y=s2'00.$neg$../flattened_rtl/noc_router.sv:77$1063 ($neg) from signed to unsigned.
Removed top 1 bits (of 33) from port A of cell $paramod\noc_router\ROUTER_X=s2'10\ROUTER_Y=s2'00.$neg$../flattened_rtl/noc_router.sv:77$1063 ($neg).
Converting cell $paramod\noc_router\ROUTER_X=s2'10\ROUTER_Y=s2'00.$neg$../flattened_rtl/noc_router.sv:77$1074 ($neg) from signed to unsigned.
Removed top 1 bits (of 33) from port A of cell $paramod\noc_router\ROUTER_X=s2'10\ROUTER_Y=s2'00.$neg$../flattened_rtl/noc_router.sv:77$1074 ($neg).
Converting cell $paramod\noc_router\ROUTER_X=s2'10\ROUTER_Y=s2'00.$neg$../flattened_rtl/noc_router.sv:77$1085 ($neg) from signed to unsigned.
Removed top 1 bits (of 33) from port A of cell $paramod\noc_router\ROUTER_X=s2'10\ROUTER_Y=s2'00.$neg$../flattened_rtl/noc_router.sv:77$1085 ($neg).
Converting cell $paramod\noc_router\ROUTER_X=s2'10\ROUTER_Y=s2'00.$neg$../flattened_rtl/noc_router.sv:77$1096 ($neg) from signed to unsigned.
Removed top 1 bits (of 33) from port A of cell $paramod\noc_router\ROUTER_X=s2'10\ROUTER_Y=s2'00.$neg$../flattened_rtl/noc_router.sv:77$1096 ($neg).
Converting cell $paramod\noc_router\ROUTER_X=s2'10\ROUTER_Y=s2'00.$neg$../flattened_rtl/noc_router.sv:77$1107 ($neg) from signed to unsigned.
Removed top 1 bits (of 33) from port A of cell $paramod\noc_router\ROUTER_X=s2'10\ROUTER_Y=s2'00.$neg$../flattened_rtl/noc_router.sv:77$1107 ($neg).
Removed top 29 bits (of 32) from port B of cell $paramod\noc_router\ROUTER_X=s2'10\ROUTER_Y=s2'00.$mul$../flattened_rtl/noc_router.sv:90$1113 ($mul).
Removed top 26 bits (of 32) from port Y of cell $paramod\noc_router\ROUTER_X=s2'10\ROUTER_Y=s2'00.$mul$../flattened_rtl/noc_router.sv:90$1113 ($mul).
Removed top 25 bits (of 32) from port B of cell $paramod\noc_router\ROUTER_X=s2'10\ROUTER_Y=s2'00.$shiftx$../flattened_rtl/noc_router.sv:89$1115 ($shiftx).
Removed top 29 bits (of 32) from port B of cell $paramod\noc_router\ROUTER_X=s2'10\ROUTER_Y=s2'00.$mul$../flattened_rtl/noc_router.sv:90$1119 ($mul).
Removed top 26 bits (of 32) from port Y of cell $paramod\noc_router\ROUTER_X=s2'10\ROUTER_Y=s2'00.$mul$../flattened_rtl/noc_router.sv:90$1119 ($mul).
Removed top 26 bits (of 32) from port A of cell $paramod\noc_router\ROUTER_X=s2'10\ROUTER_Y=s2'00.$add$../flattened_rtl/noc_router.sv:90$1120 ($add).
Removed top 31 bits (of 32) from port B of cell $paramod\noc_router\ROUTER_X=s2'10\ROUTER_Y=s2'00.$add$../flattened_rtl/noc_router.sv:90$1120 ($add).
Removed top 25 bits (of 32) from port Y of cell $paramod\noc_router\ROUTER_X=s2'10\ROUTER_Y=s2'00.$add$../flattened_rtl/noc_router.sv:90$1120 ($add).
Removed top 24 bits (of 32) from port B of cell $paramod\noc_router\ROUTER_X=s2'10\ROUTER_Y=s2'00.$shiftx$../flattened_rtl/noc_router.sv:89$1121 ($shiftx).
Removed top 29 bits (of 32) from port B of cell $paramod\noc_router\ROUTER_X=s2'10\ROUTER_Y=s2'00.$mul$../flattened_rtl/noc_router.sv:90$1125 ($mul).
Removed top 26 bits (of 32) from port Y of cell $paramod\noc_router\ROUTER_X=s2'10\ROUTER_Y=s2'00.$mul$../flattened_rtl/noc_router.sv:90$1125 ($mul).
Removed top 26 bits (of 32) from port A of cell $paramod\noc_router\ROUTER_X=s2'10\ROUTER_Y=s2'00.$add$../flattened_rtl/noc_router.sv:90$1126 ($add).
Removed top 30 bits (of 32) from port B of cell $paramod\noc_router\ROUTER_X=s2'10\ROUTER_Y=s2'00.$add$../flattened_rtl/noc_router.sv:90$1126 ($add).
Removed top 25 bits (of 32) from port Y of cell $paramod\noc_router\ROUTER_X=s2'10\ROUTER_Y=s2'00.$add$../flattened_rtl/noc_router.sv:90$1126 ($add).
Removed top 24 bits (of 32) from port B of cell $paramod\noc_router\ROUTER_X=s2'10\ROUTER_Y=s2'00.$shiftx$../flattened_rtl/noc_router.sv:89$1127 ($shiftx).
Removed top 29 bits (of 32) from port B of cell $paramod\noc_router\ROUTER_X=s2'10\ROUTER_Y=s2'00.$mul$../flattened_rtl/noc_router.sv:90$1131 ($mul).
Removed top 26 bits (of 32) from port Y of cell $paramod\noc_router\ROUTER_X=s2'10\ROUTER_Y=s2'00.$mul$../flattened_rtl/noc_router.sv:90$1131 ($mul).
Removed top 26 bits (of 32) from port A of cell $paramod\noc_router\ROUTER_X=s2'10\ROUTER_Y=s2'00.$add$../flattened_rtl/noc_router.sv:90$1132 ($add).
Removed top 30 bits (of 32) from port B of cell $paramod\noc_router\ROUTER_X=s2'10\ROUTER_Y=s2'00.$add$../flattened_rtl/noc_router.sv:90$1132 ($add).
Removed top 25 bits (of 32) from port Y of cell $paramod\noc_router\ROUTER_X=s2'10\ROUTER_Y=s2'00.$add$../flattened_rtl/noc_router.sv:90$1132 ($add).
Removed top 24 bits (of 32) from port B of cell $paramod\noc_router\ROUTER_X=s2'10\ROUTER_Y=s2'00.$shiftx$../flattened_rtl/noc_router.sv:89$1133 ($shiftx).
Removed top 29 bits (of 32) from port B of cell $paramod\noc_router\ROUTER_X=s2'10\ROUTER_Y=s2'00.$mul$../flattened_rtl/noc_router.sv:90$1137 ($mul).
Removed top 26 bits (of 32) from port Y of cell $paramod\noc_router\ROUTER_X=s2'10\ROUTER_Y=s2'00.$mul$../flattened_rtl/noc_router.sv:90$1137 ($mul).
Removed top 26 bits (of 32) from port A of cell $paramod\noc_router\ROUTER_X=s2'10\ROUTER_Y=s2'00.$add$../flattened_rtl/noc_router.sv:90$1138 ($add).
Removed top 29 bits (of 32) from port B of cell $paramod\noc_router\ROUTER_X=s2'10\ROUTER_Y=s2'00.$add$../flattened_rtl/noc_router.sv:90$1138 ($add).
Removed top 25 bits (of 32) from port Y of cell $paramod\noc_router\ROUTER_X=s2'10\ROUTER_Y=s2'00.$add$../flattened_rtl/noc_router.sv:90$1138 ($add).
Removed top 24 bits (of 32) from port B of cell $paramod\noc_router\ROUTER_X=s2'10\ROUTER_Y=s2'00.$shiftx$../flattened_rtl/noc_router.sv:89$1139 ($shiftx).
Removed top 25 bits (of 32) from wire $paramod\noc_router\ROUTER_X=s2'10\ROUTER_Y=s2'00.$add$../flattened_rtl/noc_router.sv:78$1080_Y.
Removed top 26 bits (of 32) from wire $paramod\noc_router\ROUTER_X=s2'10\ROUTER_Y=s2'00.$mul$../flattened_rtl/noc_router.sv:78$1079_Y.
Removed top 25 bits (of 32) from wire $paramod\noc_router\ROUTER_X=s2'10\ROUTER_Y=s2'00.$add$../flattened_rtl/noc_router.sv:78$1069_Y.
Removed top 26 bits (of 32) from wire $paramod\noc_router\ROUTER_X=s2'10\ROUTER_Y=s2'00.$mul$../flattened_rtl/noc_router.sv:78$1068_Y.
Removed top 26 bits (of 32) from wire $paramod\noc_router\ROUTER_X=s2'10\ROUTER_Y=s2'00.$mul$../flattened_rtl/noc_router.sv:78$1090_Y.
Removed top 25 bits (of 32) from wire $paramod\noc_router\ROUTER_X=s2'10\ROUTER_Y=s2'00.$add$../flattened_rtl/noc_router.sv:78$1091_Y.
Removed top 26 bits (of 32) from wire $paramod\noc_router\ROUTER_X=s2'10\ROUTER_Y=s2'00.$add$../flattened_rtl/noc_router.sv:78$1058_Y.
Removed top 25 bits (of 32) from wire $paramod\noc_router\ROUTER_X=s2'10\ROUTER_Y=s2'00.$add$../flattened_rtl/noc_router.sv:78$1102_Y.
Removed top 26 bits (of 32) from wire $paramod\noc_router\ROUTER_X=s2'10\ROUTER_Y=s2'00.$mul$../flattened_rtl/noc_router.sv:78$1101_Y.
Converting cell $paramod\noc_router\ROUTER_X=s2'10\ROUTER_Y=s2'01.$neg$../flattened_rtl/noc_router.sv:77$951 ($neg) from signed to unsigned.
Removed top 1 bits (of 33) from port A of cell $paramod\noc_router\ROUTER_X=s2'10\ROUTER_Y=s2'01.$neg$../flattened_rtl/noc_router.sv:77$951 ($neg).
Converting cell $paramod\noc_router\ROUTER_X=s2'10\ROUTER_Y=s2'01.$neg$../flattened_rtl/noc_router.sv:77$962 ($neg) from signed to unsigned.
Removed top 1 bits (of 33) from port A of cell $paramod\noc_router\ROUTER_X=s2'10\ROUTER_Y=s2'01.$neg$../flattened_rtl/noc_router.sv:77$962 ($neg).
Converting cell $paramod\noc_router\ROUTER_X=s2'10\ROUTER_Y=s2'01.$neg$../flattened_rtl/noc_router.sv:77$973 ($neg) from signed to unsigned.
Removed top 1 bits (of 33) from port A of cell $paramod\noc_router\ROUTER_X=s2'10\ROUTER_Y=s2'01.$neg$../flattened_rtl/noc_router.sv:77$973 ($neg).
Converting cell $paramod\noc_router\ROUTER_X=s2'10\ROUTER_Y=s2'01.$neg$../flattened_rtl/noc_router.sv:77$984 ($neg) from signed to unsigned.
Removed top 1 bits (of 33) from port A of cell $paramod\noc_router\ROUTER_X=s2'10\ROUTER_Y=s2'01.$neg$../flattened_rtl/noc_router.sv:77$984 ($neg).
Converting cell $paramod\noc_router\ROUTER_X=s2'10\ROUTER_Y=s2'01.$neg$../flattened_rtl/noc_router.sv:77$995 ($neg) from signed to unsigned.
Removed top 1 bits (of 33) from port A of cell $paramod\noc_router\ROUTER_X=s2'10\ROUTER_Y=s2'01.$neg$../flattened_rtl/noc_router.sv:77$995 ($neg).
Removed top 29 bits (of 32) from port B of cell $paramod\noc_router\ROUTER_X=s2'10\ROUTER_Y=s2'01.$mul$../flattened_rtl/noc_router.sv:90$1001 ($mul).
Removed top 26 bits (of 32) from port Y of cell $paramod\noc_router\ROUTER_X=s2'10\ROUTER_Y=s2'01.$mul$../flattened_rtl/noc_router.sv:90$1001 ($mul).
Removed top 25 bits (of 32) from port B of cell $paramod\noc_router\ROUTER_X=s2'10\ROUTER_Y=s2'01.$shiftx$../flattened_rtl/noc_router.sv:89$1003 ($shiftx).
Removed top 29 bits (of 32) from port B of cell $paramod\noc_router\ROUTER_X=s2'10\ROUTER_Y=s2'01.$mul$../flattened_rtl/noc_router.sv:90$1007 ($mul).
Removed top 26 bits (of 32) from port Y of cell $paramod\noc_router\ROUTER_X=s2'10\ROUTER_Y=s2'01.$mul$../flattened_rtl/noc_router.sv:90$1007 ($mul).
Removed top 26 bits (of 32) from port A of cell $paramod\noc_router\ROUTER_X=s2'10\ROUTER_Y=s2'01.$add$../flattened_rtl/noc_router.sv:90$1008 ($add).
Removed top 31 bits (of 32) from port B of cell $paramod\noc_router\ROUTER_X=s2'10\ROUTER_Y=s2'01.$add$../flattened_rtl/noc_router.sv:90$1008 ($add).
Removed top 25 bits (of 32) from port Y of cell $paramod\noc_router\ROUTER_X=s2'10\ROUTER_Y=s2'01.$add$../flattened_rtl/noc_router.sv:90$1008 ($add).
Removed top 24 bits (of 32) from port B of cell $paramod\noc_router\ROUTER_X=s2'10\ROUTER_Y=s2'01.$shiftx$../flattened_rtl/noc_router.sv:89$1009 ($shiftx).
Removed top 29 bits (of 32) from port B of cell $paramod\noc_router\ROUTER_X=s2'10\ROUTER_Y=s2'01.$mul$../flattened_rtl/noc_router.sv:90$1013 ($mul).
Removed top 26 bits (of 32) from port Y of cell $paramod\noc_router\ROUTER_X=s2'10\ROUTER_Y=s2'01.$mul$../flattened_rtl/noc_router.sv:90$1013 ($mul).
Removed top 26 bits (of 32) from port A of cell $paramod\noc_router\ROUTER_X=s2'10\ROUTER_Y=s2'01.$add$../flattened_rtl/noc_router.sv:90$1014 ($add).
Removed top 30 bits (of 32) from port B of cell $paramod\noc_router\ROUTER_X=s2'10\ROUTER_Y=s2'01.$add$../flattened_rtl/noc_router.sv:90$1014 ($add).
Removed top 25 bits (of 32) from port Y of cell $paramod\noc_router\ROUTER_X=s2'10\ROUTER_Y=s2'01.$add$../flattened_rtl/noc_router.sv:90$1014 ($add).
Removed top 24 bits (of 32) from port B of cell $paramod\noc_router\ROUTER_X=s2'10\ROUTER_Y=s2'01.$shiftx$../flattened_rtl/noc_router.sv:89$1015 ($shiftx).
Removed top 29 bits (of 32) from port B of cell $paramod\noc_router\ROUTER_X=s2'10\ROUTER_Y=s2'01.$mul$../flattened_rtl/noc_router.sv:90$1019 ($mul).
Removed top 26 bits (of 32) from port Y of cell $paramod\noc_router\ROUTER_X=s2'10\ROUTER_Y=s2'01.$mul$../flattened_rtl/noc_router.sv:90$1019 ($mul).
Removed top 26 bits (of 32) from port A of cell $paramod\noc_router\ROUTER_X=s2'10\ROUTER_Y=s2'01.$add$../flattened_rtl/noc_router.sv:90$1020 ($add).
Removed top 30 bits (of 32) from port B of cell $paramod\noc_router\ROUTER_X=s2'10\ROUTER_Y=s2'01.$add$../flattened_rtl/noc_router.sv:90$1020 ($add).
Removed top 25 bits (of 32) from port Y of cell $paramod\noc_router\ROUTER_X=s2'10\ROUTER_Y=s2'01.$add$../flattened_rtl/noc_router.sv:90$1020 ($add).
Removed top 24 bits (of 32) from port B of cell $paramod\noc_router\ROUTER_X=s2'10\ROUTER_Y=s2'01.$shiftx$../flattened_rtl/noc_router.sv:89$1021 ($shiftx).
Removed top 29 bits (of 32) from port B of cell $paramod\noc_router\ROUTER_X=s2'10\ROUTER_Y=s2'01.$mul$../flattened_rtl/noc_router.sv:90$1025 ($mul).
Removed top 26 bits (of 32) from port Y of cell $paramod\noc_router\ROUTER_X=s2'10\ROUTER_Y=s2'01.$mul$../flattened_rtl/noc_router.sv:90$1025 ($mul).
Removed top 26 bits (of 32) from port A of cell $paramod\noc_router\ROUTER_X=s2'10\ROUTER_Y=s2'01.$add$../flattened_rtl/noc_router.sv:90$1026 ($add).
Removed top 29 bits (of 32) from port B of cell $paramod\noc_router\ROUTER_X=s2'10\ROUTER_Y=s2'01.$add$../flattened_rtl/noc_router.sv:90$1026 ($add).
Removed top 25 bits (of 32) from port Y of cell $paramod\noc_router\ROUTER_X=s2'10\ROUTER_Y=s2'01.$add$../flattened_rtl/noc_router.sv:90$1026 ($add).
Removed top 24 bits (of 32) from port B of cell $paramod\noc_router\ROUTER_X=s2'10\ROUTER_Y=s2'01.$shiftx$../flattened_rtl/noc_router.sv:89$1027 ($shiftx).
Removed top 25 bits (of 32) from wire $paramod\noc_router\ROUTER_X=s2'10\ROUTER_Y=s2'01.$add$../flattened_rtl/noc_router.sv:78$968_Y.
Removed top 26 bits (of 32) from wire $paramod\noc_router\ROUTER_X=s2'10\ROUTER_Y=s2'01.$mul$../flattened_rtl/noc_router.sv:78$967_Y.
Removed top 25 bits (of 32) from wire $paramod\noc_router\ROUTER_X=s2'10\ROUTER_Y=s2'01.$add$../flattened_rtl/noc_router.sv:78$957_Y.
Removed top 26 bits (of 32) from wire $paramod\noc_router\ROUTER_X=s2'10\ROUTER_Y=s2'01.$mul$../flattened_rtl/noc_router.sv:78$956_Y.
Removed top 26 bits (of 32) from wire $paramod\noc_router\ROUTER_X=s2'10\ROUTER_Y=s2'01.$mul$../flattened_rtl/noc_router.sv:78$978_Y.
Removed top 25 bits (of 32) from wire $paramod\noc_router\ROUTER_X=s2'10\ROUTER_Y=s2'01.$add$../flattened_rtl/noc_router.sv:78$979_Y.
Removed top 26 bits (of 32) from wire $paramod\noc_router\ROUTER_X=s2'10\ROUTER_Y=s2'01.$add$../flattened_rtl/noc_router.sv:78$946_Y.
Removed top 25 bits (of 32) from wire $paramod\noc_router\ROUTER_X=s2'10\ROUTER_Y=s2'01.$add$../flattened_rtl/noc_router.sv:78$990_Y.
Removed top 26 bits (of 32) from wire $paramod\noc_router\ROUTER_X=s2'10\ROUTER_Y=s2'01.$mul$../flattened_rtl/noc_router.sv:78$989_Y.
Converting cell $paramod\noc_router\ROUTER_X=s2'10\ROUTER_Y=s2'10.$neg$../flattened_rtl/noc_router.sv:77$839 ($neg) from signed to unsigned.
Removed top 1 bits (of 33) from port A of cell $paramod\noc_router\ROUTER_X=s2'10\ROUTER_Y=s2'10.$neg$../flattened_rtl/noc_router.sv:77$839 ($neg).
Converting cell $paramod\noc_router\ROUTER_X=s2'10\ROUTER_Y=s2'10.$neg$../flattened_rtl/noc_router.sv:77$850 ($neg) from signed to unsigned.
Removed top 1 bits (of 33) from port A of cell $paramod\noc_router\ROUTER_X=s2'10\ROUTER_Y=s2'10.$neg$../flattened_rtl/noc_router.sv:77$850 ($neg).
Converting cell $paramod\noc_router\ROUTER_X=s2'10\ROUTER_Y=s2'10.$neg$../flattened_rtl/noc_router.sv:77$861 ($neg) from signed to unsigned.
Removed top 1 bits (of 33) from port A of cell $paramod\noc_router\ROUTER_X=s2'10\ROUTER_Y=s2'10.$neg$../flattened_rtl/noc_router.sv:77$861 ($neg).
Converting cell $paramod\noc_router\ROUTER_X=s2'10\ROUTER_Y=s2'10.$neg$../flattened_rtl/noc_router.sv:77$872 ($neg) from signed to unsigned.
Removed top 1 bits (of 33) from port A of cell $paramod\noc_router\ROUTER_X=s2'10\ROUTER_Y=s2'10.$neg$../flattened_rtl/noc_router.sv:77$872 ($neg).
Converting cell $paramod\noc_router\ROUTER_X=s2'10\ROUTER_Y=s2'10.$neg$../flattened_rtl/noc_router.sv:77$883 ($neg) from signed to unsigned.
Removed top 1 bits (of 33) from port A of cell $paramod\noc_router\ROUTER_X=s2'10\ROUTER_Y=s2'10.$neg$../flattened_rtl/noc_router.sv:77$883 ($neg).
Removed top 29 bits (of 32) from port B of cell $paramod\noc_router\ROUTER_X=s2'10\ROUTER_Y=s2'10.$mul$../flattened_rtl/noc_router.sv:90$889 ($mul).
Removed top 26 bits (of 32) from port Y of cell $paramod\noc_router\ROUTER_X=s2'10\ROUTER_Y=s2'10.$mul$../flattened_rtl/noc_router.sv:90$889 ($mul).
Removed top 25 bits (of 32) from port B of cell $paramod\noc_router\ROUTER_X=s2'10\ROUTER_Y=s2'10.$shiftx$../flattened_rtl/noc_router.sv:89$891 ($shiftx).
Removed top 29 bits (of 32) from port B of cell $paramod\noc_router\ROUTER_X=s2'10\ROUTER_Y=s2'10.$mul$../flattened_rtl/noc_router.sv:90$895 ($mul).
Removed top 26 bits (of 32) from port Y of cell $paramod\noc_router\ROUTER_X=s2'10\ROUTER_Y=s2'10.$mul$../flattened_rtl/noc_router.sv:90$895 ($mul).
Removed top 26 bits (of 32) from port A of cell $paramod\noc_router\ROUTER_X=s2'10\ROUTER_Y=s2'10.$add$../flattened_rtl/noc_router.sv:90$896 ($add).
Removed top 31 bits (of 32) from port B of cell $paramod\noc_router\ROUTER_X=s2'10\ROUTER_Y=s2'10.$add$../flattened_rtl/noc_router.sv:90$896 ($add).
Removed top 25 bits (of 32) from port Y of cell $paramod\noc_router\ROUTER_X=s2'10\ROUTER_Y=s2'10.$add$../flattened_rtl/noc_router.sv:90$896 ($add).
Removed top 24 bits (of 32) from port B of cell $paramod\noc_router\ROUTER_X=s2'10\ROUTER_Y=s2'10.$shiftx$../flattened_rtl/noc_router.sv:89$897 ($shiftx).
Removed top 29 bits (of 32) from port B of cell $paramod\noc_router\ROUTER_X=s2'10\ROUTER_Y=s2'10.$mul$../flattened_rtl/noc_router.sv:90$901 ($mul).
Removed top 26 bits (of 32) from port Y of cell $paramod\noc_router\ROUTER_X=s2'10\ROUTER_Y=s2'10.$mul$../flattened_rtl/noc_router.sv:90$901 ($mul).
Removed top 26 bits (of 32) from port A of cell $paramod\noc_router\ROUTER_X=s2'10\ROUTER_Y=s2'10.$add$../flattened_rtl/noc_router.sv:90$902 ($add).
Removed top 30 bits (of 32) from port B of cell $paramod\noc_router\ROUTER_X=s2'10\ROUTER_Y=s2'10.$add$../flattened_rtl/noc_router.sv:90$902 ($add).
Removed top 25 bits (of 32) from port Y of cell $paramod\noc_router\ROUTER_X=s2'10\ROUTER_Y=s2'10.$add$../flattened_rtl/noc_router.sv:90$902 ($add).
Removed top 24 bits (of 32) from port B of cell $paramod\noc_router\ROUTER_X=s2'10\ROUTER_Y=s2'10.$shiftx$../flattened_rtl/noc_router.sv:89$903 ($shiftx).
Removed top 29 bits (of 32) from port B of cell $paramod\noc_router\ROUTER_X=s2'10\ROUTER_Y=s2'10.$mul$../flattened_rtl/noc_router.sv:90$907 ($mul).
Removed top 26 bits (of 32) from port Y of cell $paramod\noc_router\ROUTER_X=s2'10\ROUTER_Y=s2'10.$mul$../flattened_rtl/noc_router.sv:90$907 ($mul).
Removed top 26 bits (of 32) from port A of cell $paramod\noc_router\ROUTER_X=s2'10\ROUTER_Y=s2'10.$add$../flattened_rtl/noc_router.sv:90$908 ($add).
Removed top 30 bits (of 32) from port B of cell $paramod\noc_router\ROUTER_X=s2'10\ROUTER_Y=s2'10.$add$../flattened_rtl/noc_router.sv:90$908 ($add).
Removed top 25 bits (of 32) from port Y of cell $paramod\noc_router\ROUTER_X=s2'10\ROUTER_Y=s2'10.$add$../flattened_rtl/noc_router.sv:90$908 ($add).
Removed top 24 bits (of 32) from port B of cell $paramod\noc_router\ROUTER_X=s2'10\ROUTER_Y=s2'10.$shiftx$../flattened_rtl/noc_router.sv:89$909 ($shiftx).
Removed top 29 bits (of 32) from port B of cell $paramod\noc_router\ROUTER_X=s2'10\ROUTER_Y=s2'10.$mul$../flattened_rtl/noc_router.sv:90$913 ($mul).
Removed top 26 bits (of 32) from port Y of cell $paramod\noc_router\ROUTER_X=s2'10\ROUTER_Y=s2'10.$mul$../flattened_rtl/noc_router.sv:90$913 ($mul).
Removed top 26 bits (of 32) from port A of cell $paramod\noc_router\ROUTER_X=s2'10\ROUTER_Y=s2'10.$add$../flattened_rtl/noc_router.sv:90$914 ($add).
Removed top 29 bits (of 32) from port B of cell $paramod\noc_router\ROUTER_X=s2'10\ROUTER_Y=s2'10.$add$../flattened_rtl/noc_router.sv:90$914 ($add).
Removed top 25 bits (of 32) from port Y of cell $paramod\noc_router\ROUTER_X=s2'10\ROUTER_Y=s2'10.$add$../flattened_rtl/noc_router.sv:90$914 ($add).
Removed top 24 bits (of 32) from port B of cell $paramod\noc_router\ROUTER_X=s2'10\ROUTER_Y=s2'10.$shiftx$../flattened_rtl/noc_router.sv:89$915 ($shiftx).
Removed top 25 bits (of 32) from wire $paramod\noc_router\ROUTER_X=s2'10\ROUTER_Y=s2'10.$add$../flattened_rtl/noc_router.sv:78$856_Y.
Removed top 26 bits (of 32) from wire $paramod\noc_router\ROUTER_X=s2'10\ROUTER_Y=s2'10.$mul$../flattened_rtl/noc_router.sv:78$855_Y.
Removed top 25 bits (of 32) from wire $paramod\noc_router\ROUTER_X=s2'10\ROUTER_Y=s2'10.$add$../flattened_rtl/noc_router.sv:78$845_Y.
Removed top 26 bits (of 32) from wire $paramod\noc_router\ROUTER_X=s2'10\ROUTER_Y=s2'10.$mul$../flattened_rtl/noc_router.sv:78$844_Y.
Removed top 26 bits (of 32) from wire $paramod\noc_router\ROUTER_X=s2'10\ROUTER_Y=s2'10.$mul$../flattened_rtl/noc_router.sv:78$866_Y.
Removed top 25 bits (of 32) from wire $paramod\noc_router\ROUTER_X=s2'10\ROUTER_Y=s2'10.$add$../flattened_rtl/noc_router.sv:78$867_Y.
Removed top 26 bits (of 32) from wire $paramod\noc_router\ROUTER_X=s2'10\ROUTER_Y=s2'10.$add$../flattened_rtl/noc_router.sv:78$834_Y.
Removed top 25 bits (of 32) from wire $paramod\noc_router\ROUTER_X=s2'10\ROUTER_Y=s2'10.$add$../flattened_rtl/noc_router.sv:78$878_Y.
Removed top 26 bits (of 32) from wire $paramod\noc_router\ROUTER_X=s2'10\ROUTER_Y=s2'10.$mul$../flattened_rtl/noc_router.sv:78$877_Y.
Converting cell $paramod\noc_router\ROUTER_X=s2'10\ROUTER_Y=s2'11.$neg$../flattened_rtl/noc_router.sv:77$727 ($neg) from signed to unsigned.
Removed top 1 bits (of 33) from port A of cell $paramod\noc_router\ROUTER_X=s2'10\ROUTER_Y=s2'11.$neg$../flattened_rtl/noc_router.sv:77$727 ($neg).
Converting cell $paramod\noc_router\ROUTER_X=s2'10\ROUTER_Y=s2'11.$neg$../flattened_rtl/noc_router.sv:77$738 ($neg) from signed to unsigned.
Removed top 1 bits (of 33) from port A of cell $paramod\noc_router\ROUTER_X=s2'10\ROUTER_Y=s2'11.$neg$../flattened_rtl/noc_router.sv:77$738 ($neg).
Converting cell $paramod\noc_router\ROUTER_X=s2'10\ROUTER_Y=s2'11.$neg$../flattened_rtl/noc_router.sv:77$749 ($neg) from signed to unsigned.
Removed top 1 bits (of 33) from port A of cell $paramod\noc_router\ROUTER_X=s2'10\ROUTER_Y=s2'11.$neg$../flattened_rtl/noc_router.sv:77$749 ($neg).
Converting cell $paramod\noc_router\ROUTER_X=s2'10\ROUTER_Y=s2'11.$neg$../flattened_rtl/noc_router.sv:77$760 ($neg) from signed to unsigned.
Removed top 1 bits (of 33) from port A of cell $paramod\noc_router\ROUTER_X=s2'10\ROUTER_Y=s2'11.$neg$../flattened_rtl/noc_router.sv:77$760 ($neg).
Converting cell $paramod\noc_router\ROUTER_X=s2'10\ROUTER_Y=s2'11.$neg$../flattened_rtl/noc_router.sv:77$771 ($neg) from signed to unsigned.
Removed top 1 bits (of 33) from port A of cell $paramod\noc_router\ROUTER_X=s2'10\ROUTER_Y=s2'11.$neg$../flattened_rtl/noc_router.sv:77$771 ($neg).
Removed top 29 bits (of 32) from port B of cell $paramod\noc_router\ROUTER_X=s2'10\ROUTER_Y=s2'11.$mul$../flattened_rtl/noc_router.sv:90$777 ($mul).
Removed top 26 bits (of 32) from port Y of cell $paramod\noc_router\ROUTER_X=s2'10\ROUTER_Y=s2'11.$mul$../flattened_rtl/noc_router.sv:90$777 ($mul).
Removed top 25 bits (of 32) from port B of cell $paramod\noc_router\ROUTER_X=s2'10\ROUTER_Y=s2'11.$shiftx$../flattened_rtl/noc_router.sv:89$779 ($shiftx).
Removed top 29 bits (of 32) from port B of cell $paramod\noc_router\ROUTER_X=s2'10\ROUTER_Y=s2'11.$mul$../flattened_rtl/noc_router.sv:90$783 ($mul).
Removed top 26 bits (of 32) from port Y of cell $paramod\noc_router\ROUTER_X=s2'10\ROUTER_Y=s2'11.$mul$../flattened_rtl/noc_router.sv:90$783 ($mul).
Removed top 26 bits (of 32) from port A of cell $paramod\noc_router\ROUTER_X=s2'10\ROUTER_Y=s2'11.$add$../flattened_rtl/noc_router.sv:90$784 ($add).
Removed top 31 bits (of 32) from port B of cell $paramod\noc_router\ROUTER_X=s2'10\ROUTER_Y=s2'11.$add$../flattened_rtl/noc_router.sv:90$784 ($add).
Removed top 25 bits (of 32) from port Y of cell $paramod\noc_router\ROUTER_X=s2'10\ROUTER_Y=s2'11.$add$../flattened_rtl/noc_router.sv:90$784 ($add).
Removed top 24 bits (of 32) from port B of cell $paramod\noc_router\ROUTER_X=s2'10\ROUTER_Y=s2'11.$shiftx$../flattened_rtl/noc_router.sv:89$785 ($shiftx).
Removed top 29 bits (of 32) from port B of cell $paramod\noc_router\ROUTER_X=s2'10\ROUTER_Y=s2'11.$mul$../flattened_rtl/noc_router.sv:90$789 ($mul).
Removed top 26 bits (of 32) from port Y of cell $paramod\noc_router\ROUTER_X=s2'10\ROUTER_Y=s2'11.$mul$../flattened_rtl/noc_router.sv:90$789 ($mul).
Removed top 26 bits (of 32) from port A of cell $paramod\noc_router\ROUTER_X=s2'10\ROUTER_Y=s2'11.$add$../flattened_rtl/noc_router.sv:90$790 ($add).
Removed top 30 bits (of 32) from port B of cell $paramod\noc_router\ROUTER_X=s2'10\ROUTER_Y=s2'11.$add$../flattened_rtl/noc_router.sv:90$790 ($add).
Removed top 25 bits (of 32) from port Y of cell $paramod\noc_router\ROUTER_X=s2'10\ROUTER_Y=s2'11.$add$../flattened_rtl/noc_router.sv:90$790 ($add).
Removed top 24 bits (of 32) from port B of cell $paramod\noc_router\ROUTER_X=s2'10\ROUTER_Y=s2'11.$shiftx$../flattened_rtl/noc_router.sv:89$791 ($shiftx).
Removed top 29 bits (of 32) from port B of cell $paramod\noc_router\ROUTER_X=s2'10\ROUTER_Y=s2'11.$mul$../flattened_rtl/noc_router.sv:90$795 ($mul).
Removed top 26 bits (of 32) from port Y of cell $paramod\noc_router\ROUTER_X=s2'10\ROUTER_Y=s2'11.$mul$../flattened_rtl/noc_router.sv:90$795 ($mul).
Removed top 26 bits (of 32) from port A of cell $paramod\noc_router\ROUTER_X=s2'10\ROUTER_Y=s2'11.$add$../flattened_rtl/noc_router.sv:90$796 ($add).
Removed top 30 bits (of 32) from port B of cell $paramod\noc_router\ROUTER_X=s2'10\ROUTER_Y=s2'11.$add$../flattened_rtl/noc_router.sv:90$796 ($add).
Removed top 25 bits (of 32) from port Y of cell $paramod\noc_router\ROUTER_X=s2'10\ROUTER_Y=s2'11.$add$../flattened_rtl/noc_router.sv:90$796 ($add).
Removed top 24 bits (of 32) from port B of cell $paramod\noc_router\ROUTER_X=s2'10\ROUTER_Y=s2'11.$shiftx$../flattened_rtl/noc_router.sv:89$797 ($shiftx).
Removed top 29 bits (of 32) from port B of cell $paramod\noc_router\ROUTER_X=s2'10\ROUTER_Y=s2'11.$mul$../flattened_rtl/noc_router.sv:90$801 ($mul).
Removed top 26 bits (of 32) from port Y of cell $paramod\noc_router\ROUTER_X=s2'10\ROUTER_Y=s2'11.$mul$../flattened_rtl/noc_router.sv:90$801 ($mul).
Removed top 26 bits (of 32) from port A of cell $paramod\noc_router\ROUTER_X=s2'10\ROUTER_Y=s2'11.$add$../flattened_rtl/noc_router.sv:90$802 ($add).
Removed top 29 bits (of 32) from port B of cell $paramod\noc_router\ROUTER_X=s2'10\ROUTER_Y=s2'11.$add$../flattened_rtl/noc_router.sv:90$802 ($add).
Removed top 25 bits (of 32) from port Y of cell $paramod\noc_router\ROUTER_X=s2'10\ROUTER_Y=s2'11.$add$../flattened_rtl/noc_router.sv:90$802 ($add).
Removed top 24 bits (of 32) from port B of cell $paramod\noc_router\ROUTER_X=s2'10\ROUTER_Y=s2'11.$shiftx$../flattened_rtl/noc_router.sv:89$803 ($shiftx).
Removed top 25 bits (of 32) from wire $paramod\noc_router\ROUTER_X=s2'10\ROUTER_Y=s2'11.$add$../flattened_rtl/noc_router.sv:78$744_Y.
Removed top 26 bits (of 32) from wire $paramod\noc_router\ROUTER_X=s2'10\ROUTER_Y=s2'11.$mul$../flattened_rtl/noc_router.sv:78$743_Y.
Removed top 25 bits (of 32) from wire $paramod\noc_router\ROUTER_X=s2'10\ROUTER_Y=s2'11.$add$../flattened_rtl/noc_router.sv:78$733_Y.
Removed top 26 bits (of 32) from wire $paramod\noc_router\ROUTER_X=s2'10\ROUTER_Y=s2'11.$mul$../flattened_rtl/noc_router.sv:78$732_Y.
Removed top 26 bits (of 32) from wire $paramod\noc_router\ROUTER_X=s2'10\ROUTER_Y=s2'11.$mul$../flattened_rtl/noc_router.sv:78$754_Y.
Removed top 25 bits (of 32) from wire $paramod\noc_router\ROUTER_X=s2'10\ROUTER_Y=s2'11.$add$../flattened_rtl/noc_router.sv:78$755_Y.
Removed top 26 bits (of 32) from wire $paramod\noc_router\ROUTER_X=s2'10\ROUTER_Y=s2'11.$add$../flattened_rtl/noc_router.sv:78$722_Y.
Removed top 25 bits (of 32) from wire $paramod\noc_router\ROUTER_X=s2'10\ROUTER_Y=s2'11.$add$../flattened_rtl/noc_router.sv:78$766_Y.
Removed top 26 bits (of 32) from wire $paramod\noc_router\ROUTER_X=s2'10\ROUTER_Y=s2'11.$mul$../flattened_rtl/noc_router.sv:78$765_Y.
Converting cell $paramod\noc_router\ROUTER_X=s2'11\ROUTER_Y=s2'00.$neg$../flattened_rtl/noc_router.sv:77$615 ($neg) from signed to unsigned.
Removed top 1 bits (of 33) from port A of cell $paramod\noc_router\ROUTER_X=s2'11\ROUTER_Y=s2'00.$neg$../flattened_rtl/noc_router.sv:77$615 ($neg).
Converting cell $paramod\noc_router\ROUTER_X=s2'11\ROUTER_Y=s2'00.$neg$../flattened_rtl/noc_router.sv:77$626 ($neg) from signed to unsigned.
Removed top 1 bits (of 33) from port A of cell $paramod\noc_router\ROUTER_X=s2'11\ROUTER_Y=s2'00.$neg$../flattened_rtl/noc_router.sv:77$626 ($neg).
Converting cell $paramod\noc_router\ROUTER_X=s2'11\ROUTER_Y=s2'00.$neg$../flattened_rtl/noc_router.sv:77$637 ($neg) from signed to unsigned.
Removed top 1 bits (of 33) from port A of cell $paramod\noc_router\ROUTER_X=s2'11\ROUTER_Y=s2'00.$neg$../flattened_rtl/noc_router.sv:77$637 ($neg).
Converting cell $paramod\noc_router\ROUTER_X=s2'11\ROUTER_Y=s2'00.$neg$../flattened_rtl/noc_router.sv:77$648 ($neg) from signed to unsigned.
Removed top 1 bits (of 33) from port A of cell $paramod\noc_router\ROUTER_X=s2'11\ROUTER_Y=s2'00.$neg$../flattened_rtl/noc_router.sv:77$648 ($neg).
Converting cell $paramod\noc_router\ROUTER_X=s2'11\ROUTER_Y=s2'00.$neg$../flattened_rtl/noc_router.sv:77$659 ($neg) from signed to unsigned.
Removed top 1 bits (of 33) from port A of cell $paramod\noc_router\ROUTER_X=s2'11\ROUTER_Y=s2'00.$neg$../flattened_rtl/noc_router.sv:77$659 ($neg).
Removed top 29 bits (of 32) from port B of cell $paramod\noc_router\ROUTER_X=s2'11\ROUTER_Y=s2'00.$mul$../flattened_rtl/noc_router.sv:90$665 ($mul).
Removed top 26 bits (of 32) from port Y of cell $paramod\noc_router\ROUTER_X=s2'11\ROUTER_Y=s2'00.$mul$../flattened_rtl/noc_router.sv:90$665 ($mul).
Removed top 25 bits (of 32) from port B of cell $paramod\noc_router\ROUTER_X=s2'11\ROUTER_Y=s2'00.$shiftx$../flattened_rtl/noc_router.sv:89$667 ($shiftx).
Removed top 29 bits (of 32) from port B of cell $paramod\noc_router\ROUTER_X=s2'11\ROUTER_Y=s2'00.$mul$../flattened_rtl/noc_router.sv:90$671 ($mul).
Removed top 26 bits (of 32) from port Y of cell $paramod\noc_router\ROUTER_X=s2'11\ROUTER_Y=s2'00.$mul$../flattened_rtl/noc_router.sv:90$671 ($mul).
Removed top 26 bits (of 32) from port A of cell $paramod\noc_router\ROUTER_X=s2'11\ROUTER_Y=s2'00.$add$../flattened_rtl/noc_router.sv:90$672 ($add).
Removed top 31 bits (of 32) from port B of cell $paramod\noc_router\ROUTER_X=s2'11\ROUTER_Y=s2'00.$add$../flattened_rtl/noc_router.sv:90$672 ($add).
Removed top 25 bits (of 32) from port Y of cell $paramod\noc_router\ROUTER_X=s2'11\ROUTER_Y=s2'00.$add$../flattened_rtl/noc_router.sv:90$672 ($add).
Removed top 24 bits (of 32) from port B of cell $paramod\noc_router\ROUTER_X=s2'11\ROUTER_Y=s2'00.$shiftx$../flattened_rtl/noc_router.sv:89$673 ($shiftx).
Removed top 29 bits (of 32) from port B of cell $paramod\noc_router\ROUTER_X=s2'11\ROUTER_Y=s2'00.$mul$../flattened_rtl/noc_router.sv:90$677 ($mul).
Removed top 26 bits (of 32) from port Y of cell $paramod\noc_router\ROUTER_X=s2'11\ROUTER_Y=s2'00.$mul$../flattened_rtl/noc_router.sv:90$677 ($mul).
Removed top 26 bits (of 32) from port A of cell $paramod\noc_router\ROUTER_X=s2'11\ROUTER_Y=s2'00.$add$../flattened_rtl/noc_router.sv:90$678 ($add).
Removed top 30 bits (of 32) from port B of cell $paramod\noc_router\ROUTER_X=s2'11\ROUTER_Y=s2'00.$add$../flattened_rtl/noc_router.sv:90$678 ($add).
Removed top 25 bits (of 32) from port Y of cell $paramod\noc_router\ROUTER_X=s2'11\ROUTER_Y=s2'00.$add$../flattened_rtl/noc_router.sv:90$678 ($add).
Removed top 24 bits (of 32) from port B of cell $paramod\noc_router\ROUTER_X=s2'11\ROUTER_Y=s2'00.$shiftx$../flattened_rtl/noc_router.sv:89$679 ($shiftx).
Removed top 29 bits (of 32) from port B of cell $paramod\noc_router\ROUTER_X=s2'11\ROUTER_Y=s2'00.$mul$../flattened_rtl/noc_router.sv:90$683 ($mul).
Removed top 26 bits (of 32) from port Y of cell $paramod\noc_router\ROUTER_X=s2'11\ROUTER_Y=s2'00.$mul$../flattened_rtl/noc_router.sv:90$683 ($mul).
Removed top 26 bits (of 32) from port A of cell $paramod\noc_router\ROUTER_X=s2'11\ROUTER_Y=s2'00.$add$../flattened_rtl/noc_router.sv:90$684 ($add).
Removed top 30 bits (of 32) from port B of cell $paramod\noc_router\ROUTER_X=s2'11\ROUTER_Y=s2'00.$add$../flattened_rtl/noc_router.sv:90$684 ($add).
Removed top 25 bits (of 32) from port Y of cell $paramod\noc_router\ROUTER_X=s2'11\ROUTER_Y=s2'00.$add$../flattened_rtl/noc_router.sv:90$684 ($add).
Removed top 24 bits (of 32) from port B of cell $paramod\noc_router\ROUTER_X=s2'11\ROUTER_Y=s2'00.$shiftx$../flattened_rtl/noc_router.sv:89$685 ($shiftx).
Removed top 29 bits (of 32) from port B of cell $paramod\noc_router\ROUTER_X=s2'11\ROUTER_Y=s2'00.$mul$../flattened_rtl/noc_router.sv:90$689 ($mul).
Removed top 26 bits (of 32) from port Y of cell $paramod\noc_router\ROUTER_X=s2'11\ROUTER_Y=s2'00.$mul$../flattened_rtl/noc_router.sv:90$689 ($mul).
Removed top 26 bits (of 32) from port A of cell $paramod\noc_router\ROUTER_X=s2'11\ROUTER_Y=s2'00.$add$../flattened_rtl/noc_router.sv:90$690 ($add).
Removed top 29 bits (of 32) from port B of cell $paramod\noc_router\ROUTER_X=s2'11\ROUTER_Y=s2'00.$add$../flattened_rtl/noc_router.sv:90$690 ($add).
Removed top 25 bits (of 32) from port Y of cell $paramod\noc_router\ROUTER_X=s2'11\ROUTER_Y=s2'00.$add$../flattened_rtl/noc_router.sv:90$690 ($add).
Removed top 24 bits (of 32) from port B of cell $paramod\noc_router\ROUTER_X=s2'11\ROUTER_Y=s2'00.$shiftx$../flattened_rtl/noc_router.sv:89$691 ($shiftx).
Removed top 25 bits (of 32) from wire $paramod\noc_router\ROUTER_X=s2'11\ROUTER_Y=s2'00.$add$../flattened_rtl/noc_router.sv:78$632_Y.
Removed top 26 bits (of 32) from wire $paramod\noc_router\ROUTER_X=s2'11\ROUTER_Y=s2'00.$mul$../flattened_rtl/noc_router.sv:78$631_Y.
Removed top 25 bits (of 32) from wire $paramod\noc_router\ROUTER_X=s2'11\ROUTER_Y=s2'00.$add$../flattened_rtl/noc_router.sv:78$621_Y.
Removed top 26 bits (of 32) from wire $paramod\noc_router\ROUTER_X=s2'11\ROUTER_Y=s2'00.$mul$../flattened_rtl/noc_router.sv:78$620_Y.
Removed top 26 bits (of 32) from wire $paramod\noc_router\ROUTER_X=s2'11\ROUTER_Y=s2'00.$mul$../flattened_rtl/noc_router.sv:78$642_Y.
Removed top 25 bits (of 32) from wire $paramod\noc_router\ROUTER_X=s2'11\ROUTER_Y=s2'00.$add$../flattened_rtl/noc_router.sv:78$643_Y.
Removed top 26 bits (of 32) from wire $paramod\noc_router\ROUTER_X=s2'11\ROUTER_Y=s2'00.$add$../flattened_rtl/noc_router.sv:78$610_Y.
Removed top 25 bits (of 32) from wire $paramod\noc_router\ROUTER_X=s2'11\ROUTER_Y=s2'00.$add$../flattened_rtl/noc_router.sv:78$654_Y.
Removed top 26 bits (of 32) from wire $paramod\noc_router\ROUTER_X=s2'11\ROUTER_Y=s2'00.$mul$../flattened_rtl/noc_router.sv:78$653_Y.
Converting cell $paramod\noc_router\ROUTER_X=s2'11\ROUTER_Y=s2'01.$neg$../flattened_rtl/noc_router.sv:77$503 ($neg) from signed to unsigned.
Removed top 1 bits (of 33) from port A of cell $paramod\noc_router\ROUTER_X=s2'11\ROUTER_Y=s2'01.$neg$../flattened_rtl/noc_router.sv:77$503 ($neg).
Converting cell $paramod\noc_router\ROUTER_X=s2'11\ROUTER_Y=s2'01.$neg$../flattened_rtl/noc_router.sv:77$514 ($neg) from signed to unsigned.
Removed top 1 bits (of 33) from port A of cell $paramod\noc_router\ROUTER_X=s2'11\ROUTER_Y=s2'01.$neg$../flattened_rtl/noc_router.sv:77$514 ($neg).
Converting cell $paramod\noc_router\ROUTER_X=s2'11\ROUTER_Y=s2'01.$neg$../flattened_rtl/noc_router.sv:77$525 ($neg) from signed to unsigned.
Removed top 1 bits (of 33) from port A of cell $paramod\noc_router\ROUTER_X=s2'11\ROUTER_Y=s2'01.$neg$../flattened_rtl/noc_router.sv:77$525 ($neg).
Converting cell $paramod\noc_router\ROUTER_X=s2'11\ROUTER_Y=s2'01.$neg$../flattened_rtl/noc_router.sv:77$536 ($neg) from signed to unsigned.
Removed top 1 bits (of 33) from port A of cell $paramod\noc_router\ROUTER_X=s2'11\ROUTER_Y=s2'01.$neg$../flattened_rtl/noc_router.sv:77$536 ($neg).
Converting cell $paramod\noc_router\ROUTER_X=s2'11\ROUTER_Y=s2'01.$neg$../flattened_rtl/noc_router.sv:77$547 ($neg) from signed to unsigned.
Removed top 1 bits (of 33) from port A of cell $paramod\noc_router\ROUTER_X=s2'11\ROUTER_Y=s2'01.$neg$../flattened_rtl/noc_router.sv:77$547 ($neg).
Removed top 29 bits (of 32) from port B of cell $paramod\noc_router\ROUTER_X=s2'11\ROUTER_Y=s2'01.$mul$../flattened_rtl/noc_router.sv:90$553 ($mul).
Removed top 26 bits (of 32) from port Y of cell $paramod\noc_router\ROUTER_X=s2'11\ROUTER_Y=s2'01.$mul$../flattened_rtl/noc_router.sv:90$553 ($mul).
Removed top 25 bits (of 32) from port B of cell $paramod\noc_router\ROUTER_X=s2'11\ROUTER_Y=s2'01.$shiftx$../flattened_rtl/noc_router.sv:89$555 ($shiftx).
Removed top 29 bits (of 32) from port B of cell $paramod\noc_router\ROUTER_X=s2'11\ROUTER_Y=s2'01.$mul$../flattened_rtl/noc_router.sv:90$559 ($mul).
Removed top 26 bits (of 32) from port Y of cell $paramod\noc_router\ROUTER_X=s2'11\ROUTER_Y=s2'01.$mul$../flattened_rtl/noc_router.sv:90$559 ($mul).
Removed top 26 bits (of 32) from port A of cell $paramod\noc_router\ROUTER_X=s2'11\ROUTER_Y=s2'01.$add$../flattened_rtl/noc_router.sv:90$560 ($add).
Removed top 31 bits (of 32) from port B of cell $paramod\noc_router\ROUTER_X=s2'11\ROUTER_Y=s2'01.$add$../flattened_rtl/noc_router.sv:90$560 ($add).
Removed top 25 bits (of 32) from port Y of cell $paramod\noc_router\ROUTER_X=s2'11\ROUTER_Y=s2'01.$add$../flattened_rtl/noc_router.sv:90$560 ($add).
Removed top 24 bits (of 32) from port B of cell $paramod\noc_router\ROUTER_X=s2'11\ROUTER_Y=s2'01.$shiftx$../flattened_rtl/noc_router.sv:89$561 ($shiftx).
Removed top 29 bits (of 32) from port B of cell $paramod\noc_router\ROUTER_X=s2'11\ROUTER_Y=s2'01.$mul$../flattened_rtl/noc_router.sv:90$565 ($mul).
Removed top 26 bits (of 32) from port Y of cell $paramod\noc_router\ROUTER_X=s2'11\ROUTER_Y=s2'01.$mul$../flattened_rtl/noc_router.sv:90$565 ($mul).
Removed top 26 bits (of 32) from port A of cell $paramod\noc_router\ROUTER_X=s2'11\ROUTER_Y=s2'01.$add$../flattened_rtl/noc_router.sv:90$566 ($add).
Removed top 30 bits (of 32) from port B of cell $paramod\noc_router\ROUTER_X=s2'11\ROUTER_Y=s2'01.$add$../flattened_rtl/noc_router.sv:90$566 ($add).
Removed top 25 bits (of 32) from port Y of cell $paramod\noc_router\ROUTER_X=s2'11\ROUTER_Y=s2'01.$add$../flattened_rtl/noc_router.sv:90$566 ($add).
Removed top 24 bits (of 32) from port B of cell $paramod\noc_router\ROUTER_X=s2'11\ROUTER_Y=s2'01.$shiftx$../flattened_rtl/noc_router.sv:89$567 ($shiftx).
Removed top 29 bits (of 32) from port B of cell $paramod\noc_router\ROUTER_X=s2'11\ROUTER_Y=s2'01.$mul$../flattened_rtl/noc_router.sv:90$571 ($mul).
Removed top 26 bits (of 32) from port Y of cell $paramod\noc_router\ROUTER_X=s2'11\ROUTER_Y=s2'01.$mul$../flattened_rtl/noc_router.sv:90$571 ($mul).
Removed top 26 bits (of 32) from port A of cell $paramod\noc_router\ROUTER_X=s2'11\ROUTER_Y=s2'01.$add$../flattened_rtl/noc_router.sv:90$572 ($add).
Removed top 30 bits (of 32) from port B of cell $paramod\noc_router\ROUTER_X=s2'11\ROUTER_Y=s2'01.$add$../flattened_rtl/noc_router.sv:90$572 ($add).
Removed top 25 bits (of 32) from port Y of cell $paramod\noc_router\ROUTER_X=s2'11\ROUTER_Y=s2'01.$add$../flattened_rtl/noc_router.sv:90$572 ($add).
Removed top 24 bits (of 32) from port B of cell $paramod\noc_router\ROUTER_X=s2'11\ROUTER_Y=s2'01.$shiftx$../flattened_rtl/noc_router.sv:89$573 ($shiftx).
Removed top 29 bits (of 32) from port B of cell $paramod\noc_router\ROUTER_X=s2'11\ROUTER_Y=s2'01.$mul$../flattened_rtl/noc_router.sv:90$577 ($mul).
Removed top 26 bits (of 32) from port Y of cell $paramod\noc_router\ROUTER_X=s2'11\ROUTER_Y=s2'01.$mul$../flattened_rtl/noc_router.sv:90$577 ($mul).
Removed top 26 bits (of 32) from port A of cell $paramod\noc_router\ROUTER_X=s2'11\ROUTER_Y=s2'01.$add$../flattened_rtl/noc_router.sv:90$578 ($add).
Removed top 29 bits (of 32) from port B of cell $paramod\noc_router\ROUTER_X=s2'11\ROUTER_Y=s2'01.$add$../flattened_rtl/noc_router.sv:90$578 ($add).
Removed top 25 bits (of 32) from port Y of cell $paramod\noc_router\ROUTER_X=s2'11\ROUTER_Y=s2'01.$add$../flattened_rtl/noc_router.sv:90$578 ($add).
Removed top 24 bits (of 32) from port B of cell $paramod\noc_router\ROUTER_X=s2'11\ROUTER_Y=s2'01.$shiftx$../flattened_rtl/noc_router.sv:89$579 ($shiftx).
Removed top 25 bits (of 32) from wire $paramod\noc_router\ROUTER_X=s2'11\ROUTER_Y=s2'01.$add$../flattened_rtl/noc_router.sv:78$520_Y.
Removed top 26 bits (of 32) from wire $paramod\noc_router\ROUTER_X=s2'11\ROUTER_Y=s2'01.$mul$../flattened_rtl/noc_router.sv:78$519_Y.
Removed top 25 bits (of 32) from wire $paramod\noc_router\ROUTER_X=s2'11\ROUTER_Y=s2'01.$add$../flattened_rtl/noc_router.sv:78$509_Y.
Removed top 26 bits (of 32) from wire $paramod\noc_router\ROUTER_X=s2'11\ROUTER_Y=s2'01.$mul$../flattened_rtl/noc_router.sv:78$508_Y.
Removed top 26 bits (of 32) from wire $paramod\noc_router\ROUTER_X=s2'11\ROUTER_Y=s2'01.$mul$../flattened_rtl/noc_router.sv:78$530_Y.
Removed top 25 bits (of 32) from wire $paramod\noc_router\ROUTER_X=s2'11\ROUTER_Y=s2'01.$add$../flattened_rtl/noc_router.sv:78$531_Y.
Removed top 26 bits (of 32) from wire $paramod\noc_router\ROUTER_X=s2'11\ROUTER_Y=s2'01.$add$../flattened_rtl/noc_router.sv:78$498_Y.
Removed top 25 bits (of 32) from wire $paramod\noc_router\ROUTER_X=s2'11\ROUTER_Y=s2'01.$add$../flattened_rtl/noc_router.sv:78$542_Y.
Removed top 26 bits (of 32) from wire $paramod\noc_router\ROUTER_X=s2'11\ROUTER_Y=s2'01.$mul$../flattened_rtl/noc_router.sv:78$541_Y.
Converting cell $paramod\noc_router\ROUTER_X=s2'11\ROUTER_Y=s2'10.$neg$../flattened_rtl/noc_router.sv:77$391 ($neg) from signed to unsigned.
Removed top 1 bits (of 33) from port A of cell $paramod\noc_router\ROUTER_X=s2'11\ROUTER_Y=s2'10.$neg$../flattened_rtl/noc_router.sv:77$391 ($neg).
Converting cell $paramod\noc_router\ROUTER_X=s2'11\ROUTER_Y=s2'10.$neg$../flattened_rtl/noc_router.sv:77$402 ($neg) from signed to unsigned.
Removed top 1 bits (of 33) from port A of cell $paramod\noc_router\ROUTER_X=s2'11\ROUTER_Y=s2'10.$neg$../flattened_rtl/noc_router.sv:77$402 ($neg).
Converting cell $paramod\noc_router\ROUTER_X=s2'11\ROUTER_Y=s2'10.$neg$../flattened_rtl/noc_router.sv:77$413 ($neg) from signed to unsigned.
Removed top 1 bits (of 33) from port A of cell $paramod\noc_router\ROUTER_X=s2'11\ROUTER_Y=s2'10.$neg$../flattened_rtl/noc_router.sv:77$413 ($neg).
Converting cell $paramod\noc_router\ROUTER_X=s2'11\ROUTER_Y=s2'10.$neg$../flattened_rtl/noc_router.sv:77$424 ($neg) from signed to unsigned.
Removed top 1 bits (of 33) from port A of cell $paramod\noc_router\ROUTER_X=s2'11\ROUTER_Y=s2'10.$neg$../flattened_rtl/noc_router.sv:77$424 ($neg).
Converting cell $paramod\noc_router\ROUTER_X=s2'11\ROUTER_Y=s2'10.$neg$../flattened_rtl/noc_router.sv:77$435 ($neg) from signed to unsigned.
Removed top 1 bits (of 33) from port A of cell $paramod\noc_router\ROUTER_X=s2'11\ROUTER_Y=s2'10.$neg$../flattened_rtl/noc_router.sv:77$435 ($neg).
Removed top 29 bits (of 32) from port B of cell $paramod\noc_router\ROUTER_X=s2'11\ROUTER_Y=s2'10.$mul$../flattened_rtl/noc_router.sv:90$441 ($mul).
Removed top 26 bits (of 32) from port Y of cell $paramod\noc_router\ROUTER_X=s2'11\ROUTER_Y=s2'10.$mul$../flattened_rtl/noc_router.sv:90$441 ($mul).
Removed top 25 bits (of 32) from port B of cell $paramod\noc_router\ROUTER_X=s2'11\ROUTER_Y=s2'10.$shiftx$../flattened_rtl/noc_router.sv:89$443 ($shiftx).
Removed top 29 bits (of 32) from port B of cell $paramod\noc_router\ROUTER_X=s2'11\ROUTER_Y=s2'10.$mul$../flattened_rtl/noc_router.sv:90$447 ($mul).
Removed top 26 bits (of 32) from port Y of cell $paramod\noc_router\ROUTER_X=s2'11\ROUTER_Y=s2'10.$mul$../flattened_rtl/noc_router.sv:90$447 ($mul).
Removed top 26 bits (of 32) from port A of cell $paramod\noc_router\ROUTER_X=s2'11\ROUTER_Y=s2'10.$add$../flattened_rtl/noc_router.sv:90$448 ($add).
Removed top 31 bits (of 32) from port B of cell $paramod\noc_router\ROUTER_X=s2'11\ROUTER_Y=s2'10.$add$../flattened_rtl/noc_router.sv:90$448 ($add).
Removed top 25 bits (of 32) from port Y of cell $paramod\noc_router\ROUTER_X=s2'11\ROUTER_Y=s2'10.$add$../flattened_rtl/noc_router.sv:90$448 ($add).
Removed top 24 bits (of 32) from port B of cell $paramod\noc_router\ROUTER_X=s2'11\ROUTER_Y=s2'10.$shiftx$../flattened_rtl/noc_router.sv:89$449 ($shiftx).
Removed top 29 bits (of 32) from port B of cell $paramod\noc_router\ROUTER_X=s2'11\ROUTER_Y=s2'10.$mul$../flattened_rtl/noc_router.sv:90$453 ($mul).
Removed top 26 bits (of 32) from port Y of cell $paramod\noc_router\ROUTER_X=s2'11\ROUTER_Y=s2'10.$mul$../flattened_rtl/noc_router.sv:90$453 ($mul).
Removed top 26 bits (of 32) from port A of cell $paramod\noc_router\ROUTER_X=s2'11\ROUTER_Y=s2'10.$add$../flattened_rtl/noc_router.sv:90$454 ($add).
Removed top 30 bits (of 32) from port B of cell $paramod\noc_router\ROUTER_X=s2'11\ROUTER_Y=s2'10.$add$../flattened_rtl/noc_router.sv:90$454 ($add).
Removed top 25 bits (of 32) from port Y of cell $paramod\noc_router\ROUTER_X=s2'11\ROUTER_Y=s2'10.$add$../flattened_rtl/noc_router.sv:90$454 ($add).
Removed top 24 bits (of 32) from port B of cell $paramod\noc_router\ROUTER_X=s2'11\ROUTER_Y=s2'10.$shiftx$../flattened_rtl/noc_router.sv:89$455 ($shiftx).
Removed top 29 bits (of 32) from port B of cell $paramod\noc_router\ROUTER_X=s2'11\ROUTER_Y=s2'10.$mul$../flattened_rtl/noc_router.sv:90$459 ($mul).
Removed top 26 bits (of 32) from port Y of cell $paramod\noc_router\ROUTER_X=s2'11\ROUTER_Y=s2'10.$mul$../flattened_rtl/noc_router.sv:90$459 ($mul).
Removed top 26 bits (of 32) from port A of cell $paramod\noc_router\ROUTER_X=s2'11\ROUTER_Y=s2'10.$add$../flattened_rtl/noc_router.sv:90$460 ($add).
Removed top 30 bits (of 32) from port B of cell $paramod\noc_router\ROUTER_X=s2'11\ROUTER_Y=s2'10.$add$../flattened_rtl/noc_router.sv:90$460 ($add).
Removed top 25 bits (of 32) from port Y of cell $paramod\noc_router\ROUTER_X=s2'11\ROUTER_Y=s2'10.$add$../flattened_rtl/noc_router.sv:90$460 ($add).
Removed top 24 bits (of 32) from port B of cell $paramod\noc_router\ROUTER_X=s2'11\ROUTER_Y=s2'10.$shiftx$../flattened_rtl/noc_router.sv:89$461 ($shiftx).
Removed top 29 bits (of 32) from port B of cell $paramod\noc_router\ROUTER_X=s2'11\ROUTER_Y=s2'10.$mul$../flattened_rtl/noc_router.sv:90$465 ($mul).
Removed top 26 bits (of 32) from port Y of cell $paramod\noc_router\ROUTER_X=s2'11\ROUTER_Y=s2'10.$mul$../flattened_rtl/noc_router.sv:90$465 ($mul).
Removed top 26 bits (of 32) from port A of cell $paramod\noc_router\ROUTER_X=s2'11\ROUTER_Y=s2'10.$add$../flattened_rtl/noc_router.sv:90$466 ($add).
Removed top 29 bits (of 32) from port B of cell $paramod\noc_router\ROUTER_X=s2'11\ROUTER_Y=s2'10.$add$../flattened_rtl/noc_router.sv:90$466 ($add).
Removed top 25 bits (of 32) from port Y of cell $paramod\noc_router\ROUTER_X=s2'11\ROUTER_Y=s2'10.$add$../flattened_rtl/noc_router.sv:90$466 ($add).
Removed top 24 bits (of 32) from port B of cell $paramod\noc_router\ROUTER_X=s2'11\ROUTER_Y=s2'10.$shiftx$../flattened_rtl/noc_router.sv:89$467 ($shiftx).
Removed top 25 bits (of 32) from wire $paramod\noc_router\ROUTER_X=s2'11\ROUTER_Y=s2'10.$add$../flattened_rtl/noc_router.sv:78$408_Y.
Removed top 26 bits (of 32) from wire $paramod\noc_router\ROUTER_X=s2'11\ROUTER_Y=s2'10.$mul$../flattened_rtl/noc_router.sv:78$407_Y.
Removed top 25 bits (of 32) from wire $paramod\noc_router\ROUTER_X=s2'11\ROUTER_Y=s2'10.$add$../flattened_rtl/noc_router.sv:78$397_Y.
Removed top 26 bits (of 32) from wire $paramod\noc_router\ROUTER_X=s2'11\ROUTER_Y=s2'10.$mul$../flattened_rtl/noc_router.sv:78$396_Y.
Removed top 26 bits (of 32) from wire $paramod\noc_router\ROUTER_X=s2'11\ROUTER_Y=s2'10.$mul$../flattened_rtl/noc_router.sv:78$418_Y.
Removed top 25 bits (of 32) from wire $paramod\noc_router\ROUTER_X=s2'11\ROUTER_Y=s2'10.$add$../flattened_rtl/noc_router.sv:78$419_Y.
Removed top 26 bits (of 32) from wire $paramod\noc_router\ROUTER_X=s2'11\ROUTER_Y=s2'10.$add$../flattened_rtl/noc_router.sv:78$386_Y.
Removed top 25 bits (of 32) from wire $paramod\noc_router\ROUTER_X=s2'11\ROUTER_Y=s2'10.$add$../flattened_rtl/noc_router.sv:78$430_Y.
Removed top 26 bits (of 32) from wire $paramod\noc_router\ROUTER_X=s2'11\ROUTER_Y=s2'10.$mul$../flattened_rtl/noc_router.sv:78$429_Y.
Converting cell $paramod\noc_router\ROUTER_X=s2'11\ROUTER_Y=s2'11.$neg$../flattened_rtl/noc_router.sv:77$279 ($neg) from signed to unsigned.
Removed top 1 bits (of 33) from port A of cell $paramod\noc_router\ROUTER_X=s2'11\ROUTER_Y=s2'11.$neg$../flattened_rtl/noc_router.sv:77$279 ($neg).
Converting cell $paramod\noc_router\ROUTER_X=s2'11\ROUTER_Y=s2'11.$neg$../flattened_rtl/noc_router.sv:77$290 ($neg) from signed to unsigned.
Removed top 1 bits (of 33) from port A of cell $paramod\noc_router\ROUTER_X=s2'11\ROUTER_Y=s2'11.$neg$../flattened_rtl/noc_router.sv:77$290 ($neg).
Converting cell $paramod\noc_router\ROUTER_X=s2'11\ROUTER_Y=s2'11.$neg$../flattened_rtl/noc_router.sv:77$301 ($neg) from signed to unsigned.
Removed top 1 bits (of 33) from port A of cell $paramod\noc_router\ROUTER_X=s2'11\ROUTER_Y=s2'11.$neg$../flattened_rtl/noc_router.sv:77$301 ($neg).
Converting cell $paramod\noc_router\ROUTER_X=s2'11\ROUTER_Y=s2'11.$neg$../flattened_rtl/noc_router.sv:77$312 ($neg) from signed to unsigned.
Removed top 1 bits (of 33) from port A of cell $paramod\noc_router\ROUTER_X=s2'11\ROUTER_Y=s2'11.$neg$../flattened_rtl/noc_router.sv:77$312 ($neg).
Converting cell $paramod\noc_router\ROUTER_X=s2'11\ROUTER_Y=s2'11.$neg$../flattened_rtl/noc_router.sv:77$323 ($neg) from signed to unsigned.
Removed top 1 bits (of 33) from port A of cell $paramod\noc_router\ROUTER_X=s2'11\ROUTER_Y=s2'11.$neg$../flattened_rtl/noc_router.sv:77$323 ($neg).
Removed top 29 bits (of 32) from port B of cell $paramod\noc_router\ROUTER_X=s2'11\ROUTER_Y=s2'11.$mul$../flattened_rtl/noc_router.sv:90$329 ($mul).
Removed top 26 bits (of 32) from port Y of cell $paramod\noc_router\ROUTER_X=s2'11\ROUTER_Y=s2'11.$mul$../flattened_rtl/noc_router.sv:90$329 ($mul).
Removed top 25 bits (of 32) from port B of cell $paramod\noc_router\ROUTER_X=s2'11\ROUTER_Y=s2'11.$shiftx$../flattened_rtl/noc_router.sv:89$331 ($shiftx).
Removed top 29 bits (of 32) from port B of cell $paramod\noc_router\ROUTER_X=s2'11\ROUTER_Y=s2'11.$mul$../flattened_rtl/noc_router.sv:90$335 ($mul).
Removed top 26 bits (of 32) from port Y of cell $paramod\noc_router\ROUTER_X=s2'11\ROUTER_Y=s2'11.$mul$../flattened_rtl/noc_router.sv:90$335 ($mul).
Removed top 26 bits (of 32) from port A of cell $paramod\noc_router\ROUTER_X=s2'11\ROUTER_Y=s2'11.$add$../flattened_rtl/noc_router.sv:90$336 ($add).
Removed top 31 bits (of 32) from port B of cell $paramod\noc_router\ROUTER_X=s2'11\ROUTER_Y=s2'11.$add$../flattened_rtl/noc_router.sv:90$336 ($add).
Removed top 25 bits (of 32) from port Y of cell $paramod\noc_router\ROUTER_X=s2'11\ROUTER_Y=s2'11.$add$../flattened_rtl/noc_router.sv:90$336 ($add).
Removed top 24 bits (of 32) from port B of cell $paramod\noc_router\ROUTER_X=s2'11\ROUTER_Y=s2'11.$shiftx$../flattened_rtl/noc_router.sv:89$337 ($shiftx).
Removed top 29 bits (of 32) from port B of cell $paramod\noc_router\ROUTER_X=s2'11\ROUTER_Y=s2'11.$mul$../flattened_rtl/noc_router.sv:90$341 ($mul).
Removed top 26 bits (of 32) from port Y of cell $paramod\noc_router\ROUTER_X=s2'11\ROUTER_Y=s2'11.$mul$../flattened_rtl/noc_router.sv:90$341 ($mul).
Removed top 26 bits (of 32) from port A of cell $paramod\noc_router\ROUTER_X=s2'11\ROUTER_Y=s2'11.$add$../flattened_rtl/noc_router.sv:90$342 ($add).
Removed top 30 bits (of 32) from port B of cell $paramod\noc_router\ROUTER_X=s2'11\ROUTER_Y=s2'11.$add$../flattened_rtl/noc_router.sv:90$342 ($add).
Removed top 25 bits (of 32) from port Y of cell $paramod\noc_router\ROUTER_X=s2'11\ROUTER_Y=s2'11.$add$../flattened_rtl/noc_router.sv:90$342 ($add).
Removed top 24 bits (of 32) from port B of cell $paramod\noc_router\ROUTER_X=s2'11\ROUTER_Y=s2'11.$shiftx$../flattened_rtl/noc_router.sv:89$343 ($shiftx).
Removed top 29 bits (of 32) from port B of cell $paramod\noc_router\ROUTER_X=s2'11\ROUTER_Y=s2'11.$mul$../flattened_rtl/noc_router.sv:90$347 ($mul).
Removed top 26 bits (of 32) from port Y of cell $paramod\noc_router\ROUTER_X=s2'11\ROUTER_Y=s2'11.$mul$../flattened_rtl/noc_router.sv:90$347 ($mul).
Removed top 26 bits (of 32) from port A of cell $paramod\noc_router\ROUTER_X=s2'11\ROUTER_Y=s2'11.$add$../flattened_rtl/noc_router.sv:90$348 ($add).
Removed top 30 bits (of 32) from port B of cell $paramod\noc_router\ROUTER_X=s2'11\ROUTER_Y=s2'11.$add$../flattened_rtl/noc_router.sv:90$348 ($add).
Removed top 25 bits (of 32) from port Y of cell $paramod\noc_router\ROUTER_X=s2'11\ROUTER_Y=s2'11.$add$../flattened_rtl/noc_router.sv:90$348 ($add).
Removed top 24 bits (of 32) from port B of cell $paramod\noc_router\ROUTER_X=s2'11\ROUTER_Y=s2'11.$shiftx$../flattened_rtl/noc_router.sv:89$349 ($shiftx).
Removed top 29 bits (of 32) from port B of cell $paramod\noc_router\ROUTER_X=s2'11\ROUTER_Y=s2'11.$mul$../flattened_rtl/noc_router.sv:90$353 ($mul).
Removed top 26 bits (of 32) from port Y of cell $paramod\noc_router\ROUTER_X=s2'11\ROUTER_Y=s2'11.$mul$../flattened_rtl/noc_router.sv:90$353 ($mul).
Removed top 26 bits (of 32) from port A of cell $paramod\noc_router\ROUTER_X=s2'11\ROUTER_Y=s2'11.$add$../flattened_rtl/noc_router.sv:90$354 ($add).
Removed top 29 bits (of 32) from port B of cell $paramod\noc_router\ROUTER_X=s2'11\ROUTER_Y=s2'11.$add$../flattened_rtl/noc_router.sv:90$354 ($add).
Removed top 25 bits (of 32) from port Y of cell $paramod\noc_router\ROUTER_X=s2'11\ROUTER_Y=s2'11.$add$../flattened_rtl/noc_router.sv:90$354 ($add).
Removed top 24 bits (of 32) from port B of cell $paramod\noc_router\ROUTER_X=s2'11\ROUTER_Y=s2'11.$shiftx$../flattened_rtl/noc_router.sv:89$355 ($shiftx).
Removed top 25 bits (of 32) from wire $paramod\noc_router\ROUTER_X=s2'11\ROUTER_Y=s2'11.$add$../flattened_rtl/noc_router.sv:78$296_Y.
Removed top 26 bits (of 32) from wire $paramod\noc_router\ROUTER_X=s2'11\ROUTER_Y=s2'11.$mul$../flattened_rtl/noc_router.sv:78$295_Y.
Removed top 25 bits (of 32) from wire $paramod\noc_router\ROUTER_X=s2'11\ROUTER_Y=s2'11.$add$../flattened_rtl/noc_router.sv:78$285_Y.
Removed top 26 bits (of 32) from wire $paramod\noc_router\ROUTER_X=s2'11\ROUTER_Y=s2'11.$mul$../flattened_rtl/noc_router.sv:78$284_Y.
Removed top 26 bits (of 32) from wire $paramod\noc_router\ROUTER_X=s2'11\ROUTER_Y=s2'11.$mul$../flattened_rtl/noc_router.sv:78$306_Y.
Removed top 25 bits (of 32) from wire $paramod\noc_router\ROUTER_X=s2'11\ROUTER_Y=s2'11.$add$../flattened_rtl/noc_router.sv:78$307_Y.
Removed top 26 bits (of 32) from wire $paramod\noc_router\ROUTER_X=s2'11\ROUTER_Y=s2'11.$add$../flattened_rtl/noc_router.sv:78$274_Y.
Removed top 25 bits (of 32) from wire $paramod\noc_router\ROUTER_X=s2'11\ROUTER_Y=s2'11.$add$../flattened_rtl/noc_router.sv:78$318_Y.
Removed top 26 bits (of 32) from wire $paramod\noc_router\ROUTER_X=s2'11\ROUTER_Y=s2'11.$mul$../flattened_rtl/noc_router.sv:78$317_Y.
Converting cell $paramod\noc_router\ROUTER_X=s2'00\ROUTER_Y=s2'00.$neg$../flattened_rtl/noc_router.sv:77$1959 ($neg) from signed to unsigned.
Removed top 1 bits (of 33) from port A of cell $paramod\noc_router\ROUTER_X=s2'00\ROUTER_Y=s2'00.$neg$../flattened_rtl/noc_router.sv:77$1959 ($neg).
Converting cell $paramod\noc_router\ROUTER_X=s2'00\ROUTER_Y=s2'00.$neg$../flattened_rtl/noc_router.sv:77$1970 ($neg) from signed to unsigned.
Removed top 1 bits (of 33) from port A of cell $paramod\noc_router\ROUTER_X=s2'00\ROUTER_Y=s2'00.$neg$../flattened_rtl/noc_router.sv:77$1970 ($neg).
Converting cell $paramod\noc_router\ROUTER_X=s2'00\ROUTER_Y=s2'00.$neg$../flattened_rtl/noc_router.sv:77$1981 ($neg) from signed to unsigned.
Removed top 1 bits (of 33) from port A of cell $paramod\noc_router\ROUTER_X=s2'00\ROUTER_Y=s2'00.$neg$../flattened_rtl/noc_router.sv:77$1981 ($neg).
Converting cell $paramod\noc_router\ROUTER_X=s2'00\ROUTER_Y=s2'00.$neg$../flattened_rtl/noc_router.sv:77$1992 ($neg) from signed to unsigned.
Removed top 1 bits (of 33) from port A of cell $paramod\noc_router\ROUTER_X=s2'00\ROUTER_Y=s2'00.$neg$../flattened_rtl/noc_router.sv:77$1992 ($neg).
Converting cell $paramod\noc_router\ROUTER_X=s2'00\ROUTER_Y=s2'00.$neg$../flattened_rtl/noc_router.sv:77$2003 ($neg) from signed to unsigned.
Removed top 1 bits (of 33) from port A of cell $paramod\noc_router\ROUTER_X=s2'00\ROUTER_Y=s2'00.$neg$../flattened_rtl/noc_router.sv:77$2003 ($neg).
Removed top 29 bits (of 32) from port B of cell $paramod\noc_router\ROUTER_X=s2'00\ROUTER_Y=s2'00.$mul$../flattened_rtl/noc_router.sv:90$2009 ($mul).
Removed top 26 bits (of 32) from port Y of cell $paramod\noc_router\ROUTER_X=s2'00\ROUTER_Y=s2'00.$mul$../flattened_rtl/noc_router.sv:90$2009 ($mul).
Removed top 25 bits (of 32) from port B of cell $paramod\noc_router\ROUTER_X=s2'00\ROUTER_Y=s2'00.$shiftx$../flattened_rtl/noc_router.sv:89$2011 ($shiftx).
Removed top 29 bits (of 32) from port B of cell $paramod\noc_router\ROUTER_X=s2'00\ROUTER_Y=s2'00.$mul$../flattened_rtl/noc_router.sv:90$2015 ($mul).
Removed top 26 bits (of 32) from port Y of cell $paramod\noc_router\ROUTER_X=s2'00\ROUTER_Y=s2'00.$mul$../flattened_rtl/noc_router.sv:90$2015 ($mul).
Removed top 26 bits (of 32) from port A of cell $paramod\noc_router\ROUTER_X=s2'00\ROUTER_Y=s2'00.$add$../flattened_rtl/noc_router.sv:90$2016 ($add).
Removed top 31 bits (of 32) from port B of cell $paramod\noc_router\ROUTER_X=s2'00\ROUTER_Y=s2'00.$add$../flattened_rtl/noc_router.sv:90$2016 ($add).
Removed top 25 bits (of 32) from port Y of cell $paramod\noc_router\ROUTER_X=s2'00\ROUTER_Y=s2'00.$add$../flattened_rtl/noc_router.sv:90$2016 ($add).
Removed top 24 bits (of 32) from port B of cell $paramod\noc_router\ROUTER_X=s2'00\ROUTER_Y=s2'00.$shiftx$../flattened_rtl/noc_router.sv:89$2017 ($shiftx).
Removed top 29 bits (of 32) from port B of cell $paramod\noc_router\ROUTER_X=s2'00\ROUTER_Y=s2'00.$mul$../flattened_rtl/noc_router.sv:90$2021 ($mul).
Removed top 26 bits (of 32) from port Y of cell $paramod\noc_router\ROUTER_X=s2'00\ROUTER_Y=s2'00.$mul$../flattened_rtl/noc_router.sv:90$2021 ($mul).
Removed top 26 bits (of 32) from port A of cell $paramod\noc_router\ROUTER_X=s2'00\ROUTER_Y=s2'00.$add$../flattened_rtl/noc_router.sv:90$2022 ($add).
Removed top 30 bits (of 32) from port B of cell $paramod\noc_router\ROUTER_X=s2'00\ROUTER_Y=s2'00.$add$../flattened_rtl/noc_router.sv:90$2022 ($add).
Removed top 25 bits (of 32) from port Y of cell $paramod\noc_router\ROUTER_X=s2'00\ROUTER_Y=s2'00.$add$../flattened_rtl/noc_router.sv:90$2022 ($add).
Removed top 24 bits (of 32) from port B of cell $paramod\noc_router\ROUTER_X=s2'00\ROUTER_Y=s2'00.$shiftx$../flattened_rtl/noc_router.sv:89$2023 ($shiftx).
Removed top 29 bits (of 32) from port B of cell $paramod\noc_router\ROUTER_X=s2'00\ROUTER_Y=s2'00.$mul$../flattened_rtl/noc_router.sv:90$2027 ($mul).
Removed top 26 bits (of 32) from port Y of cell $paramod\noc_router\ROUTER_X=s2'00\ROUTER_Y=s2'00.$mul$../flattened_rtl/noc_router.sv:90$2027 ($mul).
Removed top 26 bits (of 32) from port A of cell $paramod\noc_router\ROUTER_X=s2'00\ROUTER_Y=s2'00.$add$../flattened_rtl/noc_router.sv:90$2028 ($add).
Removed top 30 bits (of 32) from port B of cell $paramod\noc_router\ROUTER_X=s2'00\ROUTER_Y=s2'00.$add$../flattened_rtl/noc_router.sv:90$2028 ($add).
Removed top 25 bits (of 32) from port Y of cell $paramod\noc_router\ROUTER_X=s2'00\ROUTER_Y=s2'00.$add$../flattened_rtl/noc_router.sv:90$2028 ($add).
Removed top 24 bits (of 32) from port B of cell $paramod\noc_router\ROUTER_X=s2'00\ROUTER_Y=s2'00.$shiftx$../flattened_rtl/noc_router.sv:89$2029 ($shiftx).
Removed top 29 bits (of 32) from port B of cell $paramod\noc_router\ROUTER_X=s2'00\ROUTER_Y=s2'00.$mul$../flattened_rtl/noc_router.sv:90$2033 ($mul).
Removed top 26 bits (of 32) from port Y of cell $paramod\noc_router\ROUTER_X=s2'00\ROUTER_Y=s2'00.$mul$../flattened_rtl/noc_router.sv:90$2033 ($mul).
Removed top 26 bits (of 32) from port A of cell $paramod\noc_router\ROUTER_X=s2'00\ROUTER_Y=s2'00.$add$../flattened_rtl/noc_router.sv:90$2034 ($add).
Removed top 29 bits (of 32) from port B of cell $paramod\noc_router\ROUTER_X=s2'00\ROUTER_Y=s2'00.$add$../flattened_rtl/noc_router.sv:90$2034 ($add).
Removed top 25 bits (of 32) from port Y of cell $paramod\noc_router\ROUTER_X=s2'00\ROUTER_Y=s2'00.$add$../flattened_rtl/noc_router.sv:90$2034 ($add).
Removed top 24 bits (of 32) from port B of cell $paramod\noc_router\ROUTER_X=s2'00\ROUTER_Y=s2'00.$shiftx$../flattened_rtl/noc_router.sv:89$2035 ($shiftx).
Removed top 25 bits (of 32) from wire $paramod\noc_router\ROUTER_X=s2'00\ROUTER_Y=s2'00.$add$../flattened_rtl/noc_router.sv:78$1976_Y.
Removed top 26 bits (of 32) from wire $paramod\noc_router\ROUTER_X=s2'00\ROUTER_Y=s2'00.$mul$../flattened_rtl/noc_router.sv:78$1975_Y.
Removed top 25 bits (of 32) from wire $paramod\noc_router\ROUTER_X=s2'00\ROUTER_Y=s2'00.$add$../flattened_rtl/noc_router.sv:78$1965_Y.
Removed top 26 bits (of 32) from wire $paramod\noc_router\ROUTER_X=s2'00\ROUTER_Y=s2'00.$mul$../flattened_rtl/noc_router.sv:78$1964_Y.
Removed top 26 bits (of 32) from wire $paramod\noc_router\ROUTER_X=s2'00\ROUTER_Y=s2'00.$mul$../flattened_rtl/noc_router.sv:78$1986_Y.
Removed top 25 bits (of 32) from wire $paramod\noc_router\ROUTER_X=s2'00\ROUTER_Y=s2'00.$add$../flattened_rtl/noc_router.sv:78$1987_Y.
Removed top 26 bits (of 32) from wire $paramod\noc_router\ROUTER_X=s2'00\ROUTER_Y=s2'00.$add$../flattened_rtl/noc_router.sv:78$1954_Y.
Removed top 25 bits (of 32) from wire $paramod\noc_router\ROUTER_X=s2'00\ROUTER_Y=s2'00.$add$../flattened_rtl/noc_router.sv:78$1998_Y.
Removed top 26 bits (of 32) from wire $paramod\noc_router\ROUTER_X=s2'00\ROUTER_Y=s2'00.$mul$../flattened_rtl/noc_router.sv:78$1997_Y.
Removed top 28 bits (of 32) from port A of cell round_robin.$ge$../flattened_rtl/round_robin_arbitration.sv:53$56 ($ge).
Removed top 28 bits (of 32) from port B of cell round_robin.$ge$../flattened_rtl/round_robin_arbitration.sv:53$56 ($ge).
Converting cell round_robin.$ge$../flattened_rtl/round_robin_arbitration.sv:53$56 ($ge) from signed to unsigned.
Removed top 1 bits (of 4) from port A of cell round_robin.$ge$../flattened_rtl/round_robin_arbitration.sv:53$56 ($ge).
Removed top 1 bits (of 4) from port B of cell round_robin.$ge$../flattened_rtl/round_robin_arbitration.sv:53$56 ($ge).
Removed top 28 bits (of 32) from port A of cell round_robin.$sub$../flattened_rtl/round_robin_arbitration.sv:54$57 ($sub).
Removed top 28 bits (of 32) from port B of cell round_robin.$sub$../flattened_rtl/round_robin_arbitration.sv:54$57 ($sub).
Converting cell round_robin.$sub$../flattened_rtl/round_robin_arbitration.sv:54$57 ($sub) from signed to unsigned.
Removed top 27 bits (of 32) from port Y of cell round_robin.$sub$../flattened_rtl/round_robin_arbitration.sv:54$57 ($sub).
Removed top 1 bits (of 4) from port A of cell round_robin.$sub$../flattened_rtl/round_robin_arbitration.sv:54$57 ($sub).
Removed top 1 bits (of 4) from port B of cell round_robin.$sub$../flattened_rtl/round_robin_arbitration.sv:54$57 ($sub).
Removed top 1 bits (of 5) from port Y of cell round_robin.$sub$../flattened_rtl/round_robin_arbitration.sv:54$57 ($sub).
Removed top 1 bits (of 33) from port A of cell round_robin.$neg$../flattened_rtl/round_robin_arbitration.sv:57$66 ($neg).
Removed top 29 bits (of 32) from port A of cell round_robin.$add$../flattened_rtl/round_robin_arbitration.sv:51$69 ($add).
Removed top 31 bits (of 32) from port B of cell round_robin.$add$../flattened_rtl/round_robin_arbitration.sv:51$69 ($add).
Removed top 28 bits (of 32) from port Y of cell round_robin.$add$../flattened_rtl/round_robin_arbitration.sv:51$69 ($add).
Removed top 27 bits (of 32) from port A of cell round_robin.$ge$../flattened_rtl/round_robin_arbitration.sv:53$70 ($ge).
Removed top 28 bits (of 32) from port B of cell round_robin.$ge$../flattened_rtl/round_robin_arbitration.sv:53$70 ($ge).
Converting cell round_robin.$ge$../flattened_rtl/round_robin_arbitration.sv:53$70 ($ge) from signed to unsigned.
Removed top 1 bits (of 5) from port A of cell round_robin.$ge$../flattened_rtl/round_robin_arbitration.sv:53$70 ($ge).
Removed top 1 bits (of 4) from port B of cell round_robin.$ge$../flattened_rtl/round_robin_arbitration.sv:53$70 ($ge).
Removed top 27 bits (of 32) from port A of cell round_robin.$sub$../flattened_rtl/round_robin_arbitration.sv:54$71 ($sub).
Removed top 28 bits (of 32) from port B of cell round_robin.$sub$../flattened_rtl/round_robin_arbitration.sv:54$71 ($sub).
Converting cell round_robin.$sub$../flattened_rtl/round_robin_arbitration.sv:54$71 ($sub) from signed to unsigned.
Removed top 26 bits (of 32) from port Y of cell round_robin.$sub$../flattened_rtl/round_robin_arbitration.sv:54$71 ($sub).
Removed top 1 bits (of 5) from port A of cell round_robin.$sub$../flattened_rtl/round_robin_arbitration.sv:54$71 ($sub).
Removed top 1 bits (of 4) from port B of cell round_robin.$sub$../flattened_rtl/round_robin_arbitration.sv:54$71 ($sub).
Removed top 1 bits (of 6) from port Y of cell round_robin.$sub$../flattened_rtl/round_robin_arbitration.sv:54$71 ($sub).
Removed top 1 bits (of 33) from port A of cell round_robin.$neg$../flattened_rtl/round_robin_arbitration.sv:57$80 ($neg).
Removed top 29 bits (of 32) from port A of cell round_robin.$add$../flattened_rtl/round_robin_arbitration.sv:51$83 ($add).
Removed top 30 bits (of 32) from port B of cell round_robin.$add$../flattened_rtl/round_robin_arbitration.sv:51$83 ($add).
Removed top 28 bits (of 32) from port Y of cell round_robin.$add$../flattened_rtl/round_robin_arbitration.sv:51$83 ($add).
Removed top 27 bits (of 32) from port A of cell round_robin.$ge$../flattened_rtl/round_robin_arbitration.sv:53$84 ($ge).
Removed top 28 bits (of 32) from port B of cell round_robin.$ge$../flattened_rtl/round_robin_arbitration.sv:53$84 ($ge).
Converting cell round_robin.$ge$../flattened_rtl/round_robin_arbitration.sv:53$84 ($ge) from signed to unsigned.
Removed top 1 bits (of 5) from port A of cell round_robin.$ge$../flattened_rtl/round_robin_arbitration.sv:53$84 ($ge).
Removed top 1 bits (of 4) from port B of cell round_robin.$ge$../flattened_rtl/round_robin_arbitration.sv:53$84 ($ge).
Removed top 27 bits (of 32) from port A of cell round_robin.$sub$../flattened_rtl/round_robin_arbitration.sv:54$85 ($sub).
Removed top 28 bits (of 32) from port B of cell round_robin.$sub$../flattened_rtl/round_robin_arbitration.sv:54$85 ($sub).
Converting cell round_robin.$sub$../flattened_rtl/round_robin_arbitration.sv:54$85 ($sub) from signed to unsigned.
Removed top 26 bits (of 32) from port Y of cell round_robin.$sub$../flattened_rtl/round_robin_arbitration.sv:54$85 ($sub).
Removed top 1 bits (of 5) from port A of cell round_robin.$sub$../flattened_rtl/round_robin_arbitration.sv:54$85 ($sub).
Removed top 1 bits (of 4) from port B of cell round_robin.$sub$../flattened_rtl/round_robin_arbitration.sv:54$85 ($sub).
Removed top 1 bits (of 6) from port Y of cell round_robin.$sub$../flattened_rtl/round_robin_arbitration.sv:54$85 ($sub).
Removed top 1 bits (of 33) from port A of cell round_robin.$neg$../flattened_rtl/round_robin_arbitration.sv:57$94 ($neg).
Removed top 29 bits (of 32) from port A of cell round_robin.$add$../flattened_rtl/round_robin_arbitration.sv:51$97 ($add).
Removed top 30 bits (of 32) from port B of cell round_robin.$add$../flattened_rtl/round_robin_arbitration.sv:51$97 ($add).
Removed top 28 bits (of 32) from port Y of cell round_robin.$add$../flattened_rtl/round_robin_arbitration.sv:51$97 ($add).
Removed top 27 bits (of 32) from port A of cell round_robin.$ge$../flattened_rtl/round_robin_arbitration.sv:53$98 ($ge).
Removed top 28 bits (of 32) from port B of cell round_robin.$ge$../flattened_rtl/round_robin_arbitration.sv:53$98 ($ge).
Converting cell round_robin.$ge$../flattened_rtl/round_robin_arbitration.sv:53$98 ($ge) from signed to unsigned.
Removed top 1 bits (of 5) from port A of cell round_robin.$ge$../flattened_rtl/round_robin_arbitration.sv:53$98 ($ge).
Removed top 1 bits (of 4) from port B of cell round_robin.$ge$../flattened_rtl/round_robin_arbitration.sv:53$98 ($ge).
Removed top 27 bits (of 32) from port A of cell round_robin.$sub$../flattened_rtl/round_robin_arbitration.sv:54$99 ($sub).
Removed top 28 bits (of 32) from port B of cell round_robin.$sub$../flattened_rtl/round_robin_arbitration.sv:54$99 ($sub).
Converting cell round_robin.$sub$../flattened_rtl/round_robin_arbitration.sv:54$99 ($sub) from signed to unsigned.
Removed top 26 bits (of 32) from port Y of cell round_robin.$sub$../flattened_rtl/round_robin_arbitration.sv:54$99 ($sub).
Removed top 1 bits (of 5) from port A of cell round_robin.$sub$../flattened_rtl/round_robin_arbitration.sv:54$99 ($sub).
Removed top 1 bits (of 4) from port B of cell round_robin.$sub$../flattened_rtl/round_robin_arbitration.sv:54$99 ($sub).
Removed top 1 bits (of 6) from port Y of cell round_robin.$sub$../flattened_rtl/round_robin_arbitration.sv:54$99 ($sub).
Removed top 1 bits (of 33) from port A of cell round_robin.$neg$../flattened_rtl/round_robin_arbitration.sv:57$108 ($neg).
Removed top 29 bits (of 32) from port A of cell round_robin.$add$../flattened_rtl/round_robin_arbitration.sv:51$111 ($add).
Removed top 29 bits (of 32) from port B of cell round_robin.$add$../flattened_rtl/round_robin_arbitration.sv:51$111 ($add).
Removed top 28 bits (of 32) from port Y of cell round_robin.$add$../flattened_rtl/round_robin_arbitration.sv:51$111 ($add).
Removed top 27 bits (of 32) from port A of cell round_robin.$ge$../flattened_rtl/round_robin_arbitration.sv:53$112 ($ge).
Removed top 28 bits (of 32) from port B of cell round_robin.$ge$../flattened_rtl/round_robin_arbitration.sv:53$112 ($ge).
Converting cell round_robin.$ge$../flattened_rtl/round_robin_arbitration.sv:53$112 ($ge) from signed to unsigned.
Removed top 1 bits (of 5) from port A of cell round_robin.$ge$../flattened_rtl/round_robin_arbitration.sv:53$112 ($ge).
Removed top 1 bits (of 4) from port B of cell round_robin.$ge$../flattened_rtl/round_robin_arbitration.sv:53$112 ($ge).
Removed top 27 bits (of 32) from port A of cell round_robin.$sub$../flattened_rtl/round_robin_arbitration.sv:54$113 ($sub).
Removed top 28 bits (of 32) from port B of cell round_robin.$sub$../flattened_rtl/round_robin_arbitration.sv:54$113 ($sub).
Converting cell round_robin.$sub$../flattened_rtl/round_robin_arbitration.sv:54$113 ($sub) from signed to unsigned.
Removed top 26 bits (of 32) from port Y of cell round_robin.$sub$../flattened_rtl/round_robin_arbitration.sv:54$113 ($sub).
Removed top 1 bits (of 5) from port A of cell round_robin.$sub$../flattened_rtl/round_robin_arbitration.sv:54$113 ($sub).
Removed top 1 bits (of 4) from port B of cell round_robin.$sub$../flattened_rtl/round_robin_arbitration.sv:54$113 ($sub).
Removed top 1 bits (of 6) from port Y of cell round_robin.$sub$../flattened_rtl/round_robin_arbitration.sv:54$113 ($sub).
Removed top 1 bits (of 33) from port A of cell round_robin.$neg$../flattened_rtl/round_robin_arbitration.sv:57$122 ($neg).
Removed top 28 bits (of 32) from wire round_robin.$add$../flattened_rtl/round_robin_arbitration.sv:51$97_Y.
Removed top 28 bits (of 32) from wire round_robin.$add$../flattened_rtl/round_robin_arbitration.sv:51$83_Y.
Removed top 28 bits (of 32) from wire round_robin.$add$../flattened_rtl/round_robin_arbitration.sv:51$69_Y.
Removed top 28 bits (of 32) from wire round_robin.$add$../flattened_rtl/round_robin_arbitration.sv:51$111_Y.
Removed top 1 bits (of 3) from mux cell xy_routing.$procmux$2984 ($mux).
Removed top 1 bits (of 3) from mux cell xy_routing.$procmux$2996 ($mux).
Removed top 1 bits (of 3) from wire xy_routing.$3\route_out[2:0].
Removed top 1 bits (of 3) from wire xy_routing.$4\route_out[2:0].
Removed top 1 bits (of 2) from port B of cell fifo_buffer.$procmux$3016_CMP0 ($eq).
Removed top 1 bits (of 2) from port B of cell fifo_buffer.$procmux$3020_CMP0 ($eq).
Removed top 1 bits (of 2) from port B of cell fifo_buffer.$procmux$3043_CMP0 ($eq).

10.10. Executing PEEPOPT pass (run peephole optimizers).
shiftadd pattern in $paramod\noc_router\ROUTER_X=s2'00\ROUTER_Y=s2'01: shift=$shiftx$../flattened_rtl/noc_router.sv:89$1917, add/sub=$add$../flattened_rtl/noc_router.sv:90$1916, offset: 3
shiftadd pattern in $paramod\noc_router\ROUTER_X=s2'00\ROUTER_Y=s2'01: shift=$shiftx$../flattened_rtl/noc_router.sv:89$1911, add/sub=$add$../flattened_rtl/noc_router.sv:90$1910, offset: 2
shiftadd pattern in $paramod\noc_router\ROUTER_X=s2'00\ROUTER_Y=s2'01: shift=$shiftx$../flattened_rtl/noc_router.sv:89$1905, add/sub=$add$../flattened_rtl/noc_router.sv:90$1904, offset: 1
shiftadd pattern in $paramod\noc_router\ROUTER_X=s2'00\ROUTER_Y=s2'01: shift=$shiftx$../flattened_rtl/noc_router.sv:89$1923, add/sub=$add$../flattened_rtl/noc_router.sv:90$1922, offset: 4
right shiftmul pattern in $paramod\noc_router\ROUTER_X=s2'00\ROUTER_Y=s2'01: shift=$shiftx$../flattened_rtl/noc_router.sv:89$1917, mul=$mul$../flattened_rtl/noc_router.sv:90$1915
right shiftmul pattern in $paramod\noc_router\ROUTER_X=s2'00\ROUTER_Y=s2'01: shift=$shiftx$../flattened_rtl/noc_router.sv:89$1911, mul=$mul$../flattened_rtl/noc_router.sv:90$1909
right shiftmul pattern in $paramod\noc_router\ROUTER_X=s2'00\ROUTER_Y=s2'01: shift=$shiftx$../flattened_rtl/noc_router.sv:89$1905, mul=$mul$../flattened_rtl/noc_router.sv:90$1903
right shiftmul pattern in $paramod\noc_router\ROUTER_X=s2'00\ROUTER_Y=s2'01: shift=$shiftx$../flattened_rtl/noc_router.sv:89$1899, mul=$mul$../flattened_rtl/noc_router.sv:90$1897
right shiftmul pattern in $paramod\noc_router\ROUTER_X=s2'00\ROUTER_Y=s2'01: shift=$shiftx$../flattened_rtl/noc_router.sv:89$1923, mul=$mul$../flattened_rtl/noc_router.sv:90$1921
left shiftmul pattern in $paramod\noc_router\ROUTER_X=s2'00\ROUTER_Y=s2'01: shift=$shift$../flattened_rtl/noc_router.sv:77$1848, mul=$mul$../flattened_rtl/noc_router.sv:90$1897
shiftpow2 pattern in $paramod\noc_router\ROUTER_X=s2'00\ROUTER_Y=s2'01: shift=$shiftx$../flattened_rtl/noc_router.sv:89$1917, index=\requested_output [11:9], stride=8, width=1, ways=8
shiftpow2 pattern in $paramod\noc_router\ROUTER_X=s2'00\ROUTER_Y=s2'01: shift=$shiftx$../flattened_rtl/noc_router.sv:89$1911, index=\requested_output [8:6], stride=8, width=1, ways=8
shiftpow2 pattern in $paramod\noc_router\ROUTER_X=s2'00\ROUTER_Y=s2'01: shift=$shiftx$../flattened_rtl/noc_router.sv:89$1905, index=\requested_output [5:3], stride=8, width=1, ways=8
shiftpow2 pattern in $paramod\noc_router\ROUTER_X=s2'00\ROUTER_Y=s2'01: shift=$shiftx$../flattened_rtl/noc_router.sv:89$1899, index=\requested_output [2:0], stride=8, width=1, ways=8
shiftpow2 pattern in $paramod\noc_router\ROUTER_X=s2'00\ROUTER_Y=s2'01: shift=$shiftx$../flattened_rtl/noc_router.sv:89$1923, index=\requested_output [14:12], stride=8, width=1, ways=8
shiftadd pattern in $paramod\noc_router\ROUTER_X=s2'00\ROUTER_Y=s2'10: shift=$shiftx$../flattened_rtl/noc_router.sv:89$1805, add/sub=$add$../flattened_rtl/noc_router.sv:90$1804, offset: 3
shiftadd pattern in $paramod\noc_router\ROUTER_X=s2'00\ROUTER_Y=s2'10: shift=$shiftx$../flattened_rtl/noc_router.sv:89$1799, add/sub=$add$../flattened_rtl/noc_router.sv:90$1798, offset: 2
shiftadd pattern in $paramod\noc_router\ROUTER_X=s2'00\ROUTER_Y=s2'10: shift=$shiftx$../flattened_rtl/noc_router.sv:89$1793, add/sub=$add$../flattened_rtl/noc_router.sv:90$1792, offset: 1
shiftadd pattern in $paramod\noc_router\ROUTER_X=s2'00\ROUTER_Y=s2'10: shift=$shiftx$../flattened_rtl/noc_router.sv:89$1811, add/sub=$add$../flattened_rtl/noc_router.sv:90$1810, offset: 4
right shiftmul pattern in $paramod\noc_router\ROUTER_X=s2'00\ROUTER_Y=s2'10: shift=$shiftx$../flattened_rtl/noc_router.sv:89$1805, mul=$mul$../flattened_rtl/noc_router.sv:90$1803
right shiftmul pattern in $paramod\noc_router\ROUTER_X=s2'00\ROUTER_Y=s2'10: shift=$shiftx$../flattened_rtl/noc_router.sv:89$1799, mul=$mul$../flattened_rtl/noc_router.sv:90$1797
right shiftmul pattern in $paramod\noc_router\ROUTER_X=s2'00\ROUTER_Y=s2'10: shift=$shiftx$../flattened_rtl/noc_router.sv:89$1793, mul=$mul$../flattened_rtl/noc_router.sv:90$1791
right shiftmul pattern in $paramod\noc_router\ROUTER_X=s2'00\ROUTER_Y=s2'10: shift=$shiftx$../flattened_rtl/noc_router.sv:89$1787, mul=$mul$../flattened_rtl/noc_router.sv:90$1785
right shiftmul pattern in $paramod\noc_router\ROUTER_X=s2'00\ROUTER_Y=s2'10: shift=$shiftx$../flattened_rtl/noc_router.sv:89$1811, mul=$mul$../flattened_rtl/noc_router.sv:90$1809
left shiftmul pattern in $paramod\noc_router\ROUTER_X=s2'00\ROUTER_Y=s2'10: shift=$shift$../flattened_rtl/noc_router.sv:77$1736, mul=$mul$../flattened_rtl/noc_router.sv:90$1785
shiftpow2 pattern in $paramod\noc_router\ROUTER_X=s2'00\ROUTER_Y=s2'10: shift=$shiftx$../flattened_rtl/noc_router.sv:89$1805, index=\requested_output [11:9], stride=8, width=1, ways=8
shiftpow2 pattern in $paramod\noc_router\ROUTER_X=s2'00\ROUTER_Y=s2'10: shift=$shiftx$../flattened_rtl/noc_router.sv:89$1799, index=\requested_output [8:6], stride=8, width=1, ways=8
shiftpow2 pattern in $paramod\noc_router\ROUTER_X=s2'00\ROUTER_Y=s2'10: shift=$shiftx$../flattened_rtl/noc_router.sv:89$1793, index=\requested_output [5:3], stride=8, width=1, ways=8
shiftpow2 pattern in $paramod\noc_router\ROUTER_X=s2'00\ROUTER_Y=s2'10: shift=$shiftx$../flattened_rtl/noc_router.sv:89$1787, index=\requested_output [2:0], stride=8, width=1, ways=8
shiftpow2 pattern in $paramod\noc_router\ROUTER_X=s2'00\ROUTER_Y=s2'10: shift=$shiftx$../flattened_rtl/noc_router.sv:89$1811, index=\requested_output [14:12], stride=8, width=1, ways=8
shiftadd pattern in $paramod\noc_router\ROUTER_X=s2'00\ROUTER_Y=s2'11: shift=$shiftx$../flattened_rtl/noc_router.sv:89$1693, add/sub=$add$../flattened_rtl/noc_router.sv:90$1692, offset: 3
shiftadd pattern in $paramod\noc_router\ROUTER_X=s2'00\ROUTER_Y=s2'11: shift=$shiftx$../flattened_rtl/noc_router.sv:89$1687, add/sub=$add$../flattened_rtl/noc_router.sv:90$1686, offset: 2
shiftadd pattern in $paramod\noc_router\ROUTER_X=s2'00\ROUTER_Y=s2'11: shift=$shiftx$../flattened_rtl/noc_router.sv:89$1681, add/sub=$add$../flattened_rtl/noc_router.sv:90$1680, offset: 1
shiftadd pattern in $paramod\noc_router\ROUTER_X=s2'00\ROUTER_Y=s2'11: shift=$shiftx$../flattened_rtl/noc_router.sv:89$1699, add/sub=$add$../flattened_rtl/noc_router.sv:90$1698, offset: 4
right shiftmul pattern in $paramod\noc_router\ROUTER_X=s2'00\ROUTER_Y=s2'11: shift=$shiftx$../flattened_rtl/noc_router.sv:89$1693, mul=$mul$../flattened_rtl/noc_router.sv:90$1691
right shiftmul pattern in $paramod\noc_router\ROUTER_X=s2'00\ROUTER_Y=s2'11: shift=$shiftx$../flattened_rtl/noc_router.sv:89$1687, mul=$mul$../flattened_rtl/noc_router.sv:90$1685
right shiftmul pattern in $paramod\noc_router\ROUTER_X=s2'00\ROUTER_Y=s2'11: shift=$shiftx$../flattened_rtl/noc_router.sv:89$1681, mul=$mul$../flattened_rtl/noc_router.sv:90$1679
right shiftmul pattern in $paramod\noc_router\ROUTER_X=s2'00\ROUTER_Y=s2'11: shift=$shiftx$../flattened_rtl/noc_router.sv:89$1675, mul=$mul$../flattened_rtl/noc_router.sv:90$1673
right shiftmul pattern in $paramod\noc_router\ROUTER_X=s2'00\ROUTER_Y=s2'11: shift=$shiftx$../flattened_rtl/noc_router.sv:89$1699, mul=$mul$../flattened_rtl/noc_router.sv:90$1697
left shiftmul pattern in $paramod\noc_router\ROUTER_X=s2'00\ROUTER_Y=s2'11: shift=$shift$../flattened_rtl/noc_router.sv:77$1624, mul=$mul$../flattened_rtl/noc_router.sv:90$1673
shiftpow2 pattern in $paramod\noc_router\ROUTER_X=s2'00\ROUTER_Y=s2'11: shift=$shiftx$../flattened_rtl/noc_router.sv:89$1693, index=\requested_output [11:9], stride=8, width=1, ways=8
shiftpow2 pattern in $paramod\noc_router\ROUTER_X=s2'00\ROUTER_Y=s2'11: shift=$shiftx$../flattened_rtl/noc_router.sv:89$1687, index=\requested_output [8:6], stride=8, width=1, ways=8
shiftpow2 pattern in $paramod\noc_router\ROUTER_X=s2'00\ROUTER_Y=s2'11: shift=$shiftx$../flattened_rtl/noc_router.sv:89$1681, index=\requested_output [5:3], stride=8, width=1, ways=8
shiftpow2 pattern in $paramod\noc_router\ROUTER_X=s2'00\ROUTER_Y=s2'11: shift=$shiftx$../flattened_rtl/noc_router.sv:89$1675, index=\requested_output [2:0], stride=8, width=1, ways=8
shiftpow2 pattern in $paramod\noc_router\ROUTER_X=s2'00\ROUTER_Y=s2'11: shift=$shiftx$../flattened_rtl/noc_router.sv:89$1699, index=\requested_output [14:12], stride=8, width=1, ways=8
shiftadd pattern in $paramod\noc_router\ROUTER_X=s2'01\ROUTER_Y=s2'00: shift=$shiftx$../flattened_rtl/noc_router.sv:89$1581, add/sub=$add$../flattened_rtl/noc_router.sv:90$1580, offset: 3
shiftadd pattern in $paramod\noc_router\ROUTER_X=s2'01\ROUTER_Y=s2'00: shift=$shiftx$../flattened_rtl/noc_router.sv:89$1575, add/sub=$add$../flattened_rtl/noc_router.sv:90$1574, offset: 2
shiftadd pattern in $paramod\noc_router\ROUTER_X=s2'01\ROUTER_Y=s2'00: shift=$shiftx$../flattened_rtl/noc_router.sv:89$1569, add/sub=$add$../flattened_rtl/noc_router.sv:90$1568, offset: 1
shiftadd pattern in $paramod\noc_router\ROUTER_X=s2'01\ROUTER_Y=s2'00: shift=$shiftx$../flattened_rtl/noc_router.sv:89$1587, add/sub=$add$../flattened_rtl/noc_router.sv:90$1586, offset: 4
right shiftmul pattern in $paramod\noc_router\ROUTER_X=s2'01\ROUTER_Y=s2'00: shift=$shiftx$../flattened_rtl/noc_router.sv:89$1581, mul=$mul$../flattened_rtl/noc_router.sv:90$1579
right shiftmul pattern in $paramod\noc_router\ROUTER_X=s2'01\ROUTER_Y=s2'00: shift=$shiftx$../flattened_rtl/noc_router.sv:89$1575, mul=$mul$../flattened_rtl/noc_router.sv:90$1573
right shiftmul pattern in $paramod\noc_router\ROUTER_X=s2'01\ROUTER_Y=s2'00: shift=$shiftx$../flattened_rtl/noc_router.sv:89$1569, mul=$mul$../flattened_rtl/noc_router.sv:90$1567
right shiftmul pattern in $paramod\noc_router\ROUTER_X=s2'01\ROUTER_Y=s2'00: shift=$shiftx$../flattened_rtl/noc_router.sv:89$1563, mul=$mul$../flattened_rtl/noc_router.sv:90$1561
right shiftmul pattern in $paramod\noc_router\ROUTER_X=s2'01\ROUTER_Y=s2'00: shift=$shiftx$../flattened_rtl/noc_router.sv:89$1587, mul=$mul$../flattened_rtl/noc_router.sv:90$1585
left shiftmul pattern in $paramod\noc_router\ROUTER_X=s2'01\ROUTER_Y=s2'00: shift=$shift$../flattened_rtl/noc_router.sv:77$1512, mul=$mul$../flattened_rtl/noc_router.sv:90$1561
shiftpow2 pattern in $paramod\noc_router\ROUTER_X=s2'01\ROUTER_Y=s2'00: shift=$shiftx$../flattened_rtl/noc_router.sv:89$1581, index=\requested_output [11:9], stride=8, width=1, ways=8
shiftpow2 pattern in $paramod\noc_router\ROUTER_X=s2'01\ROUTER_Y=s2'00: shift=$shiftx$../flattened_rtl/noc_router.sv:89$1575, index=\requested_output [8:6], stride=8, width=1, ways=8
shiftpow2 pattern in $paramod\noc_router\ROUTER_X=s2'01\ROUTER_Y=s2'00: shift=$shiftx$../flattened_rtl/noc_router.sv:89$1569, index=\requested_output [5:3], stride=8, width=1, ways=8
shiftpow2 pattern in $paramod\noc_router\ROUTER_X=s2'01\ROUTER_Y=s2'00: shift=$shiftx$../flattened_rtl/noc_router.sv:89$1563, index=\requested_output [2:0], stride=8, width=1, ways=8
shiftpow2 pattern in $paramod\noc_router\ROUTER_X=s2'01\ROUTER_Y=s2'00: shift=$shiftx$../flattened_rtl/noc_router.sv:89$1587, index=\requested_output [14:12], stride=8, width=1, ways=8
shiftadd pattern in $paramod\noc_router\ROUTER_X=s2'01\ROUTER_Y=s2'01: shift=$shiftx$../flattened_rtl/noc_router.sv:89$1469, add/sub=$add$../flattened_rtl/noc_router.sv:90$1468, offset: 3
shiftadd pattern in $paramod\noc_router\ROUTER_X=s2'01\ROUTER_Y=s2'01: shift=$shiftx$../flattened_rtl/noc_router.sv:89$1463, add/sub=$add$../flattened_rtl/noc_router.sv:90$1462, offset: 2
shiftadd pattern in $paramod\noc_router\ROUTER_X=s2'01\ROUTER_Y=s2'01: shift=$shiftx$../flattened_rtl/noc_router.sv:89$1457, add/sub=$add$../flattened_rtl/noc_router.sv:90$1456, offset: 1
shiftadd pattern in $paramod\noc_router\ROUTER_X=s2'01\ROUTER_Y=s2'01: shift=$shiftx$../flattened_rtl/noc_router.sv:89$1475, add/sub=$add$../flattened_rtl/noc_router.sv:90$1474, offset: 4
right shiftmul pattern in $paramod\noc_router\ROUTER_X=s2'01\ROUTER_Y=s2'01: shift=$shiftx$../flattened_rtl/noc_router.sv:89$1469, mul=$mul$../flattened_rtl/noc_router.sv:90$1467
right shiftmul pattern in $paramod\noc_router\ROUTER_X=s2'01\ROUTER_Y=s2'01: shift=$shiftx$../flattened_rtl/noc_router.sv:89$1463, mul=$mul$../flattened_rtl/noc_router.sv:90$1461
right shiftmul pattern in $paramod\noc_router\ROUTER_X=s2'01\ROUTER_Y=s2'01: shift=$shiftx$../flattened_rtl/noc_router.sv:89$1457, mul=$mul$../flattened_rtl/noc_router.sv:90$1455
right shiftmul pattern in $paramod\noc_router\ROUTER_X=s2'01\ROUTER_Y=s2'01: shift=$shiftx$../flattened_rtl/noc_router.sv:89$1451, mul=$mul$../flattened_rtl/noc_router.sv:90$1449
right shiftmul pattern in $paramod\noc_router\ROUTER_X=s2'01\ROUTER_Y=s2'01: shift=$shiftx$../flattened_rtl/noc_router.sv:89$1475, mul=$mul$../flattened_rtl/noc_router.sv:90$1473
left shiftmul pattern in $paramod\noc_router\ROUTER_X=s2'01\ROUTER_Y=s2'01: shift=$shift$../flattened_rtl/noc_router.sv:77$1400, mul=$mul$../flattened_rtl/noc_router.sv:90$1449
shiftpow2 pattern in $paramod\noc_router\ROUTER_X=s2'01\ROUTER_Y=s2'01: shift=$shiftx$../flattened_rtl/noc_router.sv:89$1469, index=\requested_output [11:9], stride=8, width=1, ways=8
shiftpow2 pattern in $paramod\noc_router\ROUTER_X=s2'01\ROUTER_Y=s2'01: shift=$shiftx$../flattened_rtl/noc_router.sv:89$1463, index=\requested_output [8:6], stride=8, width=1, ways=8
shiftpow2 pattern in $paramod\noc_router\ROUTER_X=s2'01\ROUTER_Y=s2'01: shift=$shiftx$../flattened_rtl/noc_router.sv:89$1457, index=\requested_output [5:3], stride=8, width=1, ways=8
shiftpow2 pattern in $paramod\noc_router\ROUTER_X=s2'01\ROUTER_Y=s2'01: shift=$shiftx$../flattened_rtl/noc_router.sv:89$1451, index=\requested_output [2:0], stride=8, width=1, ways=8
shiftpow2 pattern in $paramod\noc_router\ROUTER_X=s2'01\ROUTER_Y=s2'01: shift=$shiftx$../flattened_rtl/noc_router.sv:89$1475, index=\requested_output [14:12], stride=8, width=1, ways=8
shiftadd pattern in $paramod\noc_router\ROUTER_X=s2'01\ROUTER_Y=s2'10: shift=$shiftx$../flattened_rtl/noc_router.sv:89$1357, add/sub=$add$../flattened_rtl/noc_router.sv:90$1356, offset: 3
shiftadd pattern in $paramod\noc_router\ROUTER_X=s2'01\ROUTER_Y=s2'10: shift=$shiftx$../flattened_rtl/noc_router.sv:89$1351, add/sub=$add$../flattened_rtl/noc_router.sv:90$1350, offset: 2
shiftadd pattern in $paramod\noc_router\ROUTER_X=s2'01\ROUTER_Y=s2'10: shift=$shiftx$../flattened_rtl/noc_router.sv:89$1345, add/sub=$add$../flattened_rtl/noc_router.sv:90$1344, offset: 1
shiftadd pattern in $paramod\noc_router\ROUTER_X=s2'01\ROUTER_Y=s2'10: shift=$shiftx$../flattened_rtl/noc_router.sv:89$1363, add/sub=$add$../flattened_rtl/noc_router.sv:90$1362, offset: 4
right shiftmul pattern in $paramod\noc_router\ROUTER_X=s2'01\ROUTER_Y=s2'10: shift=$shiftx$../flattened_rtl/noc_router.sv:89$1357, mul=$mul$../flattened_rtl/noc_router.sv:90$1355
right shiftmul pattern in $paramod\noc_router\ROUTER_X=s2'01\ROUTER_Y=s2'10: shift=$shiftx$../flattened_rtl/noc_router.sv:89$1351, mul=$mul$../flattened_rtl/noc_router.sv:90$1349
right shiftmul pattern in $paramod\noc_router\ROUTER_X=s2'01\ROUTER_Y=s2'10: shift=$shiftx$../flattened_rtl/noc_router.sv:89$1345, mul=$mul$../flattened_rtl/noc_router.sv:90$1343
right shiftmul pattern in $paramod\noc_router\ROUTER_X=s2'01\ROUTER_Y=s2'10: shift=$shiftx$../flattened_rtl/noc_router.sv:89$1339, mul=$mul$../flattened_rtl/noc_router.sv:90$1337
right shiftmul pattern in $paramod\noc_router\ROUTER_X=s2'01\ROUTER_Y=s2'10: shift=$shiftx$../flattened_rtl/noc_router.sv:89$1363, mul=$mul$../flattened_rtl/noc_router.sv:90$1361
left shiftmul pattern in $paramod\noc_router\ROUTER_X=s2'01\ROUTER_Y=s2'10: shift=$shift$../flattened_rtl/noc_router.sv:77$1288, mul=$mul$../flattened_rtl/noc_router.sv:90$1337
shiftpow2 pattern in $paramod\noc_router\ROUTER_X=s2'01\ROUTER_Y=s2'10: shift=$shiftx$../flattened_rtl/noc_router.sv:89$1357, index=\requested_output [11:9], stride=8, width=1, ways=8
shiftpow2 pattern in $paramod\noc_router\ROUTER_X=s2'01\ROUTER_Y=s2'10: shift=$shiftx$../flattened_rtl/noc_router.sv:89$1351, index=\requested_output [8:6], stride=8, width=1, ways=8
shiftpow2 pattern in $paramod\noc_router\ROUTER_X=s2'01\ROUTER_Y=s2'10: shift=$shiftx$../flattened_rtl/noc_router.sv:89$1345, index=\requested_output [5:3], stride=8, width=1, ways=8
shiftpow2 pattern in $paramod\noc_router\ROUTER_X=s2'01\ROUTER_Y=s2'10: shift=$shiftx$../flattened_rtl/noc_router.sv:89$1339, index=\requested_output [2:0], stride=8, width=1, ways=8
shiftpow2 pattern in $paramod\noc_router\ROUTER_X=s2'01\ROUTER_Y=s2'10: shift=$shiftx$../flattened_rtl/noc_router.sv:89$1363, index=\requested_output [14:12], stride=8, width=1, ways=8
shiftadd pattern in $paramod\noc_router\ROUTER_X=s2'01\ROUTER_Y=s2'11: shift=$shiftx$../flattened_rtl/noc_router.sv:89$1245, add/sub=$add$../flattened_rtl/noc_router.sv:90$1244, offset: 3
shiftadd pattern in $paramod\noc_router\ROUTER_X=s2'01\ROUTER_Y=s2'11: shift=$shiftx$../flattened_rtl/noc_router.sv:89$1239, add/sub=$add$../flattened_rtl/noc_router.sv:90$1238, offset: 2
shiftadd pattern in $paramod\noc_router\ROUTER_X=s2'01\ROUTER_Y=s2'11: shift=$shiftx$../flattened_rtl/noc_router.sv:89$1233, add/sub=$add$../flattened_rtl/noc_router.sv:90$1232, offset: 1
shiftadd pattern in $paramod\noc_router\ROUTER_X=s2'01\ROUTER_Y=s2'11: shift=$shiftx$../flattened_rtl/noc_router.sv:89$1251, add/sub=$add$../flattened_rtl/noc_router.sv:90$1250, offset: 4
right shiftmul pattern in $paramod\noc_router\ROUTER_X=s2'01\ROUTER_Y=s2'11: shift=$shiftx$../flattened_rtl/noc_router.sv:89$1245, mul=$mul$../flattened_rtl/noc_router.sv:90$1243
right shiftmul pattern in $paramod\noc_router\ROUTER_X=s2'01\ROUTER_Y=s2'11: shift=$shiftx$../flattened_rtl/noc_router.sv:89$1239, mul=$mul$../flattened_rtl/noc_router.sv:90$1237
right shiftmul pattern in $paramod\noc_router\ROUTER_X=s2'01\ROUTER_Y=s2'11: shift=$shiftx$../flattened_rtl/noc_router.sv:89$1233, mul=$mul$../flattened_rtl/noc_router.sv:90$1231
right shiftmul pattern in $paramod\noc_router\ROUTER_X=s2'01\ROUTER_Y=s2'11: shift=$shiftx$../flattened_rtl/noc_router.sv:89$1227, mul=$mul$../flattened_rtl/noc_router.sv:90$1225
right shiftmul pattern in $paramod\noc_router\ROUTER_X=s2'01\ROUTER_Y=s2'11: shift=$shiftx$../flattened_rtl/noc_router.sv:89$1251, mul=$mul$../flattened_rtl/noc_router.sv:90$1249
left shiftmul pattern in $paramod\noc_router\ROUTER_X=s2'01\ROUTER_Y=s2'11: shift=$shift$../flattened_rtl/noc_router.sv:77$1176, mul=$mul$../flattened_rtl/noc_router.sv:90$1225
shiftpow2 pattern in $paramod\noc_router\ROUTER_X=s2'01\ROUTER_Y=s2'11: shift=$shiftx$../flattened_rtl/noc_router.sv:89$1245, index=\requested_output [11:9], stride=8, width=1, ways=8
shiftpow2 pattern in $paramod\noc_router\ROUTER_X=s2'01\ROUTER_Y=s2'11: shift=$shiftx$../flattened_rtl/noc_router.sv:89$1239, index=\requested_output [8:6], stride=8, width=1, ways=8
shiftpow2 pattern in $paramod\noc_router\ROUTER_X=s2'01\ROUTER_Y=s2'11: shift=$shiftx$../flattened_rtl/noc_router.sv:89$1233, index=\requested_output [5:3], stride=8, width=1, ways=8
shiftpow2 pattern in $paramod\noc_router\ROUTER_X=s2'01\ROUTER_Y=s2'11: shift=$shiftx$../flattened_rtl/noc_router.sv:89$1227, index=\requested_output [2:0], stride=8, width=1, ways=8
shiftpow2 pattern in $paramod\noc_router\ROUTER_X=s2'01\ROUTER_Y=s2'11: shift=$shiftx$../flattened_rtl/noc_router.sv:89$1251, index=\requested_output [14:12], stride=8, width=1, ways=8
shiftadd pattern in $paramod\noc_router\ROUTER_X=s2'10\ROUTER_Y=s2'00: shift=$shiftx$../flattened_rtl/noc_router.sv:89$1133, add/sub=$add$../flattened_rtl/noc_router.sv:90$1132, offset: 3
shiftadd pattern in $paramod\noc_router\ROUTER_X=s2'10\ROUTER_Y=s2'00: shift=$shiftx$../flattened_rtl/noc_router.sv:89$1127, add/sub=$add$../flattened_rtl/noc_router.sv:90$1126, offset: 2
shiftadd pattern in $paramod\noc_router\ROUTER_X=s2'10\ROUTER_Y=s2'00: shift=$shiftx$../flattened_rtl/noc_router.sv:89$1121, add/sub=$add$../flattened_rtl/noc_router.sv:90$1120, offset: 1
shiftadd pattern in $paramod\noc_router\ROUTER_X=s2'10\ROUTER_Y=s2'00: shift=$shiftx$../flattened_rtl/noc_router.sv:89$1139, add/sub=$add$../flattened_rtl/noc_router.sv:90$1138, offset: 4
right shiftmul pattern in $paramod\noc_router\ROUTER_X=s2'10\ROUTER_Y=s2'00: shift=$shiftx$../flattened_rtl/noc_router.sv:89$1133, mul=$mul$../flattened_rtl/noc_router.sv:90$1131
right shiftmul pattern in $paramod\noc_router\ROUTER_X=s2'10\ROUTER_Y=s2'00: shift=$shiftx$../flattened_rtl/noc_router.sv:89$1127, mul=$mul$../flattened_rtl/noc_router.sv:90$1125
right shiftmul pattern in $paramod\noc_router\ROUTER_X=s2'10\ROUTER_Y=s2'00: shift=$shiftx$../flattened_rtl/noc_router.sv:89$1121, mul=$mul$../flattened_rtl/noc_router.sv:90$1119
right shiftmul pattern in $paramod\noc_router\ROUTER_X=s2'10\ROUTER_Y=s2'00: shift=$shiftx$../flattened_rtl/noc_router.sv:89$1115, mul=$mul$../flattened_rtl/noc_router.sv:90$1113
right shiftmul pattern in $paramod\noc_router\ROUTER_X=s2'10\ROUTER_Y=s2'00: shift=$shiftx$../flattened_rtl/noc_router.sv:89$1139, mul=$mul$../flattened_rtl/noc_router.sv:90$1137
left shiftmul pattern in $paramod\noc_router\ROUTER_X=s2'10\ROUTER_Y=s2'00: shift=$shift$../flattened_rtl/noc_router.sv:77$1064, mul=$mul$../flattened_rtl/noc_router.sv:90$1113
shiftpow2 pattern in $paramod\noc_router\ROUTER_X=s2'10\ROUTER_Y=s2'00: shift=$shiftx$../flattened_rtl/noc_router.sv:89$1133, index=\requested_output [11:9], stride=8, width=1, ways=8
shiftpow2 pattern in $paramod\noc_router\ROUTER_X=s2'10\ROUTER_Y=s2'00: shift=$shiftx$../flattened_rtl/noc_router.sv:89$1127, index=\requested_output [8:6], stride=8, width=1, ways=8
shiftpow2 pattern in $paramod\noc_router\ROUTER_X=s2'10\ROUTER_Y=s2'00: shift=$shiftx$../flattened_rtl/noc_router.sv:89$1121, index=\requested_output [5:3], stride=8, width=1, ways=8
shiftpow2 pattern in $paramod\noc_router\ROUTER_X=s2'10\ROUTER_Y=s2'00: shift=$shiftx$../flattened_rtl/noc_router.sv:89$1115, index=\requested_output [2:0], stride=8, width=1, ways=8
shiftpow2 pattern in $paramod\noc_router\ROUTER_X=s2'10\ROUTER_Y=s2'00: shift=$shiftx$../flattened_rtl/noc_router.sv:89$1139, index=\requested_output [14:12], stride=8, width=1, ways=8
shiftadd pattern in $paramod\noc_router\ROUTER_X=s2'10\ROUTER_Y=s2'01: shift=$shiftx$../flattened_rtl/noc_router.sv:89$1021, add/sub=$add$../flattened_rtl/noc_router.sv:90$1020, offset: 3
shiftadd pattern in $paramod\noc_router\ROUTER_X=s2'10\ROUTER_Y=s2'01: shift=$shiftx$../flattened_rtl/noc_router.sv:89$1015, add/sub=$add$../flattened_rtl/noc_router.sv:90$1014, offset: 2
shiftadd pattern in $paramod\noc_router\ROUTER_X=s2'10\ROUTER_Y=s2'01: shift=$shiftx$../flattened_rtl/noc_router.sv:89$1009, add/sub=$add$../flattened_rtl/noc_router.sv:90$1008, offset: 1
shiftadd pattern in $paramod\noc_router\ROUTER_X=s2'10\ROUTER_Y=s2'01: shift=$shiftx$../flattened_rtl/noc_router.sv:89$1027, add/sub=$add$../flattened_rtl/noc_router.sv:90$1026, offset: 4
right shiftmul pattern in $paramod\noc_router\ROUTER_X=s2'10\ROUTER_Y=s2'01: shift=$shiftx$../flattened_rtl/noc_router.sv:89$1021, mul=$mul$../flattened_rtl/noc_router.sv:90$1019
right shiftmul pattern in $paramod\noc_router\ROUTER_X=s2'10\ROUTER_Y=s2'01: shift=$shiftx$../flattened_rtl/noc_router.sv:89$1015, mul=$mul$../flattened_rtl/noc_router.sv:90$1013
right shiftmul pattern in $paramod\noc_router\ROUTER_X=s2'10\ROUTER_Y=s2'01: shift=$shiftx$../flattened_rtl/noc_router.sv:89$1009, mul=$mul$../flattened_rtl/noc_router.sv:90$1007
right shiftmul pattern in $paramod\noc_router\ROUTER_X=s2'10\ROUTER_Y=s2'01: shift=$shiftx$../flattened_rtl/noc_router.sv:89$1003, mul=$mul$../flattened_rtl/noc_router.sv:90$1001
right shiftmul pattern in $paramod\noc_router\ROUTER_X=s2'10\ROUTER_Y=s2'01: shift=$shiftx$../flattened_rtl/noc_router.sv:89$1027, mul=$mul$../flattened_rtl/noc_router.sv:90$1025
left shiftmul pattern in $paramod\noc_router\ROUTER_X=s2'10\ROUTER_Y=s2'01: shift=$shift$../flattened_rtl/noc_router.sv:77$952, mul=$mul$../flattened_rtl/noc_router.sv:90$1001
shiftpow2 pattern in $paramod\noc_router\ROUTER_X=s2'10\ROUTER_Y=s2'01: shift=$shiftx$../flattened_rtl/noc_router.sv:89$1021, index=\requested_output [11:9], stride=8, width=1, ways=8
shiftpow2 pattern in $paramod\noc_router\ROUTER_X=s2'10\ROUTER_Y=s2'01: shift=$shiftx$../flattened_rtl/noc_router.sv:89$1015, index=\requested_output [8:6], stride=8, width=1, ways=8
shiftpow2 pattern in $paramod\noc_router\ROUTER_X=s2'10\ROUTER_Y=s2'01: shift=$shiftx$../flattened_rtl/noc_router.sv:89$1009, index=\requested_output [5:3], stride=8, width=1, ways=8
shiftpow2 pattern in $paramod\noc_router\ROUTER_X=s2'10\ROUTER_Y=s2'01: shift=$shiftx$../flattened_rtl/noc_router.sv:89$1003, index=\requested_output [2:0], stride=8, width=1, ways=8
shiftpow2 pattern in $paramod\noc_router\ROUTER_X=s2'10\ROUTER_Y=s2'01: shift=$shiftx$../flattened_rtl/noc_router.sv:89$1027, index=\requested_output [14:12], stride=8, width=1, ways=8
shiftadd pattern in $paramod\noc_router\ROUTER_X=s2'10\ROUTER_Y=s2'10: shift=$shiftx$../flattened_rtl/noc_router.sv:89$909, add/sub=$add$../flattened_rtl/noc_router.sv:90$908, offset: 3
shiftadd pattern in $paramod\noc_router\ROUTER_X=s2'10\ROUTER_Y=s2'10: shift=$shiftx$../flattened_rtl/noc_router.sv:89$903, add/sub=$add$../flattened_rtl/noc_router.sv:90$902, offset: 2
shiftadd pattern in $paramod\noc_router\ROUTER_X=s2'10\ROUTER_Y=s2'10: shift=$shiftx$../flattened_rtl/noc_router.sv:89$897, add/sub=$add$../flattened_rtl/noc_router.sv:90$896, offset: 1
shiftadd pattern in $paramod\noc_router\ROUTER_X=s2'10\ROUTER_Y=s2'10: shift=$shiftx$../flattened_rtl/noc_router.sv:89$915, add/sub=$add$../flattened_rtl/noc_router.sv:90$914, offset: 4
right shiftmul pattern in $paramod\noc_router\ROUTER_X=s2'10\ROUTER_Y=s2'10: shift=$shiftx$../flattened_rtl/noc_router.sv:89$909, mul=$mul$../flattened_rtl/noc_router.sv:90$907
right shiftmul pattern in $paramod\noc_router\ROUTER_X=s2'10\ROUTER_Y=s2'10: shift=$shiftx$../flattened_rtl/noc_router.sv:89$903, mul=$mul$../flattened_rtl/noc_router.sv:90$901
right shiftmul pattern in $paramod\noc_router\ROUTER_X=s2'10\ROUTER_Y=s2'10: shift=$shiftx$../flattened_rtl/noc_router.sv:89$897, mul=$mul$../flattened_rtl/noc_router.sv:90$895
right shiftmul pattern in $paramod\noc_router\ROUTER_X=s2'10\ROUTER_Y=s2'10: shift=$shiftx$../flattened_rtl/noc_router.sv:89$891, mul=$mul$../flattened_rtl/noc_router.sv:90$889
right shiftmul pattern in $paramod\noc_router\ROUTER_X=s2'10\ROUTER_Y=s2'10: shift=$shiftx$../flattened_rtl/noc_router.sv:89$915, mul=$mul$../flattened_rtl/noc_router.sv:90$913
left shiftmul pattern in $paramod\noc_router\ROUTER_X=s2'10\ROUTER_Y=s2'10: shift=$shift$../flattened_rtl/noc_router.sv:77$840, mul=$mul$../flattened_rtl/noc_router.sv:90$889
shiftpow2 pattern in $paramod\noc_router\ROUTER_X=s2'10\ROUTER_Y=s2'10: shift=$shiftx$../flattened_rtl/noc_router.sv:89$909, index=\requested_output [11:9], stride=8, width=1, ways=8
shiftpow2 pattern in $paramod\noc_router\ROUTER_X=s2'10\ROUTER_Y=s2'10: shift=$shiftx$../flattened_rtl/noc_router.sv:89$903, index=\requested_output [8:6], stride=8, width=1, ways=8
shiftpow2 pattern in $paramod\noc_router\ROUTER_X=s2'10\ROUTER_Y=s2'10: shift=$shiftx$../flattened_rtl/noc_router.sv:89$897, index=\requested_output [5:3], stride=8, width=1, ways=8
shiftpow2 pattern in $paramod\noc_router\ROUTER_X=s2'10\ROUTER_Y=s2'10: shift=$shiftx$../flattened_rtl/noc_router.sv:89$891, index=\requested_output [2:0], stride=8, width=1, ways=8
shiftpow2 pattern in $paramod\noc_router\ROUTER_X=s2'10\ROUTER_Y=s2'10: shift=$shiftx$../flattened_rtl/noc_router.sv:89$915, index=\requested_output [14:12], stride=8, width=1, ways=8
shiftadd pattern in $paramod\noc_router\ROUTER_X=s2'10\ROUTER_Y=s2'11: shift=$shiftx$../flattened_rtl/noc_router.sv:89$797, add/sub=$add$../flattened_rtl/noc_router.sv:90$796, offset: 3
shiftadd pattern in $paramod\noc_router\ROUTER_X=s2'10\ROUTER_Y=s2'11: shift=$shiftx$../flattened_rtl/noc_router.sv:89$791, add/sub=$add$../flattened_rtl/noc_router.sv:90$790, offset: 2
shiftadd pattern in $paramod\noc_router\ROUTER_X=s2'10\ROUTER_Y=s2'11: shift=$shiftx$../flattened_rtl/noc_router.sv:89$785, add/sub=$add$../flattened_rtl/noc_router.sv:90$784, offset: 1
shiftadd pattern in $paramod\noc_router\ROUTER_X=s2'10\ROUTER_Y=s2'11: shift=$shiftx$../flattened_rtl/noc_router.sv:89$803, add/sub=$add$../flattened_rtl/noc_router.sv:90$802, offset: 4
right shiftmul pattern in $paramod\noc_router\ROUTER_X=s2'10\ROUTER_Y=s2'11: shift=$shiftx$../flattened_rtl/noc_router.sv:89$797, mul=$mul$../flattened_rtl/noc_router.sv:90$795
right shiftmul pattern in $paramod\noc_router\ROUTER_X=s2'10\ROUTER_Y=s2'11: shift=$shiftx$../flattened_rtl/noc_router.sv:89$791, mul=$mul$../flattened_rtl/noc_router.sv:90$789
right shiftmul pattern in $paramod\noc_router\ROUTER_X=s2'10\ROUTER_Y=s2'11: shift=$shiftx$../flattened_rtl/noc_router.sv:89$785, mul=$mul$../flattened_rtl/noc_router.sv:90$783
right shiftmul pattern in $paramod\noc_router\ROUTER_X=s2'10\ROUTER_Y=s2'11: shift=$shiftx$../flattened_rtl/noc_router.sv:89$779, mul=$mul$../flattened_rtl/noc_router.sv:90$777
right shiftmul pattern in $paramod\noc_router\ROUTER_X=s2'10\ROUTER_Y=s2'11: shift=$shiftx$../flattened_rtl/noc_router.sv:89$803, mul=$mul$../flattened_rtl/noc_router.sv:90$801
left shiftmul pattern in $paramod\noc_router\ROUTER_X=s2'10\ROUTER_Y=s2'11: shift=$shift$../flattened_rtl/noc_router.sv:77$728, mul=$mul$../flattened_rtl/noc_router.sv:90$777
shiftpow2 pattern in $paramod\noc_router\ROUTER_X=s2'10\ROUTER_Y=s2'11: shift=$shiftx$../flattened_rtl/noc_router.sv:89$797, index=\requested_output [11:9], stride=8, width=1, ways=8
shiftpow2 pattern in $paramod\noc_router\ROUTER_X=s2'10\ROUTER_Y=s2'11: shift=$shiftx$../flattened_rtl/noc_router.sv:89$791, index=\requested_output [8:6], stride=8, width=1, ways=8
shiftpow2 pattern in $paramod\noc_router\ROUTER_X=s2'10\ROUTER_Y=s2'11: shift=$shiftx$../flattened_rtl/noc_router.sv:89$785, index=\requested_output [5:3], stride=8, width=1, ways=8
shiftpow2 pattern in $paramod\noc_router\ROUTER_X=s2'10\ROUTER_Y=s2'11: shift=$shiftx$../flattened_rtl/noc_router.sv:89$779, index=\requested_output [2:0], stride=8, width=1, ways=8
shiftpow2 pattern in $paramod\noc_router\ROUTER_X=s2'10\ROUTER_Y=s2'11: shift=$shiftx$../flattened_rtl/noc_router.sv:89$803, index=\requested_output [14:12], stride=8, width=1, ways=8
shiftadd pattern in $paramod\noc_router\ROUTER_X=s2'11\ROUTER_Y=s2'00: shift=$shiftx$../flattened_rtl/noc_router.sv:89$685, add/sub=$add$../flattened_rtl/noc_router.sv:90$684, offset: 3
shiftadd pattern in $paramod\noc_router\ROUTER_X=s2'11\ROUTER_Y=s2'00: shift=$shiftx$../flattened_rtl/noc_router.sv:89$679, add/sub=$add$../flattened_rtl/noc_router.sv:90$678, offset: 2
shiftadd pattern in $paramod\noc_router\ROUTER_X=s2'11\ROUTER_Y=s2'00: shift=$shiftx$../flattened_rtl/noc_router.sv:89$673, add/sub=$add$../flattened_rtl/noc_router.sv:90$672, offset: 1
shiftadd pattern in $paramod\noc_router\ROUTER_X=s2'11\ROUTER_Y=s2'00: shift=$shiftx$../flattened_rtl/noc_router.sv:89$691, add/sub=$add$../flattened_rtl/noc_router.sv:90$690, offset: 4
right shiftmul pattern in $paramod\noc_router\ROUTER_X=s2'11\ROUTER_Y=s2'00: shift=$shiftx$../flattened_rtl/noc_router.sv:89$685, mul=$mul$../flattened_rtl/noc_router.sv:90$683
right shiftmul pattern in $paramod\noc_router\ROUTER_X=s2'11\ROUTER_Y=s2'00: shift=$shiftx$../flattened_rtl/noc_router.sv:89$679, mul=$mul$../flattened_rtl/noc_router.sv:90$677
right shiftmul pattern in $paramod\noc_router\ROUTER_X=s2'11\ROUTER_Y=s2'00: shift=$shiftx$../flattened_rtl/noc_router.sv:89$673, mul=$mul$../flattened_rtl/noc_router.sv:90$671
right shiftmul pattern in $paramod\noc_router\ROUTER_X=s2'11\ROUTER_Y=s2'00: shift=$shiftx$../flattened_rtl/noc_router.sv:89$667, mul=$mul$../flattened_rtl/noc_router.sv:90$665
right shiftmul pattern in $paramod\noc_router\ROUTER_X=s2'11\ROUTER_Y=s2'00: shift=$shiftx$../flattened_rtl/noc_router.sv:89$691, mul=$mul$../flattened_rtl/noc_router.sv:90$689
left shiftmul pattern in $paramod\noc_router\ROUTER_X=s2'11\ROUTER_Y=s2'00: shift=$shift$../flattened_rtl/noc_router.sv:77$616, mul=$mul$../flattened_rtl/noc_router.sv:90$665
shiftpow2 pattern in $paramod\noc_router\ROUTER_X=s2'11\ROUTER_Y=s2'00: shift=$shiftx$../flattened_rtl/noc_router.sv:89$685, index=\requested_output [11:9], stride=8, width=1, ways=8
shiftpow2 pattern in $paramod\noc_router\ROUTER_X=s2'11\ROUTER_Y=s2'00: shift=$shiftx$../flattened_rtl/noc_router.sv:89$679, index=\requested_output [8:6], stride=8, width=1, ways=8
shiftpow2 pattern in $paramod\noc_router\ROUTER_X=s2'11\ROUTER_Y=s2'00: shift=$shiftx$../flattened_rtl/noc_router.sv:89$673, index=\requested_output [5:3], stride=8, width=1, ways=8
shiftpow2 pattern in $paramod\noc_router\ROUTER_X=s2'11\ROUTER_Y=s2'00: shift=$shiftx$../flattened_rtl/noc_router.sv:89$667, index=\requested_output [2:0], stride=8, width=1, ways=8
shiftpow2 pattern in $paramod\noc_router\ROUTER_X=s2'11\ROUTER_Y=s2'00: shift=$shiftx$../flattened_rtl/noc_router.sv:89$691, index=\requested_output [14:12], stride=8, width=1, ways=8
shiftadd pattern in $paramod\noc_router\ROUTER_X=s2'11\ROUTER_Y=s2'01: shift=$shiftx$../flattened_rtl/noc_router.sv:89$573, add/sub=$add$../flattened_rtl/noc_router.sv:90$572, offset: 3
shiftadd pattern in $paramod\noc_router\ROUTER_X=s2'11\ROUTER_Y=s2'01: shift=$shiftx$../flattened_rtl/noc_router.sv:89$567, add/sub=$add$../flattened_rtl/noc_router.sv:90$566, offset: 2
shiftadd pattern in $paramod\noc_router\ROUTER_X=s2'11\ROUTER_Y=s2'01: shift=$shiftx$../flattened_rtl/noc_router.sv:89$561, add/sub=$add$../flattened_rtl/noc_router.sv:90$560, offset: 1
shiftadd pattern in $paramod\noc_router\ROUTER_X=s2'11\ROUTER_Y=s2'01: shift=$shiftx$../flattened_rtl/noc_router.sv:89$579, add/sub=$add$../flattened_rtl/noc_router.sv:90$578, offset: 4
right shiftmul pattern in $paramod\noc_router\ROUTER_X=s2'11\ROUTER_Y=s2'01: shift=$shiftx$../flattened_rtl/noc_router.sv:89$573, mul=$mul$../flattened_rtl/noc_router.sv:90$571
right shiftmul pattern in $paramod\noc_router\ROUTER_X=s2'11\ROUTER_Y=s2'01: shift=$shiftx$../flattened_rtl/noc_router.sv:89$567, mul=$mul$../flattened_rtl/noc_router.sv:90$565
right shiftmul pattern in $paramod\noc_router\ROUTER_X=s2'11\ROUTER_Y=s2'01: shift=$shiftx$../flattened_rtl/noc_router.sv:89$561, mul=$mul$../flattened_rtl/noc_router.sv:90$559
right shiftmul pattern in $paramod\noc_router\ROUTER_X=s2'11\ROUTER_Y=s2'01: shift=$shiftx$../flattened_rtl/noc_router.sv:89$555, mul=$mul$../flattened_rtl/noc_router.sv:90$553
right shiftmul pattern in $paramod\noc_router\ROUTER_X=s2'11\ROUTER_Y=s2'01: shift=$shiftx$../flattened_rtl/noc_router.sv:89$579, mul=$mul$../flattened_rtl/noc_router.sv:90$577
left shiftmul pattern in $paramod\noc_router\ROUTER_X=s2'11\ROUTER_Y=s2'01: shift=$shift$../flattened_rtl/noc_router.sv:77$504, mul=$mul$../flattened_rtl/noc_router.sv:90$553
shiftpow2 pattern in $paramod\noc_router\ROUTER_X=s2'11\ROUTER_Y=s2'01: shift=$shiftx$../flattened_rtl/noc_router.sv:89$573, index=\requested_output [11:9], stride=8, width=1, ways=8
shiftpow2 pattern in $paramod\noc_router\ROUTER_X=s2'11\ROUTER_Y=s2'01: shift=$shiftx$../flattened_rtl/noc_router.sv:89$567, index=\requested_output [8:6], stride=8, width=1, ways=8
shiftpow2 pattern in $paramod\noc_router\ROUTER_X=s2'11\ROUTER_Y=s2'01: shift=$shiftx$../flattened_rtl/noc_router.sv:89$561, index=\requested_output [5:3], stride=8, width=1, ways=8
shiftpow2 pattern in $paramod\noc_router\ROUTER_X=s2'11\ROUTER_Y=s2'01: shift=$shiftx$../flattened_rtl/noc_router.sv:89$555, index=\requested_output [2:0], stride=8, width=1, ways=8
shiftpow2 pattern in $paramod\noc_router\ROUTER_X=s2'11\ROUTER_Y=s2'01: shift=$shiftx$../flattened_rtl/noc_router.sv:89$579, index=\requested_output [14:12], stride=8, width=1, ways=8
shiftadd pattern in $paramod\noc_router\ROUTER_X=s2'11\ROUTER_Y=s2'10: shift=$shiftx$../flattened_rtl/noc_router.sv:89$461, add/sub=$add$../flattened_rtl/noc_router.sv:90$460, offset: 3
shiftadd pattern in $paramod\noc_router\ROUTER_X=s2'11\ROUTER_Y=s2'10: shift=$shiftx$../flattened_rtl/noc_router.sv:89$455, add/sub=$add$../flattened_rtl/noc_router.sv:90$454, offset: 2
shiftadd pattern in $paramod\noc_router\ROUTER_X=s2'11\ROUTER_Y=s2'10: shift=$shiftx$../flattened_rtl/noc_router.sv:89$449, add/sub=$add$../flattened_rtl/noc_router.sv:90$448, offset: 1
shiftadd pattern in $paramod\noc_router\ROUTER_X=s2'11\ROUTER_Y=s2'10: shift=$shiftx$../flattened_rtl/noc_router.sv:89$467, add/sub=$add$../flattened_rtl/noc_router.sv:90$466, offset: 4
right shiftmul pattern in $paramod\noc_router\ROUTER_X=s2'11\ROUTER_Y=s2'10: shift=$shiftx$../flattened_rtl/noc_router.sv:89$461, mul=$mul$../flattened_rtl/noc_router.sv:90$459
right shiftmul pattern in $paramod\noc_router\ROUTER_X=s2'11\ROUTER_Y=s2'10: shift=$shiftx$../flattened_rtl/noc_router.sv:89$455, mul=$mul$../flattened_rtl/noc_router.sv:90$453
right shiftmul pattern in $paramod\noc_router\ROUTER_X=s2'11\ROUTER_Y=s2'10: shift=$shiftx$../flattened_rtl/noc_router.sv:89$449, mul=$mul$../flattened_rtl/noc_router.sv:90$447
right shiftmul pattern in $paramod\noc_router\ROUTER_X=s2'11\ROUTER_Y=s2'10: shift=$shiftx$../flattened_rtl/noc_router.sv:89$443, mul=$mul$../flattened_rtl/noc_router.sv:90$441
right shiftmul pattern in $paramod\noc_router\ROUTER_X=s2'11\ROUTER_Y=s2'10: shift=$shiftx$../flattened_rtl/noc_router.sv:89$467, mul=$mul$../flattened_rtl/noc_router.sv:90$465
left shiftmul pattern in $paramod\noc_router\ROUTER_X=s2'11\ROUTER_Y=s2'10: shift=$shift$../flattened_rtl/noc_router.sv:77$392, mul=$mul$../flattened_rtl/noc_router.sv:90$441
shiftpow2 pattern in $paramod\noc_router\ROUTER_X=s2'11\ROUTER_Y=s2'10: shift=$shiftx$../flattened_rtl/noc_router.sv:89$461, index=\requested_output [11:9], stride=8, width=1, ways=8
shiftpow2 pattern in $paramod\noc_router\ROUTER_X=s2'11\ROUTER_Y=s2'10: shift=$shiftx$../flattened_rtl/noc_router.sv:89$455, index=\requested_output [8:6], stride=8, width=1, ways=8
shiftpow2 pattern in $paramod\noc_router\ROUTER_X=s2'11\ROUTER_Y=s2'10: shift=$shiftx$../flattened_rtl/noc_router.sv:89$449, index=\requested_output [5:3], stride=8, width=1, ways=8
shiftpow2 pattern in $paramod\noc_router\ROUTER_X=s2'11\ROUTER_Y=s2'10: shift=$shiftx$../flattened_rtl/noc_router.sv:89$443, index=\requested_output [2:0], stride=8, width=1, ways=8
shiftpow2 pattern in $paramod\noc_router\ROUTER_X=s2'11\ROUTER_Y=s2'10: shift=$shiftx$../flattened_rtl/noc_router.sv:89$467, index=\requested_output [14:12], stride=8, width=1, ways=8
shiftadd pattern in $paramod\noc_router\ROUTER_X=s2'11\ROUTER_Y=s2'11: shift=$shiftx$../flattened_rtl/noc_router.sv:89$349, add/sub=$add$../flattened_rtl/noc_router.sv:90$348, offset: 3
shiftadd pattern in $paramod\noc_router\ROUTER_X=s2'11\ROUTER_Y=s2'11: shift=$shiftx$../flattened_rtl/noc_router.sv:89$343, add/sub=$add$../flattened_rtl/noc_router.sv:90$342, offset: 2
shiftadd pattern in $paramod\noc_router\ROUTER_X=s2'11\ROUTER_Y=s2'11: shift=$shiftx$../flattened_rtl/noc_router.sv:89$337, add/sub=$add$../flattened_rtl/noc_router.sv:90$336, offset: 1
shiftadd pattern in $paramod\noc_router\ROUTER_X=s2'11\ROUTER_Y=s2'11: shift=$shiftx$../flattened_rtl/noc_router.sv:89$355, add/sub=$add$../flattened_rtl/noc_router.sv:90$354, offset: 4
right shiftmul pattern in $paramod\noc_router\ROUTER_X=s2'11\ROUTER_Y=s2'11: shift=$shiftx$../flattened_rtl/noc_router.sv:89$349, mul=$mul$../flattened_rtl/noc_router.sv:90$347
right shiftmul pattern in $paramod\noc_router\ROUTER_X=s2'11\ROUTER_Y=s2'11: shift=$shiftx$../flattened_rtl/noc_router.sv:89$343, mul=$mul$../flattened_rtl/noc_router.sv:90$341
right shiftmul pattern in $paramod\noc_router\ROUTER_X=s2'11\ROUTER_Y=s2'11: shift=$shiftx$../flattened_rtl/noc_router.sv:89$337, mul=$mul$../flattened_rtl/noc_router.sv:90$335
right shiftmul pattern in $paramod\noc_router\ROUTER_X=s2'11\ROUTER_Y=s2'11: shift=$shiftx$../flattened_rtl/noc_router.sv:89$331, mul=$mul$../flattened_rtl/noc_router.sv:90$329
right shiftmul pattern in $paramod\noc_router\ROUTER_X=s2'11\ROUTER_Y=s2'11: shift=$shiftx$../flattened_rtl/noc_router.sv:89$355, mul=$mul$../flattened_rtl/noc_router.sv:90$353
left shiftmul pattern in $paramod\noc_router\ROUTER_X=s2'11\ROUTER_Y=s2'11: shift=$shift$../flattened_rtl/noc_router.sv:77$280, mul=$mul$../flattened_rtl/noc_router.sv:90$329
shiftpow2 pattern in $paramod\noc_router\ROUTER_X=s2'11\ROUTER_Y=s2'11: shift=$shiftx$../flattened_rtl/noc_router.sv:89$349, index=\requested_output [11:9], stride=8, width=1, ways=8
shiftpow2 pattern in $paramod\noc_router\ROUTER_X=s2'11\ROUTER_Y=s2'11: shift=$shiftx$../flattened_rtl/noc_router.sv:89$343, index=\requested_output [8:6], stride=8, width=1, ways=8
shiftpow2 pattern in $paramod\noc_router\ROUTER_X=s2'11\ROUTER_Y=s2'11: shift=$shiftx$../flattened_rtl/noc_router.sv:89$337, index=\requested_output [5:3], stride=8, width=1, ways=8
shiftpow2 pattern in $paramod\noc_router\ROUTER_X=s2'11\ROUTER_Y=s2'11: shift=$shiftx$../flattened_rtl/noc_router.sv:89$331, index=\requested_output [2:0], stride=8, width=1, ways=8
shiftpow2 pattern in $paramod\noc_router\ROUTER_X=s2'11\ROUTER_Y=s2'11: shift=$shiftx$../flattened_rtl/noc_router.sv:89$355, index=\requested_output [14:12], stride=8, width=1, ways=8
shiftadd pattern in $paramod\noc_router\ROUTER_X=s2'00\ROUTER_Y=s2'00: shift=$shiftx$../flattened_rtl/noc_router.sv:89$2029, add/sub=$add$../flattened_rtl/noc_router.sv:90$2028, offset: 3
shiftadd pattern in $paramod\noc_router\ROUTER_X=s2'00\ROUTER_Y=s2'00: shift=$shiftx$../flattened_rtl/noc_router.sv:89$2023, add/sub=$add$../flattened_rtl/noc_router.sv:90$2022, offset: 2
shiftadd pattern in $paramod\noc_router\ROUTER_X=s2'00\ROUTER_Y=s2'00: shift=$shiftx$../flattened_rtl/noc_router.sv:89$2017, add/sub=$add$../flattened_rtl/noc_router.sv:90$2016, offset: 1
shiftadd pattern in $paramod\noc_router\ROUTER_X=s2'00\ROUTER_Y=s2'00: shift=$shiftx$../flattened_rtl/noc_router.sv:89$2035, add/sub=$add$../flattened_rtl/noc_router.sv:90$2034, offset: 4
right shiftmul pattern in $paramod\noc_router\ROUTER_X=s2'00\ROUTER_Y=s2'00: shift=$shiftx$../flattened_rtl/noc_router.sv:89$2029, mul=$mul$../flattened_rtl/noc_router.sv:90$2027
right shiftmul pattern in $paramod\noc_router\ROUTER_X=s2'00\ROUTER_Y=s2'00: shift=$shiftx$../flattened_rtl/noc_router.sv:89$2023, mul=$mul$../flattened_rtl/noc_router.sv:90$2021
right shiftmul pattern in $paramod\noc_router\ROUTER_X=s2'00\ROUTER_Y=s2'00: shift=$shiftx$../flattened_rtl/noc_router.sv:89$2017, mul=$mul$../flattened_rtl/noc_router.sv:90$2015
right shiftmul pattern in $paramod\noc_router\ROUTER_X=s2'00\ROUTER_Y=s2'00: shift=$shiftx$../flattened_rtl/noc_router.sv:89$2011, mul=$mul$../flattened_rtl/noc_router.sv:90$2009
right shiftmul pattern in $paramod\noc_router\ROUTER_X=s2'00\ROUTER_Y=s2'00: shift=$shiftx$../flattened_rtl/noc_router.sv:89$2035, mul=$mul$../flattened_rtl/noc_router.sv:90$2033
left shiftmul pattern in $paramod\noc_router\ROUTER_X=s2'00\ROUTER_Y=s2'00: shift=$shift$../flattened_rtl/noc_router.sv:77$1960, mul=$mul$../flattened_rtl/noc_router.sv:90$2009
shiftpow2 pattern in $paramod\noc_router\ROUTER_X=s2'00\ROUTER_Y=s2'00: shift=$shiftx$../flattened_rtl/noc_router.sv:89$2029, index=\requested_output [11:9], stride=8, width=1, ways=8
shiftpow2 pattern in $paramod\noc_router\ROUTER_X=s2'00\ROUTER_Y=s2'00: shift=$shiftx$../flattened_rtl/noc_router.sv:89$2023, index=\requested_output [8:6], stride=8, width=1, ways=8
shiftpow2 pattern in $paramod\noc_router\ROUTER_X=s2'00\ROUTER_Y=s2'00: shift=$shiftx$../flattened_rtl/noc_router.sv:89$2017, index=\requested_output [5:3], stride=8, width=1, ways=8
shiftpow2 pattern in $paramod\noc_router\ROUTER_X=s2'00\ROUTER_Y=s2'00: shift=$shiftx$../flattened_rtl/noc_router.sv:89$2011, index=\requested_output [2:0], stride=8, width=1, ways=8
shiftpow2 pattern in $paramod\noc_router\ROUTER_X=s2'00\ROUTER_Y=s2'00: shift=$shiftx$../flattened_rtl/noc_router.sv:89$2035, index=\requested_output [14:12], stride=8, width=1, ways=8

10.11. Executing OPT_CLEAN pass (remove unused cells and wires).
Finding unused cells or wires in module $paramod\noc_router\ROUTER_X=s2'00\ROUTER_Y=s2'01..
Finding unused cells or wires in module $paramod\noc_router\ROUTER_X=s2'00\ROUTER_Y=s2'10..
Finding unused cells or wires in module $paramod\noc_router\ROUTER_X=s2'00\ROUTER_Y=s2'11..
Finding unused cells or wires in module $paramod\noc_router\ROUTER_X=s2'01\ROUTER_Y=s2'00..
Finding unused cells or wires in module $paramod\noc_router\ROUTER_X=s2'01\ROUTER_Y=s2'01..
Finding unused cells or wires in module $paramod\noc_router\ROUTER_X=s2'01\ROUTER_Y=s2'10..
Finding unused cells or wires in module $paramod\noc_router\ROUTER_X=s2'01\ROUTER_Y=s2'11..
Finding unused cells or wires in module $paramod\noc_router\ROUTER_X=s2'10\ROUTER_Y=s2'00..
Finding unused cells or wires in module $paramod\noc_router\ROUTER_X=s2'10\ROUTER_Y=s2'01..
Finding unused cells or wires in module $paramod\noc_router\ROUTER_X=s2'10\ROUTER_Y=s2'10..
Finding unused cells or wires in module $paramod\noc_router\ROUTER_X=s2'10\ROUTER_Y=s2'11..
Finding unused cells or wires in module $paramod\noc_router\ROUTER_X=s2'11\ROUTER_Y=s2'00..
Finding unused cells or wires in module $paramod\noc_router\ROUTER_X=s2'11\ROUTER_Y=s2'01..
Finding unused cells or wires in module $paramod\noc_router\ROUTER_X=s2'11\ROUTER_Y=s2'10..
Finding unused cells or wires in module $paramod\noc_router\ROUTER_X=s2'11\ROUTER_Y=s2'11..
Finding unused cells or wires in module \noc_mesh..
Finding unused cells or wires in module $paramod\noc_router\ROUTER_X=s2'00\ROUTER_Y=s2'00..
Finding unused cells or wires in module \crossbar_5x5..
Finding unused cells or wires in module \switch_allocator..
Finding unused cells or wires in module \round_robin..
Finding unused cells or wires in module \xy_routing..
Finding unused cells or wires in module \fifo_buffer..
Removed 32 unused cells and 182 unused wires.
<suppressed ~50 debug messages>

10.12. Executing ALUMACC pass (create $alu and $macc cells).
Extracting $alu and $macc cells in module $paramod\noc_router\ROUTER_X=s2'00\ROUTER_Y=s2'01:
  creating $macc model for $add$../flattened_rtl/noc_router.sv:90$1916 ($add).
  creating $macc model for $mul$../flattened_rtl/noc_router.sv:90$1915 ($mul).
  creating $macc model for $add$../flattened_rtl/noc_router.sv:90$1910 ($add).
  creating $macc model for $mul$../flattened_rtl/noc_router.sv:90$1909 ($mul).
  creating $macc model for $add$../flattened_rtl/noc_router.sv:90$1904 ($add).
  creating $macc model for $mul$../flattened_rtl/noc_router.sv:90$1903 ($mul).
  creating $macc model for $neg$../flattened_rtl/noc_router.sv:77$1891 ($neg).
  creating $macc model for $neg$../flattened_rtl/noc_router.sv:77$1880 ($neg).
  creating $macc model for $neg$../flattened_rtl/noc_router.sv:77$1869 ($neg).
  creating $macc model for $add$../flattened_rtl/noc_router.sv:90$1922 ($add).
  creating $macc model for $neg$../flattened_rtl/noc_router.sv:77$1858 ($neg).
  creating $macc model for $mul$../flattened_rtl/noc_router.sv:90$1921 ($mul).
  creating $macc model for $auto$peepopt_pm.h:1040:block_9$3308 ($neg).
  merging $macc model for $mul$../flattened_rtl/noc_router.sv:90$1921 into $add$../flattened_rtl/noc_router.sv:90$1922.
  merging $macc model for $mul$../flattened_rtl/noc_router.sv:90$1903 into $add$../flattened_rtl/noc_router.sv:90$1904.
  merging $macc model for $mul$../flattened_rtl/noc_router.sv:90$1909 into $add$../flattened_rtl/noc_router.sv:90$1910.
  merging $macc model for $mul$../flattened_rtl/noc_router.sv:90$1915 into $add$../flattened_rtl/noc_router.sv:90$1916.
  creating $alu model for $macc $neg$../flattened_rtl/noc_router.sv:77$1869.
  creating $alu model for $macc $neg$../flattened_rtl/noc_router.sv:77$1880.
  creating $alu model for $macc $neg$../flattened_rtl/noc_router.sv:77$1891.
  creating $alu model for $macc $neg$../flattened_rtl/noc_router.sv:77$1858.
  creating $alu model for $macc $auto$peepopt_pm.h:1040:block_9$3308.
  creating $macc cell for $add$../flattened_rtl/noc_router.sv:90$1922: $auto$alumacc.cc:399:replace_macc$3434
  creating $macc cell for $add$../flattened_rtl/noc_router.sv:90$1910: $auto$alumacc.cc:399:replace_macc$3435
  creating $macc cell for $add$../flattened_rtl/noc_router.sv:90$1904: $auto$alumacc.cc:399:replace_macc$3436
  creating $macc cell for $add$../flattened_rtl/noc_router.sv:90$1916: $auto$alumacc.cc:399:replace_macc$3437
  creating $alu cell for $auto$peepopt_pm.h:1040:block_9$3308: $auto$alumacc.cc:548:replace_alu$3438
  creating $alu cell for $neg$../flattened_rtl/noc_router.sv:77$1858: $auto$alumacc.cc:548:replace_alu$3441
  creating $alu cell for $neg$../flattened_rtl/noc_router.sv:77$1891: $auto$alumacc.cc:548:replace_alu$3444
  creating $alu cell for $neg$../flattened_rtl/noc_router.sv:77$1880: $auto$alumacc.cc:548:replace_alu$3447
  creating $alu cell for $neg$../flattened_rtl/noc_router.sv:77$1869: $auto$alumacc.cc:548:replace_alu$3450
  created 5 $alu and 4 $macc cells.
Extracting $alu and $macc cells in module $paramod\noc_router\ROUTER_X=s2'00\ROUTER_Y=s2'10:
  creating $macc model for $add$../flattened_rtl/noc_router.sv:90$1804 ($add).
  creating $macc model for $mul$../flattened_rtl/noc_router.sv:90$1803 ($mul).
  creating $macc model for $add$../flattened_rtl/noc_router.sv:90$1798 ($add).
  creating $macc model for $mul$../flattened_rtl/noc_router.sv:90$1797 ($mul).
  creating $macc model for $add$../flattened_rtl/noc_router.sv:90$1792 ($add).
  creating $macc model for $mul$../flattened_rtl/noc_router.sv:90$1791 ($mul).
  creating $macc model for $neg$../flattened_rtl/noc_router.sv:77$1779 ($neg).
  creating $macc model for $neg$../flattened_rtl/noc_router.sv:77$1768 ($neg).
  creating $macc model for $neg$../flattened_rtl/noc_router.sv:77$1757 ($neg).
  creating $macc model for $add$../flattened_rtl/noc_router.sv:90$1810 ($add).
  creating $macc model for $neg$../flattened_rtl/noc_router.sv:77$1746 ($neg).
  creating $macc model for $mul$../flattened_rtl/noc_router.sv:90$1809 ($mul).
  creating $macc model for $auto$peepopt_pm.h:1040:block_9$3316 ($neg).
  merging $macc model for $mul$../flattened_rtl/noc_router.sv:90$1809 into $add$../flattened_rtl/noc_router.sv:90$1810.
  merging $macc model for $mul$../flattened_rtl/noc_router.sv:90$1791 into $add$../flattened_rtl/noc_router.sv:90$1792.
  merging $macc model for $mul$../flattened_rtl/noc_router.sv:90$1797 into $add$../flattened_rtl/noc_router.sv:90$1798.
  merging $macc model for $mul$../flattened_rtl/noc_router.sv:90$1803 into $add$../flattened_rtl/noc_router.sv:90$1804.
  creating $alu model for $macc $neg$../flattened_rtl/noc_router.sv:77$1757.
  creating $alu model for $macc $neg$../flattened_rtl/noc_router.sv:77$1768.
  creating $alu model for $macc $neg$../flattened_rtl/noc_router.sv:77$1779.
  creating $alu model for $macc $neg$../flattened_rtl/noc_router.sv:77$1746.
  creating $alu model for $macc $auto$peepopt_pm.h:1040:block_9$3316.
  creating $macc cell for $add$../flattened_rtl/noc_router.sv:90$1810: $auto$alumacc.cc:399:replace_macc$3453
  creating $macc cell for $add$../flattened_rtl/noc_router.sv:90$1798: $auto$alumacc.cc:399:replace_macc$3454
  creating $macc cell for $add$../flattened_rtl/noc_router.sv:90$1792: $auto$alumacc.cc:399:replace_macc$3455
  creating $macc cell for $add$../flattened_rtl/noc_router.sv:90$1804: $auto$alumacc.cc:399:replace_macc$3456
  creating $alu cell for $auto$peepopt_pm.h:1040:block_9$3316: $auto$alumacc.cc:548:replace_alu$3457
  creating $alu cell for $neg$../flattened_rtl/noc_router.sv:77$1746: $auto$alumacc.cc:548:replace_alu$3460
  creating $alu cell for $neg$../flattened_rtl/noc_router.sv:77$1779: $auto$alumacc.cc:548:replace_alu$3463
  creating $alu cell for $neg$../flattened_rtl/noc_router.sv:77$1768: $auto$alumacc.cc:548:replace_alu$3466
  creating $alu cell for $neg$../flattened_rtl/noc_router.sv:77$1757: $auto$alumacc.cc:548:replace_alu$3469
  created 5 $alu and 4 $macc cells.
Extracting $alu and $macc cells in module $paramod\noc_router\ROUTER_X=s2'00\ROUTER_Y=s2'11:
  creating $macc model for $add$../flattened_rtl/noc_router.sv:90$1692 ($add).
  creating $macc model for $mul$../flattened_rtl/noc_router.sv:90$1691 ($mul).
  creating $macc model for $add$../flattened_rtl/noc_router.sv:90$1686 ($add).
  creating $macc model for $mul$../flattened_rtl/noc_router.sv:90$1685 ($mul).
  creating $macc model for $add$../flattened_rtl/noc_router.sv:90$1680 ($add).
  creating $macc model for $mul$../flattened_rtl/noc_router.sv:90$1679 ($mul).
  creating $macc model for $neg$../flattened_rtl/noc_router.sv:77$1667 ($neg).
  creating $macc model for $neg$../flattened_rtl/noc_router.sv:77$1656 ($neg).
  creating $macc model for $neg$../flattened_rtl/noc_router.sv:77$1645 ($neg).
  creating $macc model for $add$../flattened_rtl/noc_router.sv:90$1698 ($add).
  creating $macc model for $neg$../flattened_rtl/noc_router.sv:77$1634 ($neg).
  creating $macc model for $mul$../flattened_rtl/noc_router.sv:90$1697 ($mul).
  creating $macc model for $auto$peepopt_pm.h:1040:block_9$3324 ($neg).
  merging $macc model for $mul$../flattened_rtl/noc_router.sv:90$1697 into $add$../flattened_rtl/noc_router.sv:90$1698.
  merging $macc model for $mul$../flattened_rtl/noc_router.sv:90$1679 into $add$../flattened_rtl/noc_router.sv:90$1680.
  merging $macc model for $mul$../flattened_rtl/noc_router.sv:90$1685 into $add$../flattened_rtl/noc_router.sv:90$1686.
  merging $macc model for $mul$../flattened_rtl/noc_router.sv:90$1691 into $add$../flattened_rtl/noc_router.sv:90$1692.
  creating $alu model for $macc $neg$../flattened_rtl/noc_router.sv:77$1645.
  creating $alu model for $macc $neg$../flattened_rtl/noc_router.sv:77$1656.
  creating $alu model for $macc $neg$../flattened_rtl/noc_router.sv:77$1667.
  creating $alu model for $macc $neg$../flattened_rtl/noc_router.sv:77$1634.
  creating $alu model for $macc $auto$peepopt_pm.h:1040:block_9$3324.
  creating $macc cell for $add$../flattened_rtl/noc_router.sv:90$1698: $auto$alumacc.cc:399:replace_macc$3472
  creating $macc cell for $add$../flattened_rtl/noc_router.sv:90$1686: $auto$alumacc.cc:399:replace_macc$3473
  creating $macc cell for $add$../flattened_rtl/noc_router.sv:90$1680: $auto$alumacc.cc:399:replace_macc$3474
  creating $macc cell for $add$../flattened_rtl/noc_router.sv:90$1692: $auto$alumacc.cc:399:replace_macc$3475
  creating $alu cell for $auto$peepopt_pm.h:1040:block_9$3324: $auto$alumacc.cc:548:replace_alu$3476
  creating $alu cell for $neg$../flattened_rtl/noc_router.sv:77$1634: $auto$alumacc.cc:548:replace_alu$3479
  creating $alu cell for $neg$../flattened_rtl/noc_router.sv:77$1667: $auto$alumacc.cc:548:replace_alu$3482
  creating $alu cell for $neg$../flattened_rtl/noc_router.sv:77$1656: $auto$alumacc.cc:548:replace_alu$3485
  creating $alu cell for $neg$../flattened_rtl/noc_router.sv:77$1645: $auto$alumacc.cc:548:replace_alu$3488
  created 5 $alu and 4 $macc cells.
Extracting $alu and $macc cells in module $paramod\noc_router\ROUTER_X=s2'01\ROUTER_Y=s2'00:
  creating $macc model for $add$../flattened_rtl/noc_router.sv:90$1580 ($add).
  creating $macc model for $mul$../flattened_rtl/noc_router.sv:90$1579 ($mul).
  creating $macc model for $add$../flattened_rtl/noc_router.sv:90$1574 ($add).
  creating $macc model for $mul$../flattened_rtl/noc_router.sv:90$1573 ($mul).
  creating $macc model for $add$../flattened_rtl/noc_router.sv:90$1568 ($add).
  creating $macc model for $mul$../flattened_rtl/noc_router.sv:90$1567 ($mul).
  creating $macc model for $neg$../flattened_rtl/noc_router.sv:77$1555 ($neg).
  creating $macc model for $neg$../flattened_rtl/noc_router.sv:77$1544 ($neg).
  creating $macc model for $neg$../flattened_rtl/noc_router.sv:77$1533 ($neg).
  creating $macc model for $add$../flattened_rtl/noc_router.sv:90$1586 ($add).
  creating $macc model for $neg$../flattened_rtl/noc_router.sv:77$1522 ($neg).
  creating $macc model for $mul$../flattened_rtl/noc_router.sv:90$1585 ($mul).
  creating $macc model for $auto$peepopt_pm.h:1040:block_9$3332 ($neg).
  merging $macc model for $mul$../flattened_rtl/noc_router.sv:90$1585 into $add$../flattened_rtl/noc_router.sv:90$1586.
  merging $macc model for $mul$../flattened_rtl/noc_router.sv:90$1567 into $add$../flattened_rtl/noc_router.sv:90$1568.
  merging $macc model for $mul$../flattened_rtl/noc_router.sv:90$1573 into $add$../flattened_rtl/noc_router.sv:90$1574.
  merging $macc model for $mul$../flattened_rtl/noc_router.sv:90$1579 into $add$../flattened_rtl/noc_router.sv:90$1580.
  creating $alu model for $macc $neg$../flattened_rtl/noc_router.sv:77$1533.
  creating $alu model for $macc $neg$../flattened_rtl/noc_router.sv:77$1544.
  creating $alu model for $macc $neg$../flattened_rtl/noc_router.sv:77$1555.
  creating $alu model for $macc $neg$../flattened_rtl/noc_router.sv:77$1522.
  creating $alu model for $macc $auto$peepopt_pm.h:1040:block_9$3332.
  creating $macc cell for $add$../flattened_rtl/noc_router.sv:90$1586: $auto$alumacc.cc:399:replace_macc$3491
  creating $macc cell for $add$../flattened_rtl/noc_router.sv:90$1574: $auto$alumacc.cc:399:replace_macc$3492
  creating $macc cell for $add$../flattened_rtl/noc_router.sv:90$1568: $auto$alumacc.cc:399:replace_macc$3493
  creating $macc cell for $add$../flattened_rtl/noc_router.sv:90$1580: $auto$alumacc.cc:399:replace_macc$3494
  creating $alu cell for $auto$peepopt_pm.h:1040:block_9$3332: $auto$alumacc.cc:548:replace_alu$3495
  creating $alu cell for $neg$../flattened_rtl/noc_router.sv:77$1522: $auto$alumacc.cc:548:replace_alu$3498
  creating $alu cell for $neg$../flattened_rtl/noc_router.sv:77$1555: $auto$alumacc.cc:548:replace_alu$3501
  creating $alu cell for $neg$../flattened_rtl/noc_router.sv:77$1544: $auto$alumacc.cc:548:replace_alu$3504
  creating $alu cell for $neg$../flattened_rtl/noc_router.sv:77$1533: $auto$alumacc.cc:548:replace_alu$3507
  created 5 $alu and 4 $macc cells.
Extracting $alu and $macc cells in module $paramod\noc_router\ROUTER_X=s2'01\ROUTER_Y=s2'01:
  creating $macc model for $add$../flattened_rtl/noc_router.sv:90$1468 ($add).
  creating $macc model for $mul$../flattened_rtl/noc_router.sv:90$1467 ($mul).
  creating $macc model for $add$../flattened_rtl/noc_router.sv:90$1462 ($add).
  creating $macc model for $mul$../flattened_rtl/noc_router.sv:90$1461 ($mul).
  creating $macc model for $add$../flattened_rtl/noc_router.sv:90$1456 ($add).
  creating $macc model for $mul$../flattened_rtl/noc_router.sv:90$1455 ($mul).
  creating $macc model for $neg$../flattened_rtl/noc_router.sv:77$1443 ($neg).
  creating $macc model for $neg$../flattened_rtl/noc_router.sv:77$1432 ($neg).
  creating $macc model for $neg$../flattened_rtl/noc_router.sv:77$1421 ($neg).
  creating $macc model for $add$../flattened_rtl/noc_router.sv:90$1474 ($add).
  creating $macc model for $neg$../flattened_rtl/noc_router.sv:77$1410 ($neg).
  creating $macc model for $mul$../flattened_rtl/noc_router.sv:90$1473 ($mul).
  creating $macc model for $auto$peepopt_pm.h:1040:block_9$3340 ($neg).
  merging $macc model for $mul$../flattened_rtl/noc_router.sv:90$1473 into $add$../flattened_rtl/noc_router.sv:90$1474.
  merging $macc model for $mul$../flattened_rtl/noc_router.sv:90$1455 into $add$../flattened_rtl/noc_router.sv:90$1456.
  merging $macc model for $mul$../flattened_rtl/noc_router.sv:90$1461 into $add$../flattened_rtl/noc_router.sv:90$1462.
  merging $macc model for $mul$../flattened_rtl/noc_router.sv:90$1467 into $add$../flattened_rtl/noc_router.sv:90$1468.
  creating $alu model for $macc $neg$../flattened_rtl/noc_router.sv:77$1421.
  creating $alu model for $macc $neg$../flattened_rtl/noc_router.sv:77$1432.
  creating $alu model for $macc $neg$../flattened_rtl/noc_router.sv:77$1443.
  creating $alu model for $macc $neg$../flattened_rtl/noc_router.sv:77$1410.
  creating $alu model for $macc $auto$peepopt_pm.h:1040:block_9$3340.
  creating $macc cell for $add$../flattened_rtl/noc_router.sv:90$1474: $auto$alumacc.cc:399:replace_macc$3510
  creating $macc cell for $add$../flattened_rtl/noc_router.sv:90$1462: $auto$alumacc.cc:399:replace_macc$3511
  creating $macc cell for $add$../flattened_rtl/noc_router.sv:90$1456: $auto$alumacc.cc:399:replace_macc$3512
  creating $macc cell for $add$../flattened_rtl/noc_router.sv:90$1468: $auto$alumacc.cc:399:replace_macc$3513
  creating $alu cell for $auto$peepopt_pm.h:1040:block_9$3340: $auto$alumacc.cc:548:replace_alu$3514
  creating $alu cell for $neg$../flattened_rtl/noc_router.sv:77$1410: $auto$alumacc.cc:548:replace_alu$3517
  creating $alu cell for $neg$../flattened_rtl/noc_router.sv:77$1443: $auto$alumacc.cc:548:replace_alu$3520
  creating $alu cell for $neg$../flattened_rtl/noc_router.sv:77$1432: $auto$alumacc.cc:548:replace_alu$3523
  creating $alu cell for $neg$../flattened_rtl/noc_router.sv:77$1421: $auto$alumacc.cc:548:replace_alu$3526
  created 5 $alu and 4 $macc cells.
Extracting $alu and $macc cells in module $paramod\noc_router\ROUTER_X=s2'01\ROUTER_Y=s2'10:
  creating $macc model for $add$../flattened_rtl/noc_router.sv:90$1356 ($add).
  creating $macc model for $mul$../flattened_rtl/noc_router.sv:90$1355 ($mul).
  creating $macc model for $add$../flattened_rtl/noc_router.sv:90$1350 ($add).
  creating $macc model for $mul$../flattened_rtl/noc_router.sv:90$1349 ($mul).
  creating $macc model for $add$../flattened_rtl/noc_router.sv:90$1344 ($add).
  creating $macc model for $mul$../flattened_rtl/noc_router.sv:90$1343 ($mul).
  creating $macc model for $neg$../flattened_rtl/noc_router.sv:77$1331 ($neg).
  creating $macc model for $neg$../flattened_rtl/noc_router.sv:77$1320 ($neg).
  creating $macc model for $neg$../flattened_rtl/noc_router.sv:77$1309 ($neg).
  creating $macc model for $add$../flattened_rtl/noc_router.sv:90$1362 ($add).
  creating $macc model for $neg$../flattened_rtl/noc_router.sv:77$1298 ($neg).
  creating $macc model for $mul$../flattened_rtl/noc_router.sv:90$1361 ($mul).
  creating $macc model for $auto$peepopt_pm.h:1040:block_9$3348 ($neg).
  merging $macc model for $mul$../flattened_rtl/noc_router.sv:90$1361 into $add$../flattened_rtl/noc_router.sv:90$1362.
  merging $macc model for $mul$../flattened_rtl/noc_router.sv:90$1343 into $add$../flattened_rtl/noc_router.sv:90$1344.
  merging $macc model for $mul$../flattened_rtl/noc_router.sv:90$1349 into $add$../flattened_rtl/noc_router.sv:90$1350.
  merging $macc model for $mul$../flattened_rtl/noc_router.sv:90$1355 into $add$../flattened_rtl/noc_router.sv:90$1356.
  creating $alu model for $macc $neg$../flattened_rtl/noc_router.sv:77$1309.
  creating $alu model for $macc $neg$../flattened_rtl/noc_router.sv:77$1320.
  creating $alu model for $macc $neg$../flattened_rtl/noc_router.sv:77$1331.
  creating $alu model for $macc $neg$../flattened_rtl/noc_router.sv:77$1298.
  creating $alu model for $macc $auto$peepopt_pm.h:1040:block_9$3348.
  creating $macc cell for $add$../flattened_rtl/noc_router.sv:90$1362: $auto$alumacc.cc:399:replace_macc$3529
  creating $macc cell for $add$../flattened_rtl/noc_router.sv:90$1350: $auto$alumacc.cc:399:replace_macc$3530
  creating $macc cell for $add$../flattened_rtl/noc_router.sv:90$1344: $auto$alumacc.cc:399:replace_macc$3531
  creating $macc cell for $add$../flattened_rtl/noc_router.sv:90$1356: $auto$alumacc.cc:399:replace_macc$3532
  creating $alu cell for $auto$peepopt_pm.h:1040:block_9$3348: $auto$alumacc.cc:548:replace_alu$3533
  creating $alu cell for $neg$../flattened_rtl/noc_router.sv:77$1298: $auto$alumacc.cc:548:replace_alu$3536
  creating $alu cell for $neg$../flattened_rtl/noc_router.sv:77$1331: $auto$alumacc.cc:548:replace_alu$3539
  creating $alu cell for $neg$../flattened_rtl/noc_router.sv:77$1320: $auto$alumacc.cc:548:replace_alu$3542
  creating $alu cell for $neg$../flattened_rtl/noc_router.sv:77$1309: $auto$alumacc.cc:548:replace_alu$3545
  created 5 $alu and 4 $macc cells.
Extracting $alu and $macc cells in module $paramod\noc_router\ROUTER_X=s2'01\ROUTER_Y=s2'11:
  creating $macc model for $add$../flattened_rtl/noc_router.sv:90$1244 ($add).
  creating $macc model for $mul$../flattened_rtl/noc_router.sv:90$1243 ($mul).
  creating $macc model for $add$../flattened_rtl/noc_router.sv:90$1238 ($add).
  creating $macc model for $mul$../flattened_rtl/noc_router.sv:90$1237 ($mul).
  creating $macc model for $add$../flattened_rtl/noc_router.sv:90$1232 ($add).
  creating $macc model for $mul$../flattened_rtl/noc_router.sv:90$1231 ($mul).
  creating $macc model for $neg$../flattened_rtl/noc_router.sv:77$1219 ($neg).
  creating $macc model for $neg$../flattened_rtl/noc_router.sv:77$1208 ($neg).
  creating $macc model for $neg$../flattened_rtl/noc_router.sv:77$1197 ($neg).
  creating $macc model for $add$../flattened_rtl/noc_router.sv:90$1250 ($add).
  creating $macc model for $neg$../flattened_rtl/noc_router.sv:77$1186 ($neg).
  creating $macc model for $mul$../flattened_rtl/noc_router.sv:90$1249 ($mul).
  creating $macc model for $auto$peepopt_pm.h:1040:block_9$3356 ($neg).
  merging $macc model for $mul$../flattened_rtl/noc_router.sv:90$1249 into $add$../flattened_rtl/noc_router.sv:90$1250.
  merging $macc model for $mul$../flattened_rtl/noc_router.sv:90$1231 into $add$../flattened_rtl/noc_router.sv:90$1232.
  merging $macc model for $mul$../flattened_rtl/noc_router.sv:90$1237 into $add$../flattened_rtl/noc_router.sv:90$1238.
  merging $macc model for $mul$../flattened_rtl/noc_router.sv:90$1243 into $add$../flattened_rtl/noc_router.sv:90$1244.
  creating $alu model for $macc $neg$../flattened_rtl/noc_router.sv:77$1197.
  creating $alu model for $macc $neg$../flattened_rtl/noc_router.sv:77$1208.
  creating $alu model for $macc $neg$../flattened_rtl/noc_router.sv:77$1219.
  creating $alu model for $macc $neg$../flattened_rtl/noc_router.sv:77$1186.
  creating $alu model for $macc $auto$peepopt_pm.h:1040:block_9$3356.
  creating $macc cell for $add$../flattened_rtl/noc_router.sv:90$1250: $auto$alumacc.cc:399:replace_macc$3548
  creating $macc cell for $add$../flattened_rtl/noc_router.sv:90$1238: $auto$alumacc.cc:399:replace_macc$3549
  creating $macc cell for $add$../flattened_rtl/noc_router.sv:90$1232: $auto$alumacc.cc:399:replace_macc$3550
  creating $macc cell for $add$../flattened_rtl/noc_router.sv:90$1244: $auto$alumacc.cc:399:replace_macc$3551
  creating $alu cell for $auto$peepopt_pm.h:1040:block_9$3356: $auto$alumacc.cc:548:replace_alu$3552
  creating $alu cell for $neg$../flattened_rtl/noc_router.sv:77$1186: $auto$alumacc.cc:548:replace_alu$3555
  creating $alu cell for $neg$../flattened_rtl/noc_router.sv:77$1219: $auto$alumacc.cc:548:replace_alu$3558
  creating $alu cell for $neg$../flattened_rtl/noc_router.sv:77$1208: $auto$alumacc.cc:548:replace_alu$3561
  creating $alu cell for $neg$../flattened_rtl/noc_router.sv:77$1197: $auto$alumacc.cc:548:replace_alu$3564
  created 5 $alu and 4 $macc cells.
Extracting $alu and $macc cells in module $paramod\noc_router\ROUTER_X=s2'10\ROUTER_Y=s2'00:
  creating $macc model for $add$../flattened_rtl/noc_router.sv:90$1132 ($add).
  creating $macc model for $mul$../flattened_rtl/noc_router.sv:90$1131 ($mul).
  creating $macc model for $add$../flattened_rtl/noc_router.sv:90$1126 ($add).
  creating $macc model for $mul$../flattened_rtl/noc_router.sv:90$1125 ($mul).
  creating $macc model for $add$../flattened_rtl/noc_router.sv:90$1120 ($add).
  creating $macc model for $mul$../flattened_rtl/noc_router.sv:90$1119 ($mul).
  creating $macc model for $neg$../flattened_rtl/noc_router.sv:77$1107 ($neg).
  creating $macc model for $neg$../flattened_rtl/noc_router.sv:77$1096 ($neg).
  creating $macc model for $neg$../flattened_rtl/noc_router.sv:77$1085 ($neg).
  creating $macc model for $add$../flattened_rtl/noc_router.sv:90$1138 ($add).
  creating $macc model for $neg$../flattened_rtl/noc_router.sv:77$1074 ($neg).
  creating $macc model for $mul$../flattened_rtl/noc_router.sv:90$1137 ($mul).
  creating $macc model for $auto$peepopt_pm.h:1040:block_9$3364 ($neg).
  merging $macc model for $mul$../flattened_rtl/noc_router.sv:90$1137 into $add$../flattened_rtl/noc_router.sv:90$1138.
  merging $macc model for $mul$../flattened_rtl/noc_router.sv:90$1119 into $add$../flattened_rtl/noc_router.sv:90$1120.
  merging $macc model for $mul$../flattened_rtl/noc_router.sv:90$1125 into $add$../flattened_rtl/noc_router.sv:90$1126.
  merging $macc model for $mul$../flattened_rtl/noc_router.sv:90$1131 into $add$../flattened_rtl/noc_router.sv:90$1132.
  creating $alu model for $macc $neg$../flattened_rtl/noc_router.sv:77$1085.
  creating $alu model for $macc $neg$../flattened_rtl/noc_router.sv:77$1096.
  creating $alu model for $macc $neg$../flattened_rtl/noc_router.sv:77$1107.
  creating $alu model for $macc $neg$../flattened_rtl/noc_router.sv:77$1074.
  creating $alu model for $macc $auto$peepopt_pm.h:1040:block_9$3364.
  creating $macc cell for $add$../flattened_rtl/noc_router.sv:90$1138: $auto$alumacc.cc:399:replace_macc$3567
  creating $macc cell for $add$../flattened_rtl/noc_router.sv:90$1126: $auto$alumacc.cc:399:replace_macc$3568
  creating $macc cell for $add$../flattened_rtl/noc_router.sv:90$1120: $auto$alumacc.cc:399:replace_macc$3569
  creating $macc cell for $add$../flattened_rtl/noc_router.sv:90$1132: $auto$alumacc.cc:399:replace_macc$3570
  creating $alu cell for $auto$peepopt_pm.h:1040:block_9$3364: $auto$alumacc.cc:548:replace_alu$3571
  creating $alu cell for $neg$../flattened_rtl/noc_router.sv:77$1074: $auto$alumacc.cc:548:replace_alu$3574
  creating $alu cell for $neg$../flattened_rtl/noc_router.sv:77$1107: $auto$alumacc.cc:548:replace_alu$3577
  creating $alu cell for $neg$../flattened_rtl/noc_router.sv:77$1096: $auto$alumacc.cc:548:replace_alu$3580
  creating $alu cell for $neg$../flattened_rtl/noc_router.sv:77$1085: $auto$alumacc.cc:548:replace_alu$3583
  created 5 $alu and 4 $macc cells.
Extracting $alu and $macc cells in module $paramod\noc_router\ROUTER_X=s2'10\ROUTER_Y=s2'01:
  creating $macc model for $add$../flattened_rtl/noc_router.sv:90$1020 ($add).
  creating $macc model for $mul$../flattened_rtl/noc_router.sv:90$1019 ($mul).
  creating $macc model for $add$../flattened_rtl/noc_router.sv:90$1014 ($add).
  creating $macc model for $mul$../flattened_rtl/noc_router.sv:90$1013 ($mul).
  creating $macc model for $add$../flattened_rtl/noc_router.sv:90$1008 ($add).
  creating $macc model for $mul$../flattened_rtl/noc_router.sv:90$1007 ($mul).
  creating $macc model for $neg$../flattened_rtl/noc_router.sv:77$995 ($neg).
  creating $macc model for $neg$../flattened_rtl/noc_router.sv:77$984 ($neg).
  creating $macc model for $neg$../flattened_rtl/noc_router.sv:77$973 ($neg).
  creating $macc model for $add$../flattened_rtl/noc_router.sv:90$1026 ($add).
  creating $macc model for $neg$../flattened_rtl/noc_router.sv:77$962 ($neg).
  creating $macc model for $mul$../flattened_rtl/noc_router.sv:90$1025 ($mul).
  creating $macc model for $auto$peepopt_pm.h:1040:block_9$3372 ($neg).
  merging $macc model for $mul$../flattened_rtl/noc_router.sv:90$1025 into $add$../flattened_rtl/noc_router.sv:90$1026.
  merging $macc model for $mul$../flattened_rtl/noc_router.sv:90$1007 into $add$../flattened_rtl/noc_router.sv:90$1008.
  merging $macc model for $mul$../flattened_rtl/noc_router.sv:90$1013 into $add$../flattened_rtl/noc_router.sv:90$1014.
  merging $macc model for $mul$../flattened_rtl/noc_router.sv:90$1019 into $add$../flattened_rtl/noc_router.sv:90$1020.
  creating $alu model for $macc $neg$../flattened_rtl/noc_router.sv:77$973.
  creating $alu model for $macc $neg$../flattened_rtl/noc_router.sv:77$984.
  creating $alu model for $macc $neg$../flattened_rtl/noc_router.sv:77$995.
  creating $alu model for $macc $neg$../flattened_rtl/noc_router.sv:77$962.
  creating $alu model for $macc $auto$peepopt_pm.h:1040:block_9$3372.
  creating $macc cell for $add$../flattened_rtl/noc_router.sv:90$1026: $auto$alumacc.cc:399:replace_macc$3586
  creating $macc cell for $add$../flattened_rtl/noc_router.sv:90$1014: $auto$alumacc.cc:399:replace_macc$3587
  creating $macc cell for $add$../flattened_rtl/noc_router.sv:90$1008: $auto$alumacc.cc:399:replace_macc$3588
  creating $macc cell for $add$../flattened_rtl/noc_router.sv:90$1020: $auto$alumacc.cc:399:replace_macc$3589
  creating $alu cell for $auto$peepopt_pm.h:1040:block_9$3372: $auto$alumacc.cc:548:replace_alu$3590
  creating $alu cell for $neg$../flattened_rtl/noc_router.sv:77$962: $auto$alumacc.cc:548:replace_alu$3593
  creating $alu cell for $neg$../flattened_rtl/noc_router.sv:77$995: $auto$alumacc.cc:548:replace_alu$3596
  creating $alu cell for $neg$../flattened_rtl/noc_router.sv:77$984: $auto$alumacc.cc:548:replace_alu$3599
  creating $alu cell for $neg$../flattened_rtl/noc_router.sv:77$973: $auto$alumacc.cc:548:replace_alu$3602
  created 5 $alu and 4 $macc cells.
Extracting $alu and $macc cells in module $paramod\noc_router\ROUTER_X=s2'10\ROUTER_Y=s2'10:
  creating $macc model for $add$../flattened_rtl/noc_router.sv:90$908 ($add).
  creating $macc model for $mul$../flattened_rtl/noc_router.sv:90$907 ($mul).
  creating $macc model for $add$../flattened_rtl/noc_router.sv:90$902 ($add).
  creating $macc model for $mul$../flattened_rtl/noc_router.sv:90$901 ($mul).
  creating $macc model for $add$../flattened_rtl/noc_router.sv:90$896 ($add).
  creating $macc model for $mul$../flattened_rtl/noc_router.sv:90$895 ($mul).
  creating $macc model for $neg$../flattened_rtl/noc_router.sv:77$883 ($neg).
  creating $macc model for $neg$../flattened_rtl/noc_router.sv:77$872 ($neg).
  creating $macc model for $neg$../flattened_rtl/noc_router.sv:77$861 ($neg).
  creating $macc model for $add$../flattened_rtl/noc_router.sv:90$914 ($add).
  creating $macc model for $neg$../flattened_rtl/noc_router.sv:77$850 ($neg).
  creating $macc model for $mul$../flattened_rtl/noc_router.sv:90$913 ($mul).
  creating $macc model for $auto$peepopt_pm.h:1040:block_9$3380 ($neg).
  merging $macc model for $mul$../flattened_rtl/noc_router.sv:90$913 into $add$../flattened_rtl/noc_router.sv:90$914.
  merging $macc model for $mul$../flattened_rtl/noc_router.sv:90$895 into $add$../flattened_rtl/noc_router.sv:90$896.
  merging $macc model for $mul$../flattened_rtl/noc_router.sv:90$901 into $add$../flattened_rtl/noc_router.sv:90$902.
  merging $macc model for $mul$../flattened_rtl/noc_router.sv:90$907 into $add$../flattened_rtl/noc_router.sv:90$908.
  creating $alu model for $macc $neg$../flattened_rtl/noc_router.sv:77$861.
  creating $alu model for $macc $neg$../flattened_rtl/noc_router.sv:77$872.
  creating $alu model for $macc $neg$../flattened_rtl/noc_router.sv:77$883.
  creating $alu model for $macc $neg$../flattened_rtl/noc_router.sv:77$850.
  creating $alu model for $macc $auto$peepopt_pm.h:1040:block_9$3380.
  creating $macc cell for $add$../flattened_rtl/noc_router.sv:90$914: $auto$alumacc.cc:399:replace_macc$3605
  creating $macc cell for $add$../flattened_rtl/noc_router.sv:90$902: $auto$alumacc.cc:399:replace_macc$3606
  creating $macc cell for $add$../flattened_rtl/noc_router.sv:90$896: $auto$alumacc.cc:399:replace_macc$3607
  creating $macc cell for $add$../flattened_rtl/noc_router.sv:90$908: $auto$alumacc.cc:399:replace_macc$3608
  creating $alu cell for $auto$peepopt_pm.h:1040:block_9$3380: $auto$alumacc.cc:548:replace_alu$3609
  creating $alu cell for $neg$../flattened_rtl/noc_router.sv:77$850: $auto$alumacc.cc:548:replace_alu$3612
  creating $alu cell for $neg$../flattened_rtl/noc_router.sv:77$883: $auto$alumacc.cc:548:replace_alu$3615
  creating $alu cell for $neg$../flattened_rtl/noc_router.sv:77$872: $auto$alumacc.cc:548:replace_alu$3618
  creating $alu cell for $neg$../flattened_rtl/noc_router.sv:77$861: $auto$alumacc.cc:548:replace_alu$3621
  created 5 $alu and 4 $macc cells.
Extracting $alu and $macc cells in module $paramod\noc_router\ROUTER_X=s2'10\ROUTER_Y=s2'11:
  creating $macc model for $add$../flattened_rtl/noc_router.sv:90$796 ($add).
  creating $macc model for $mul$../flattened_rtl/noc_router.sv:90$795 ($mul).
  creating $macc model for $add$../flattened_rtl/noc_router.sv:90$790 ($add).
  creating $macc model for $mul$../flattened_rtl/noc_router.sv:90$789 ($mul).
  creating $macc model for $add$../flattened_rtl/noc_router.sv:90$784 ($add).
  creating $macc model for $mul$../flattened_rtl/noc_router.sv:90$783 ($mul).
  creating $macc model for $neg$../flattened_rtl/noc_router.sv:77$771 ($neg).
  creating $macc model for $neg$../flattened_rtl/noc_router.sv:77$760 ($neg).
  creating $macc model for $neg$../flattened_rtl/noc_router.sv:77$749 ($neg).
  creating $macc model for $add$../flattened_rtl/noc_router.sv:90$802 ($add).
  creating $macc model for $neg$../flattened_rtl/noc_router.sv:77$738 ($neg).
  creating $macc model for $mul$../flattened_rtl/noc_router.sv:90$801 ($mul).
  creating $macc model for $auto$peepopt_pm.h:1040:block_9$3388 ($neg).
  merging $macc model for $mul$../flattened_rtl/noc_router.sv:90$801 into $add$../flattened_rtl/noc_router.sv:90$802.
  merging $macc model for $mul$../flattened_rtl/noc_router.sv:90$783 into $add$../flattened_rtl/noc_router.sv:90$784.
  merging $macc model for $mul$../flattened_rtl/noc_router.sv:90$789 into $add$../flattened_rtl/noc_router.sv:90$790.
  merging $macc model for $mul$../flattened_rtl/noc_router.sv:90$795 into $add$../flattened_rtl/noc_router.sv:90$796.
  creating $alu model for $macc $neg$../flattened_rtl/noc_router.sv:77$749.
  creating $alu model for $macc $neg$../flattened_rtl/noc_router.sv:77$760.
  creating $alu model for $macc $neg$../flattened_rtl/noc_router.sv:77$771.
  creating $alu model for $macc $neg$../flattened_rtl/noc_router.sv:77$738.
  creating $alu model for $macc $auto$peepopt_pm.h:1040:block_9$3388.
  creating $macc cell for $add$../flattened_rtl/noc_router.sv:90$802: $auto$alumacc.cc:399:replace_macc$3624
  creating $macc cell for $add$../flattened_rtl/noc_router.sv:90$790: $auto$alumacc.cc:399:replace_macc$3625
  creating $macc cell for $add$../flattened_rtl/noc_router.sv:90$784: $auto$alumacc.cc:399:replace_macc$3626
  creating $macc cell for $add$../flattened_rtl/noc_router.sv:90$796: $auto$alumacc.cc:399:replace_macc$3627
  creating $alu cell for $auto$peepopt_pm.h:1040:block_9$3388: $auto$alumacc.cc:548:replace_alu$3628
  creating $alu cell for $neg$../flattened_rtl/noc_router.sv:77$738: $auto$alumacc.cc:548:replace_alu$3631
  creating $alu cell for $neg$../flattened_rtl/noc_router.sv:77$771: $auto$alumacc.cc:548:replace_alu$3634
  creating $alu cell for $neg$../flattened_rtl/noc_router.sv:77$760: $auto$alumacc.cc:548:replace_alu$3637
  creating $alu cell for $neg$../flattened_rtl/noc_router.sv:77$749: $auto$alumacc.cc:548:replace_alu$3640
  created 5 $alu and 4 $macc cells.
Extracting $alu and $macc cells in module $paramod\noc_router\ROUTER_X=s2'11\ROUTER_Y=s2'00:
  creating $macc model for $add$../flattened_rtl/noc_router.sv:90$684 ($add).
  creating $macc model for $mul$../flattened_rtl/noc_router.sv:90$683 ($mul).
  creating $macc model for $add$../flattened_rtl/noc_router.sv:90$678 ($add).
  creating $macc model for $mul$../flattened_rtl/noc_router.sv:90$677 ($mul).
  creating $macc model for $add$../flattened_rtl/noc_router.sv:90$672 ($add).
  creating $macc model for $mul$../flattened_rtl/noc_router.sv:90$671 ($mul).
  creating $macc model for $neg$../flattened_rtl/noc_router.sv:77$659 ($neg).
  creating $macc model for $neg$../flattened_rtl/noc_router.sv:77$648 ($neg).
  creating $macc model for $neg$../flattened_rtl/noc_router.sv:77$637 ($neg).
  creating $macc model for $add$../flattened_rtl/noc_router.sv:90$690 ($add).
  creating $macc model for $neg$../flattened_rtl/noc_router.sv:77$626 ($neg).
  creating $macc model for $mul$../flattened_rtl/noc_router.sv:90$689 ($mul).
  creating $macc model for $auto$peepopt_pm.h:1040:block_9$3396 ($neg).
  merging $macc model for $mul$../flattened_rtl/noc_router.sv:90$689 into $add$../flattened_rtl/noc_router.sv:90$690.
  merging $macc model for $mul$../flattened_rtl/noc_router.sv:90$671 into $add$../flattened_rtl/noc_router.sv:90$672.
  merging $macc model for $mul$../flattened_rtl/noc_router.sv:90$677 into $add$../flattened_rtl/noc_router.sv:90$678.
  merging $macc model for $mul$../flattened_rtl/noc_router.sv:90$683 into $add$../flattened_rtl/noc_router.sv:90$684.
  creating $alu model for $macc $neg$../flattened_rtl/noc_router.sv:77$637.
  creating $alu model for $macc $neg$../flattened_rtl/noc_router.sv:77$648.
  creating $alu model for $macc $neg$../flattened_rtl/noc_router.sv:77$659.
  creating $alu model for $macc $neg$../flattened_rtl/noc_router.sv:77$626.
  creating $alu model for $macc $auto$peepopt_pm.h:1040:block_9$3396.
  creating $macc cell for $add$../flattened_rtl/noc_router.sv:90$690: $auto$alumacc.cc:399:replace_macc$3643
  creating $macc cell for $add$../flattened_rtl/noc_router.sv:90$678: $auto$alumacc.cc:399:replace_macc$3644
  creating $macc cell for $add$../flattened_rtl/noc_router.sv:90$672: $auto$alumacc.cc:399:replace_macc$3645
  creating $macc cell for $add$../flattened_rtl/noc_router.sv:90$684: $auto$alumacc.cc:399:replace_macc$3646
  creating $alu cell for $auto$peepopt_pm.h:1040:block_9$3396: $auto$alumacc.cc:548:replace_alu$3647
  creating $alu cell for $neg$../flattened_rtl/noc_router.sv:77$626: $auto$alumacc.cc:548:replace_alu$3650
  creating $alu cell for $neg$../flattened_rtl/noc_router.sv:77$659: $auto$alumacc.cc:548:replace_alu$3653
  creating $alu cell for $neg$../flattened_rtl/noc_router.sv:77$648: $auto$alumacc.cc:548:replace_alu$3656
  creating $alu cell for $neg$../flattened_rtl/noc_router.sv:77$637: $auto$alumacc.cc:548:replace_alu$3659
  created 5 $alu and 4 $macc cells.
Extracting $alu and $macc cells in module $paramod\noc_router\ROUTER_X=s2'11\ROUTER_Y=s2'01:
  creating $macc model for $add$../flattened_rtl/noc_router.sv:90$572 ($add).
  creating $macc model for $mul$../flattened_rtl/noc_router.sv:90$571 ($mul).
  creating $macc model for $add$../flattened_rtl/noc_router.sv:90$566 ($add).
  creating $macc model for $mul$../flattened_rtl/noc_router.sv:90$565 ($mul).
  creating $macc model for $add$../flattened_rtl/noc_router.sv:90$560 ($add).
  creating $macc model for $mul$../flattened_rtl/noc_router.sv:90$559 ($mul).
  creating $macc model for $neg$../flattened_rtl/noc_router.sv:77$547 ($neg).
  creating $macc model for $neg$../flattened_rtl/noc_router.sv:77$536 ($neg).
  creating $macc model for $neg$../flattened_rtl/noc_router.sv:77$525 ($neg).
  creating $macc model for $add$../flattened_rtl/noc_router.sv:90$578 ($add).
  creating $macc model for $neg$../flattened_rtl/noc_router.sv:77$514 ($neg).
  creating $macc model for $mul$../flattened_rtl/noc_router.sv:90$577 ($mul).
  creating $macc model for $auto$peepopt_pm.h:1040:block_9$3404 ($neg).
  merging $macc model for $mul$../flattened_rtl/noc_router.sv:90$577 into $add$../flattened_rtl/noc_router.sv:90$578.
  merging $macc model for $mul$../flattened_rtl/noc_router.sv:90$559 into $add$../flattened_rtl/noc_router.sv:90$560.
  merging $macc model for $mul$../flattened_rtl/noc_router.sv:90$565 into $add$../flattened_rtl/noc_router.sv:90$566.
  merging $macc model for $mul$../flattened_rtl/noc_router.sv:90$571 into $add$../flattened_rtl/noc_router.sv:90$572.
  creating $alu model for $macc $neg$../flattened_rtl/noc_router.sv:77$525.
  creating $alu model for $macc $neg$../flattened_rtl/noc_router.sv:77$536.
  creating $alu model for $macc $neg$../flattened_rtl/noc_router.sv:77$547.
  creating $alu model for $macc $neg$../flattened_rtl/noc_router.sv:77$514.
  creating $alu model for $macc $auto$peepopt_pm.h:1040:block_9$3404.
  creating $macc cell for $add$../flattened_rtl/noc_router.sv:90$578: $auto$alumacc.cc:399:replace_macc$3662
  creating $macc cell for $add$../flattened_rtl/noc_router.sv:90$566: $auto$alumacc.cc:399:replace_macc$3663
  creating $macc cell for $add$../flattened_rtl/noc_router.sv:90$560: $auto$alumacc.cc:399:replace_macc$3664
  creating $macc cell for $add$../flattened_rtl/noc_router.sv:90$572: $auto$alumacc.cc:399:replace_macc$3665
  creating $alu cell for $auto$peepopt_pm.h:1040:block_9$3404: $auto$alumacc.cc:548:replace_alu$3666
  creating $alu cell for $neg$../flattened_rtl/noc_router.sv:77$514: $auto$alumacc.cc:548:replace_alu$3669
  creating $alu cell for $neg$../flattened_rtl/noc_router.sv:77$547: $auto$alumacc.cc:548:replace_alu$3672
  creating $alu cell for $neg$../flattened_rtl/noc_router.sv:77$536: $auto$alumacc.cc:548:replace_alu$3675
  creating $alu cell for $neg$../flattened_rtl/noc_router.sv:77$525: $auto$alumacc.cc:548:replace_alu$3678
  created 5 $alu and 4 $macc cells.
Extracting $alu and $macc cells in module $paramod\noc_router\ROUTER_X=s2'11\ROUTER_Y=s2'10:
  creating $macc model for $add$../flattened_rtl/noc_router.sv:90$460 ($add).
  creating $macc model for $mul$../flattened_rtl/noc_router.sv:90$459 ($mul).
  creating $macc model for $add$../flattened_rtl/noc_router.sv:90$454 ($add).
  creating $macc model for $mul$../flattened_rtl/noc_router.sv:90$453 ($mul).
  creating $macc model for $add$../flattened_rtl/noc_router.sv:90$448 ($add).
  creating $macc model for $mul$../flattened_rtl/noc_router.sv:90$447 ($mul).
  creating $macc model for $neg$../flattened_rtl/noc_router.sv:77$435 ($neg).
  creating $macc model for $neg$../flattened_rtl/noc_router.sv:77$424 ($neg).
  creating $macc model for $neg$../flattened_rtl/noc_router.sv:77$413 ($neg).
  creating $macc model for $add$../flattened_rtl/noc_router.sv:90$466 ($add).
  creating $macc model for $neg$../flattened_rtl/noc_router.sv:77$402 ($neg).
  creating $macc model for $mul$../flattened_rtl/noc_router.sv:90$465 ($mul).
  creating $macc model for $auto$peepopt_pm.h:1040:block_9$3412 ($neg).
  merging $macc model for $mul$../flattened_rtl/noc_router.sv:90$465 into $add$../flattened_rtl/noc_router.sv:90$466.
  merging $macc model for $mul$../flattened_rtl/noc_router.sv:90$447 into $add$../flattened_rtl/noc_router.sv:90$448.
  merging $macc model for $mul$../flattened_rtl/noc_router.sv:90$453 into $add$../flattened_rtl/noc_router.sv:90$454.
  merging $macc model for $mul$../flattened_rtl/noc_router.sv:90$459 into $add$../flattened_rtl/noc_router.sv:90$460.
  creating $alu model for $macc $neg$../flattened_rtl/noc_router.sv:77$413.
  creating $alu model for $macc $neg$../flattened_rtl/noc_router.sv:77$424.
  creating $alu model for $macc $neg$../flattened_rtl/noc_router.sv:77$435.
  creating $alu model for $macc $neg$../flattened_rtl/noc_router.sv:77$402.
  creating $alu model for $macc $auto$peepopt_pm.h:1040:block_9$3412.
  creating $macc cell for $add$../flattened_rtl/noc_router.sv:90$466: $auto$alumacc.cc:399:replace_macc$3681
  creating $macc cell for $add$../flattened_rtl/noc_router.sv:90$454: $auto$alumacc.cc:399:replace_macc$3682
  creating $macc cell for $add$../flattened_rtl/noc_router.sv:90$448: $auto$alumacc.cc:399:replace_macc$3683
  creating $macc cell for $add$../flattened_rtl/noc_router.sv:90$460: $auto$alumacc.cc:399:replace_macc$3684
  creating $alu cell for $auto$peepopt_pm.h:1040:block_9$3412: $auto$alumacc.cc:548:replace_alu$3685
  creating $alu cell for $neg$../flattened_rtl/noc_router.sv:77$402: $auto$alumacc.cc:548:replace_alu$3688
  creating $alu cell for $neg$../flattened_rtl/noc_router.sv:77$435: $auto$alumacc.cc:548:replace_alu$3691
  creating $alu cell for $neg$../flattened_rtl/noc_router.sv:77$424: $auto$alumacc.cc:548:replace_alu$3694
  creating $alu cell for $neg$../flattened_rtl/noc_router.sv:77$413: $auto$alumacc.cc:548:replace_alu$3697
  created 5 $alu and 4 $macc cells.
Extracting $alu and $macc cells in module $paramod\noc_router\ROUTER_X=s2'11\ROUTER_Y=s2'11:
  creating $macc model for $add$../flattened_rtl/noc_router.sv:90$348 ($add).
  creating $macc model for $mul$../flattened_rtl/noc_router.sv:90$347 ($mul).
  creating $macc model for $add$../flattened_rtl/noc_router.sv:90$342 ($add).
  creating $macc model for $mul$../flattened_rtl/noc_router.sv:90$341 ($mul).
  creating $macc model for $add$../flattened_rtl/noc_router.sv:90$336 ($add).
  creating $macc model for $mul$../flattened_rtl/noc_router.sv:90$335 ($mul).
  creating $macc model for $neg$../flattened_rtl/noc_router.sv:77$323 ($neg).
  creating $macc model for $neg$../flattened_rtl/noc_router.sv:77$312 ($neg).
  creating $macc model for $neg$../flattened_rtl/noc_router.sv:77$301 ($neg).
  creating $macc model for $add$../flattened_rtl/noc_router.sv:90$354 ($add).
  creating $macc model for $neg$../flattened_rtl/noc_router.sv:77$290 ($neg).
  creating $macc model for $mul$../flattened_rtl/noc_router.sv:90$353 ($mul).
  creating $macc model for $auto$peepopt_pm.h:1040:block_9$3420 ($neg).
  merging $macc model for $mul$../flattened_rtl/noc_router.sv:90$353 into $add$../flattened_rtl/noc_router.sv:90$354.
  merging $macc model for $mul$../flattened_rtl/noc_router.sv:90$335 into $add$../flattened_rtl/noc_router.sv:90$336.
  merging $macc model for $mul$../flattened_rtl/noc_router.sv:90$341 into $add$../flattened_rtl/noc_router.sv:90$342.
  merging $macc model for $mul$../flattened_rtl/noc_router.sv:90$347 into $add$../flattened_rtl/noc_router.sv:90$348.
  creating $alu model for $macc $neg$../flattened_rtl/noc_router.sv:77$301.
  creating $alu model for $macc $neg$../flattened_rtl/noc_router.sv:77$312.
  creating $alu model for $macc $neg$../flattened_rtl/noc_router.sv:77$323.
  creating $alu model for $macc $neg$../flattened_rtl/noc_router.sv:77$290.
  creating $alu model for $macc $auto$peepopt_pm.h:1040:block_9$3420.
  creating $macc cell for $add$../flattened_rtl/noc_router.sv:90$354: $auto$alumacc.cc:399:replace_macc$3700
  creating $macc cell for $add$../flattened_rtl/noc_router.sv:90$342: $auto$alumacc.cc:399:replace_macc$3701
  creating $macc cell for $add$../flattened_rtl/noc_router.sv:90$336: $auto$alumacc.cc:399:replace_macc$3702
  creating $macc cell for $add$../flattened_rtl/noc_router.sv:90$348: $auto$alumacc.cc:399:replace_macc$3703
  creating $alu cell for $auto$peepopt_pm.h:1040:block_9$3420: $auto$alumacc.cc:548:replace_alu$3704
  creating $alu cell for $neg$../flattened_rtl/noc_router.sv:77$290: $auto$alumacc.cc:548:replace_alu$3707
  creating $alu cell for $neg$../flattened_rtl/noc_router.sv:77$323: $auto$alumacc.cc:548:replace_alu$3710
  creating $alu cell for $neg$../flattened_rtl/noc_router.sv:77$312: $auto$alumacc.cc:548:replace_alu$3713
  creating $alu cell for $neg$../flattened_rtl/noc_router.sv:77$301: $auto$alumacc.cc:548:replace_alu$3716
  created 5 $alu and 4 $macc cells.
Extracting $alu and $macc cells in module noc_mesh:
  created 0 $alu and 0 $macc cells.
Extracting $alu and $macc cells in module $paramod\noc_router\ROUTER_X=s2'00\ROUTER_Y=s2'00:
  creating $macc model for $add$../flattened_rtl/noc_router.sv:90$2028 ($add).
  creating $macc model for $mul$../flattened_rtl/noc_router.sv:90$2027 ($mul).
  creating $macc model for $add$../flattened_rtl/noc_router.sv:90$2022 ($add).
  creating $macc model for $mul$../flattened_rtl/noc_router.sv:90$2021 ($mul).
  creating $macc model for $add$../flattened_rtl/noc_router.sv:90$2016 ($add).
  creating $macc model for $mul$../flattened_rtl/noc_router.sv:90$2015 ($mul).
  creating $macc model for $neg$../flattened_rtl/noc_router.sv:77$2003 ($neg).
  creating $macc model for $neg$../flattened_rtl/noc_router.sv:77$1992 ($neg).
  creating $macc model for $neg$../flattened_rtl/noc_router.sv:77$1981 ($neg).
  creating $macc model for $add$../flattened_rtl/noc_router.sv:90$2034 ($add).
  creating $macc model for $neg$../flattened_rtl/noc_router.sv:77$1970 ($neg).
  creating $macc model for $mul$../flattened_rtl/noc_router.sv:90$2033 ($mul).
  creating $macc model for $auto$peepopt_pm.h:1040:block_9$3428 ($neg).
  merging $macc model for $mul$../flattened_rtl/noc_router.sv:90$2033 into $add$../flattened_rtl/noc_router.sv:90$2034.
  merging $macc model for $mul$../flattened_rtl/noc_router.sv:90$2015 into $add$../flattened_rtl/noc_router.sv:90$2016.
  merging $macc model for $mul$../flattened_rtl/noc_router.sv:90$2021 into $add$../flattened_rtl/noc_router.sv:90$2022.
  merging $macc model for $mul$../flattened_rtl/noc_router.sv:90$2027 into $add$../flattened_rtl/noc_router.sv:90$2028.
  creating $alu model for $macc $neg$../flattened_rtl/noc_router.sv:77$1981.
  creating $alu model for $macc $neg$../flattened_rtl/noc_router.sv:77$1992.
  creating $alu model for $macc $neg$../flattened_rtl/noc_router.sv:77$2003.
  creating $alu model for $macc $neg$../flattened_rtl/noc_router.sv:77$1970.
  creating $alu model for $macc $auto$peepopt_pm.h:1040:block_9$3428.
  creating $macc cell for $add$../flattened_rtl/noc_router.sv:90$2034: $auto$alumacc.cc:399:replace_macc$3719
  creating $macc cell for $add$../flattened_rtl/noc_router.sv:90$2022: $auto$alumacc.cc:399:replace_macc$3720
  creating $macc cell for $add$../flattened_rtl/noc_router.sv:90$2016: $auto$alumacc.cc:399:replace_macc$3721
  creating $macc cell for $add$../flattened_rtl/noc_router.sv:90$2028: $auto$alumacc.cc:399:replace_macc$3722
  creating $alu cell for $auto$peepopt_pm.h:1040:block_9$3428: $auto$alumacc.cc:548:replace_alu$3723
  creating $alu cell for $neg$../flattened_rtl/noc_router.sv:77$1970: $auto$alumacc.cc:548:replace_alu$3726
  creating $alu cell for $neg$../flattened_rtl/noc_router.sv:77$2003: $auto$alumacc.cc:548:replace_alu$3729
  creating $alu cell for $neg$../flattened_rtl/noc_router.sv:77$1992: $auto$alumacc.cc:548:replace_alu$3732
  creating $alu cell for $neg$../flattened_rtl/noc_router.sv:77$1981: $auto$alumacc.cc:548:replace_alu$3735
  created 5 $alu and 4 $macc cells.
Extracting $alu and $macc cells in module crossbar_5x5:
  created 0 $alu and 0 $macc cells.
Extracting $alu and $macc cells in module switch_allocator:
  created 0 $alu and 0 $macc cells.
Extracting $alu and $macc cells in module round_robin:
  creating $macc model for $neg$../flattened_rtl/round_robin_arbitration.sv:57$122 ($neg).
  creating $macc model for $sub$../flattened_rtl/round_robin_arbitration.sv:54$113 ($sub).
  creating $macc model for $add$../flattened_rtl/round_robin_arbitration.sv:51$111 ($add).
  creating $macc model for $neg$../flattened_rtl/round_robin_arbitration.sv:57$108 ($neg).
  creating $macc model for $sub$../flattened_rtl/round_robin_arbitration.sv:54$99 ($sub).
  creating $macc model for $add$../flattened_rtl/round_robin_arbitration.sv:51$97 ($add).
  creating $macc model for $neg$../flattened_rtl/round_robin_arbitration.sv:57$94 ($neg).
  creating $macc model for $sub$../flattened_rtl/round_robin_arbitration.sv:54$85 ($sub).
  creating $macc model for $add$../flattened_rtl/round_robin_arbitration.sv:51$83 ($add).
  creating $macc model for $neg$../flattened_rtl/round_robin_arbitration.sv:57$80 ($neg).
  creating $macc model for $sub$../flattened_rtl/round_robin_arbitration.sv:54$71 ($sub).
  creating $macc model for $add$../flattened_rtl/round_robin_arbitration.sv:51$69 ($add).
  creating $macc model for $neg$../flattened_rtl/round_robin_arbitration.sv:57$66 ($neg).
  creating $macc model for $sub$../flattened_rtl/round_robin_arbitration.sv:54$57 ($sub).
  creating $alu model for $macc $sub$../flattened_rtl/round_robin_arbitration.sv:54$57.
  creating $alu model for $macc $add$../flattened_rtl/round_robin_arbitration.sv:51$69.
  creating $alu model for $macc $sub$../flattened_rtl/round_robin_arbitration.sv:54$71.
  creating $alu model for $macc $add$../flattened_rtl/round_robin_arbitration.sv:51$83.
  creating $alu model for $macc $sub$../flattened_rtl/round_robin_arbitration.sv:54$85.
  creating $alu model for $macc $add$../flattened_rtl/round_robin_arbitration.sv:51$97.
  creating $alu model for $macc $sub$../flattened_rtl/round_robin_arbitration.sv:54$99.
  creating $alu model for $macc $add$../flattened_rtl/round_robin_arbitration.sv:51$111.
  creating $alu model for $macc $sub$../flattened_rtl/round_robin_arbitration.sv:54$113.
  creating $macc cell for $neg$../flattened_rtl/round_robin_arbitration.sv:57$94: $auto$alumacc.cc:399:replace_macc$3738
  creating $macc cell for $neg$../flattened_rtl/round_robin_arbitration.sv:57$108: $auto$alumacc.cc:399:replace_macc$3739
  creating $macc cell for $neg$../flattened_rtl/round_robin_arbitration.sv:57$66: $auto$alumacc.cc:399:replace_macc$3740
  creating $macc cell for $neg$../flattened_rtl/round_robin_arbitration.sv:57$80: $auto$alumacc.cc:399:replace_macc$3741
  creating $macc cell for $neg$../flattened_rtl/round_robin_arbitration.sv:57$122: $auto$alumacc.cc:399:replace_macc$3742
  creating $alu model for $ge$../flattened_rtl/round_robin_arbitration.sv:53$112 ($ge): merged with $sub$../flattened_rtl/round_robin_arbitration.sv:54$113.
  creating $alu model for $ge$../flattened_rtl/round_robin_arbitration.sv:53$98 ($ge): merged with $sub$../flattened_rtl/round_robin_arbitration.sv:54$99.
  creating $alu model for $ge$../flattened_rtl/round_robin_arbitration.sv:53$84 ($ge): merged with $sub$../flattened_rtl/round_robin_arbitration.sv:54$85.
  creating $alu model for $ge$../flattened_rtl/round_robin_arbitration.sv:53$70 ($ge): merged with $sub$../flattened_rtl/round_robin_arbitration.sv:54$71.
  creating $alu model for $ge$../flattened_rtl/round_robin_arbitration.sv:53$56 ($ge): merged with $sub$../flattened_rtl/round_robin_arbitration.sv:54$57.
  creating $alu cell for $sub$../flattened_rtl/round_robin_arbitration.sv:54$113, $ge$../flattened_rtl/round_robin_arbitration.sv:53$112: $auto$alumacc.cc:548:replace_alu$3743
  creating $alu cell for $add$../flattened_rtl/round_robin_arbitration.sv:51$111: $auto$alumacc.cc:548:replace_alu$3756
  creating $alu cell for $sub$../flattened_rtl/round_robin_arbitration.sv:54$99, $ge$../flattened_rtl/round_robin_arbitration.sv:53$98: $auto$alumacc.cc:548:replace_alu$3759
  creating $alu cell for $add$../flattened_rtl/round_robin_arbitration.sv:51$97: $auto$alumacc.cc:548:replace_alu$3772
  creating $alu cell for $sub$../flattened_rtl/round_robin_arbitration.sv:54$85, $ge$../flattened_rtl/round_robin_arbitration.sv:53$84: $auto$alumacc.cc:548:replace_alu$3775
  creating $alu cell for $add$../flattened_rtl/round_robin_arbitration.sv:51$83: $auto$alumacc.cc:548:replace_alu$3788
  creating $alu cell for $sub$../flattened_rtl/round_robin_arbitration.sv:54$71, $ge$../flattened_rtl/round_robin_arbitration.sv:53$70: $auto$alumacc.cc:548:replace_alu$3791
  creating $alu cell for $add$../flattened_rtl/round_robin_arbitration.sv:51$69: $auto$alumacc.cc:548:replace_alu$3804
  creating $alu cell for $sub$../flattened_rtl/round_robin_arbitration.sv:54$57, $ge$../flattened_rtl/round_robin_arbitration.sv:53$56: $auto$alumacc.cc:548:replace_alu$3807
  created 9 $alu and 5 $macc cells.
Extracting $alu and $macc cells in module xy_routing:
  creating $alu model for $lt$../flattened_rtl/xy_routing.sv:31$32 ($lt): new $alu
  creating $alu model for $gt$../flattened_rtl/xy_routing.sv:29$31 ($gt): merged with $lt$../flattened_rtl/xy_routing.sv:31$32.
  creating $alu model for $lt$../flattened_rtl/xy_routing.sv:25$30 ($lt): new $alu
  creating $alu model for $gt$../flattened_rtl/xy_routing.sv:23$29 ($gt): merged with $lt$../flattened_rtl/xy_routing.sv:25$30.
  creating $alu cell for $lt$../flattened_rtl/xy_routing.sv:25$30, $gt$../flattened_rtl/xy_routing.sv:23$29: $auto$alumacc.cc:548:replace_alu$3822
  creating $alu cell for $lt$../flattened_rtl/xy_routing.sv:31$32, $gt$../flattened_rtl/xy_routing.sv:29$31: $auto$alumacc.cc:548:replace_alu$3833
  created 2 $alu and 0 $macc cells.
Extracting $alu and $macc cells in module fifo_buffer:
  creating $macc model for $sub$../flattened_rtl/fifo_buffer.sv:58$24 ($sub).
  creating $macc model for $add$../flattened_rtl/fifo_buffer.sv:57$23 ($add).
  creating $macc model for $add$../flattened_rtl/fifo_buffer.sv:52$18 ($add).
  creating $macc model for $add$../flattened_rtl/fifo_buffer.sv:47$15 ($add).
  creating $alu model for $macc $add$../flattened_rtl/fifo_buffer.sv:47$15.
  creating $alu model for $macc $add$../flattened_rtl/fifo_buffer.sv:52$18.
  creating $alu model for $macc $add$../flattened_rtl/fifo_buffer.sv:57$23.
  creating $alu model for $macc $sub$../flattened_rtl/fifo_buffer.sv:58$24.
  creating $alu cell for $sub$../flattened_rtl/fifo_buffer.sv:58$24: $auto$alumacc.cc:548:replace_alu$3844
  creating $alu cell for $add$../flattened_rtl/fifo_buffer.sv:57$23: $auto$alumacc.cc:548:replace_alu$3847
  creating $alu cell for $add$../flattened_rtl/fifo_buffer.sv:52$18: $auto$alumacc.cc:548:replace_alu$3850
  creating $alu cell for $add$../flattened_rtl/fifo_buffer.sv:47$15: $auto$alumacc.cc:548:replace_alu$3853
  created 4 $alu and 0 $macc cells.

10.13. Executing SHARE pass (SAT-based resource sharing).
Found 4 cells in module $paramod\noc_router\ROUTER_X=s2'00\ROUTER_Y=s2'01 that may be considered for resource sharing.
  Analyzing resource sharing options for $mul$../flattened_rtl/noc_router.sv:90$1921 ($mul):
    Found cell that is never activated: $mul$../flattened_rtl/noc_router.sv:90$1921
    Cell is never active. Sharing is pointless, we simply remove it.
  Analyzing resource sharing options for $mul$../flattened_rtl/noc_router.sv:90$1903 ($mul):
    Found cell that is never activated: $mul$../flattened_rtl/noc_router.sv:90$1903
    Cell is never active. Sharing is pointless, we simply remove it.
  Analyzing resource sharing options for $mul$../flattened_rtl/noc_router.sv:90$1909 ($mul):
    Found cell that is never activated: $mul$../flattened_rtl/noc_router.sv:90$1909
    Cell is never active. Sharing is pointless, we simply remove it.
  Analyzing resource sharing options for $mul$../flattened_rtl/noc_router.sv:90$1915 ($mul):
    Found cell that is never activated: $mul$../flattened_rtl/noc_router.sv:90$1915
    Cell is never active. Sharing is pointless, we simply remove it.
Removing 4 cells in module $paramod\noc_router\ROUTER_X=s2'00\ROUTER_Y=s2'01:
  Removing cell $mul$../flattened_rtl/noc_router.sv:90$1915 ($mul).
  Removing cell $mul$../flattened_rtl/noc_router.sv:90$1909 ($mul).
  Removing cell $mul$../flattened_rtl/noc_router.sv:90$1903 ($mul).
  Removing cell $mul$../flattened_rtl/noc_router.sv:90$1921 ($mul).
Found 4 cells in module $paramod\noc_router\ROUTER_X=s2'00\ROUTER_Y=s2'10 that may be considered for resource sharing.
  Analyzing resource sharing options for $mul$../flattened_rtl/noc_router.sv:90$1809 ($mul):
    Found cell that is never activated: $mul$../flattened_rtl/noc_router.sv:90$1809
    Cell is never active. Sharing is pointless, we simply remove it.
  Analyzing resource sharing options for $mul$../flattened_rtl/noc_router.sv:90$1791 ($mul):
    Found cell that is never activated: $mul$../flattened_rtl/noc_router.sv:90$1791
    Cell is never active. Sharing is pointless, we simply remove it.
  Analyzing resource sharing options for $mul$../flattened_rtl/noc_router.sv:90$1797 ($mul):
    Found cell that is never activated: $mul$../flattened_rtl/noc_router.sv:90$1797
    Cell is never active. Sharing is pointless, we simply remove it.
  Analyzing resource sharing options for $mul$../flattened_rtl/noc_router.sv:90$1803 ($mul):
    Found cell that is never activated: $mul$../flattened_rtl/noc_router.sv:90$1803
    Cell is never active. Sharing is pointless, we simply remove it.
Removing 4 cells in module $paramod\noc_router\ROUTER_X=s2'00\ROUTER_Y=s2'10:
  Removing cell $mul$../flattened_rtl/noc_router.sv:90$1803 ($mul).
  Removing cell $mul$../flattened_rtl/noc_router.sv:90$1797 ($mul).
  Removing cell $mul$../flattened_rtl/noc_router.sv:90$1791 ($mul).
  Removing cell $mul$../flattened_rtl/noc_router.sv:90$1809 ($mul).
Found 4 cells in module $paramod\noc_router\ROUTER_X=s2'00\ROUTER_Y=s2'11 that may be considered for resource sharing.
  Analyzing resource sharing options for $mul$../flattened_rtl/noc_router.sv:90$1697 ($mul):
    Found cell that is never activated: $mul$../flattened_rtl/noc_router.sv:90$1697
    Cell is never active. Sharing is pointless, we simply remove it.
  Analyzing resource sharing options for $mul$../flattened_rtl/noc_router.sv:90$1679 ($mul):
    Found cell that is never activated: $mul$../flattened_rtl/noc_router.sv:90$1679
    Cell is never active. Sharing is pointless, we simply remove it.
  Analyzing resource sharing options for $mul$../flattened_rtl/noc_router.sv:90$1685 ($mul):
    Found cell that is never activated: $mul$../flattened_rtl/noc_router.sv:90$1685
    Cell is never active. Sharing is pointless, we simply remove it.
  Analyzing resource sharing options for $mul$../flattened_rtl/noc_router.sv:90$1691 ($mul):
    Found cell that is never activated: $mul$../flattened_rtl/noc_router.sv:90$1691
    Cell is never active. Sharing is pointless, we simply remove it.
Removing 4 cells in module $paramod\noc_router\ROUTER_X=s2'00\ROUTER_Y=s2'11:
  Removing cell $mul$../flattened_rtl/noc_router.sv:90$1691 ($mul).
  Removing cell $mul$../flattened_rtl/noc_router.sv:90$1685 ($mul).
  Removing cell $mul$../flattened_rtl/noc_router.sv:90$1679 ($mul).
  Removing cell $mul$../flattened_rtl/noc_router.sv:90$1697 ($mul).
Found 4 cells in module $paramod\noc_router\ROUTER_X=s2'01\ROUTER_Y=s2'00 that may be considered for resource sharing.
  Analyzing resource sharing options for $mul$../flattened_rtl/noc_router.sv:90$1585 ($mul):
    Found cell that is never activated: $mul$../flattened_rtl/noc_router.sv:90$1585
    Cell is never active. Sharing is pointless, we simply remove it.
  Analyzing resource sharing options for $mul$../flattened_rtl/noc_router.sv:90$1567 ($mul):
    Found cell that is never activated: $mul$../flattened_rtl/noc_router.sv:90$1567
    Cell is never active. Sharing is pointless, we simply remove it.
  Analyzing resource sharing options for $mul$../flattened_rtl/noc_router.sv:90$1573 ($mul):
    Found cell that is never activated: $mul$../flattened_rtl/noc_router.sv:90$1573
    Cell is never active. Sharing is pointless, we simply remove it.
  Analyzing resource sharing options for $mul$../flattened_rtl/noc_router.sv:90$1579 ($mul):
    Found cell that is never activated: $mul$../flattened_rtl/noc_router.sv:90$1579
    Cell is never active. Sharing is pointless, we simply remove it.
Removing 4 cells in module $paramod\noc_router\ROUTER_X=s2'01\ROUTER_Y=s2'00:
  Removing cell $mul$../flattened_rtl/noc_router.sv:90$1579 ($mul).
  Removing cell $mul$../flattened_rtl/noc_router.sv:90$1573 ($mul).
  Removing cell $mul$../flattened_rtl/noc_router.sv:90$1567 ($mul).
  Removing cell $mul$../flattened_rtl/noc_router.sv:90$1585 ($mul).
Found 4 cells in module $paramod\noc_router\ROUTER_X=s2'01\ROUTER_Y=s2'01 that may be considered for resource sharing.
  Analyzing resource sharing options for $mul$../flattened_rtl/noc_router.sv:90$1473 ($mul):
    Found cell that is never activated: $mul$../flattened_rtl/noc_router.sv:90$1473
    Cell is never active. Sharing is pointless, we simply remove it.
  Analyzing resource sharing options for $mul$../flattened_rtl/noc_router.sv:90$1455 ($mul):
    Found cell that is never activated: $mul$../flattened_rtl/noc_router.sv:90$1455
    Cell is never active. Sharing is pointless, we simply remove it.
  Analyzing resource sharing options for $mul$../flattened_rtl/noc_router.sv:90$1461 ($mul):
    Found cell that is never activated: $mul$../flattened_rtl/noc_router.sv:90$1461
    Cell is never active. Sharing is pointless, we simply remove it.
  Analyzing resource sharing options for $mul$../flattened_rtl/noc_router.sv:90$1467 ($mul):
    Found cell that is never activated: $mul$../flattened_rtl/noc_router.sv:90$1467
    Cell is never active. Sharing is pointless, we simply remove it.
Removing 4 cells in module $paramod\noc_router\ROUTER_X=s2'01\ROUTER_Y=s2'01:
  Removing cell $mul$../flattened_rtl/noc_router.sv:90$1467 ($mul).
  Removing cell $mul$../flattened_rtl/noc_router.sv:90$1461 ($mul).
  Removing cell $mul$../flattened_rtl/noc_router.sv:90$1455 ($mul).
  Removing cell $mul$../flattened_rtl/noc_router.sv:90$1473 ($mul).
Found 4 cells in module $paramod\noc_router\ROUTER_X=s2'01\ROUTER_Y=s2'10 that may be considered for resource sharing.
  Analyzing resource sharing options for $mul$../flattened_rtl/noc_router.sv:90$1361 ($mul):
    Found cell that is never activated: $mul$../flattened_rtl/noc_router.sv:90$1361
    Cell is never active. Sharing is pointless, we simply remove it.
  Analyzing resource sharing options for $mul$../flattened_rtl/noc_router.sv:90$1343 ($mul):
    Found cell that is never activated: $mul$../flattened_rtl/noc_router.sv:90$1343
    Cell is never active. Sharing is pointless, we simply remove it.
  Analyzing resource sharing options for $mul$../flattened_rtl/noc_router.sv:90$1349 ($mul):
    Found cell that is never activated: $mul$../flattened_rtl/noc_router.sv:90$1349
    Cell is never active. Sharing is pointless, we simply remove it.
  Analyzing resource sharing options for $mul$../flattened_rtl/noc_router.sv:90$1355 ($mul):
    Found cell that is never activated: $mul$../flattened_rtl/noc_router.sv:90$1355
    Cell is never active. Sharing is pointless, we simply remove it.
Removing 4 cells in module $paramod\noc_router\ROUTER_X=s2'01\ROUTER_Y=s2'10:
  Removing cell $mul$../flattened_rtl/noc_router.sv:90$1355 ($mul).
  Removing cell $mul$../flattened_rtl/noc_router.sv:90$1349 ($mul).
  Removing cell $mul$../flattened_rtl/noc_router.sv:90$1343 ($mul).
  Removing cell $mul$../flattened_rtl/noc_router.sv:90$1361 ($mul).
Found 4 cells in module $paramod\noc_router\ROUTER_X=s2'01\ROUTER_Y=s2'11 that may be considered for resource sharing.
  Analyzing resource sharing options for $mul$../flattened_rtl/noc_router.sv:90$1249 ($mul):
    Found cell that is never activated: $mul$../flattened_rtl/noc_router.sv:90$1249
    Cell is never active. Sharing is pointless, we simply remove it.
  Analyzing resource sharing options for $mul$../flattened_rtl/noc_router.sv:90$1231 ($mul):
    Found cell that is never activated: $mul$../flattened_rtl/noc_router.sv:90$1231
    Cell is never active. Sharing is pointless, we simply remove it.
  Analyzing resource sharing options for $mul$../flattened_rtl/noc_router.sv:90$1237 ($mul):
    Found cell that is never activated: $mul$../flattened_rtl/noc_router.sv:90$1237
    Cell is never active. Sharing is pointless, we simply remove it.
  Analyzing resource sharing options for $mul$../flattened_rtl/noc_router.sv:90$1243 ($mul):
    Found cell that is never activated: $mul$../flattened_rtl/noc_router.sv:90$1243
    Cell is never active. Sharing is pointless, we simply remove it.
Removing 4 cells in module $paramod\noc_router\ROUTER_X=s2'01\ROUTER_Y=s2'11:
  Removing cell $mul$../flattened_rtl/noc_router.sv:90$1243 ($mul).
  Removing cell $mul$../flattened_rtl/noc_router.sv:90$1237 ($mul).
  Removing cell $mul$../flattened_rtl/noc_router.sv:90$1231 ($mul).
  Removing cell $mul$../flattened_rtl/noc_router.sv:90$1249 ($mul).
Found 4 cells in module $paramod\noc_router\ROUTER_X=s2'10\ROUTER_Y=s2'00 that may be considered for resource sharing.
  Analyzing resource sharing options for $mul$../flattened_rtl/noc_router.sv:90$1137 ($mul):
    Found cell that is never activated: $mul$../flattened_rtl/noc_router.sv:90$1137
    Cell is never active. Sharing is pointless, we simply remove it.
  Analyzing resource sharing options for $mul$../flattened_rtl/noc_router.sv:90$1119 ($mul):
    Found cell that is never activated: $mul$../flattened_rtl/noc_router.sv:90$1119
    Cell is never active. Sharing is pointless, we simply remove it.
  Analyzing resource sharing options for $mul$../flattened_rtl/noc_router.sv:90$1125 ($mul):
    Found cell that is never activated: $mul$../flattened_rtl/noc_router.sv:90$1125
    Cell is never active. Sharing is pointless, we simply remove it.
  Analyzing resource sharing options for $mul$../flattened_rtl/noc_router.sv:90$1131 ($mul):
    Found cell that is never activated: $mul$../flattened_rtl/noc_router.sv:90$1131
    Cell is never active. Sharing is pointless, we simply remove it.
Removing 4 cells in module $paramod\noc_router\ROUTER_X=s2'10\ROUTER_Y=s2'00:
  Removing cell $mul$../flattened_rtl/noc_router.sv:90$1131 ($mul).
  Removing cell $mul$../flattened_rtl/noc_router.sv:90$1125 ($mul).
  Removing cell $mul$../flattened_rtl/noc_router.sv:90$1119 ($mul).
  Removing cell $mul$../flattened_rtl/noc_router.sv:90$1137 ($mul).
Found 4 cells in module $paramod\noc_router\ROUTER_X=s2'10\ROUTER_Y=s2'01 that may be considered for resource sharing.
  Analyzing resource sharing options for $mul$../flattened_rtl/noc_router.sv:90$1025 ($mul):
    Found cell that is never activated: $mul$../flattened_rtl/noc_router.sv:90$1025
    Cell is never active. Sharing is pointless, we simply remove it.
  Analyzing resource sharing options for $mul$../flattened_rtl/noc_router.sv:90$1007 ($mul):
    Found cell that is never activated: $mul$../flattened_rtl/noc_router.sv:90$1007
    Cell is never active. Sharing is pointless, we simply remove it.
  Analyzing resource sharing options for $mul$../flattened_rtl/noc_router.sv:90$1013 ($mul):
    Found cell that is never activated: $mul$../flattened_rtl/noc_router.sv:90$1013
    Cell is never active. Sharing is pointless, we simply remove it.
  Analyzing resource sharing options for $mul$../flattened_rtl/noc_router.sv:90$1019 ($mul):
    Found cell that is never activated: $mul$../flattened_rtl/noc_router.sv:90$1019
    Cell is never active. Sharing is pointless, we simply remove it.
Removing 4 cells in module $paramod\noc_router\ROUTER_X=s2'10\ROUTER_Y=s2'01:
  Removing cell $mul$../flattened_rtl/noc_router.sv:90$1019 ($mul).
  Removing cell $mul$../flattened_rtl/noc_router.sv:90$1013 ($mul).
  Removing cell $mul$../flattened_rtl/noc_router.sv:90$1007 ($mul).
  Removing cell $mul$../flattened_rtl/noc_router.sv:90$1025 ($mul).
Found 4 cells in module $paramod\noc_router\ROUTER_X=s2'10\ROUTER_Y=s2'10 that may be considered for resource sharing.
  Analyzing resource sharing options for $mul$../flattened_rtl/noc_router.sv:90$913 ($mul):
    Found cell that is never activated: $mul$../flattened_rtl/noc_router.sv:90$913
    Cell is never active. Sharing is pointless, we simply remove it.
  Analyzing resource sharing options for $mul$../flattened_rtl/noc_router.sv:90$895 ($mul):
    Found cell that is never activated: $mul$../flattened_rtl/noc_router.sv:90$895
    Cell is never active. Sharing is pointless, we simply remove it.
  Analyzing resource sharing options for $mul$../flattened_rtl/noc_router.sv:90$901 ($mul):
    Found cell that is never activated: $mul$../flattened_rtl/noc_router.sv:90$901
    Cell is never active. Sharing is pointless, we simply remove it.
  Analyzing resource sharing options for $mul$../flattened_rtl/noc_router.sv:90$907 ($mul):
    Found cell that is never activated: $mul$../flattened_rtl/noc_router.sv:90$907
    Cell is never active. Sharing is pointless, we simply remove it.
Removing 4 cells in module $paramod\noc_router\ROUTER_X=s2'10\ROUTER_Y=s2'10:
  Removing cell $mul$../flattened_rtl/noc_router.sv:90$907 ($mul).
  Removing cell $mul$../flattened_rtl/noc_router.sv:90$901 ($mul).
  Removing cell $mul$../flattened_rtl/noc_router.sv:90$895 ($mul).
  Removing cell $mul$../flattened_rtl/noc_router.sv:90$913 ($mul).
Found 4 cells in module $paramod\noc_router\ROUTER_X=s2'10\ROUTER_Y=s2'11 that may be considered for resource sharing.
  Analyzing resource sharing options for $mul$../flattened_rtl/noc_router.sv:90$801 ($mul):
    Found cell that is never activated: $mul$../flattened_rtl/noc_router.sv:90$801
    Cell is never active. Sharing is pointless, we simply remove it.
  Analyzing resource sharing options for $mul$../flattened_rtl/noc_router.sv:90$783 ($mul):
    Found cell that is never activated: $mul$../flattened_rtl/noc_router.sv:90$783
    Cell is never active. Sharing is pointless, we simply remove it.
  Analyzing resource sharing options for $mul$../flattened_rtl/noc_router.sv:90$789 ($mul):
    Found cell that is never activated: $mul$../flattened_rtl/noc_router.sv:90$789
    Cell is never active. Sharing is pointless, we simply remove it.
  Analyzing resource sharing options for $mul$../flattened_rtl/noc_router.sv:90$795 ($mul):
    Found cell that is never activated: $mul$../flattened_rtl/noc_router.sv:90$795
    Cell is never active. Sharing is pointless, we simply remove it.
Removing 4 cells in module $paramod\noc_router\ROUTER_X=s2'10\ROUTER_Y=s2'11:
  Removing cell $mul$../flattened_rtl/noc_router.sv:90$795 ($mul).
  Removing cell $mul$../flattened_rtl/noc_router.sv:90$789 ($mul).
  Removing cell $mul$../flattened_rtl/noc_router.sv:90$783 ($mul).
  Removing cell $mul$../flattened_rtl/noc_router.sv:90$801 ($mul).
Found 4 cells in module $paramod\noc_router\ROUTER_X=s2'11\ROUTER_Y=s2'00 that may be considered for resource sharing.
  Analyzing resource sharing options for $mul$../flattened_rtl/noc_router.sv:90$689 ($mul):
    Found cell that is never activated: $mul$../flattened_rtl/noc_router.sv:90$689
    Cell is never active. Sharing is pointless, we simply remove it.
  Analyzing resource sharing options for $mul$../flattened_rtl/noc_router.sv:90$671 ($mul):
    Found cell that is never activated: $mul$../flattened_rtl/noc_router.sv:90$671
    Cell is never active. Sharing is pointless, we simply remove it.
  Analyzing resource sharing options for $mul$../flattened_rtl/noc_router.sv:90$677 ($mul):
    Found cell that is never activated: $mul$../flattened_rtl/noc_router.sv:90$677
    Cell is never active. Sharing is pointless, we simply remove it.
  Analyzing resource sharing options for $mul$../flattened_rtl/noc_router.sv:90$683 ($mul):
    Found cell that is never activated: $mul$../flattened_rtl/noc_router.sv:90$683
    Cell is never active. Sharing is pointless, we simply remove it.
Removing 4 cells in module $paramod\noc_router\ROUTER_X=s2'11\ROUTER_Y=s2'00:
  Removing cell $mul$../flattened_rtl/noc_router.sv:90$683 ($mul).
  Removing cell $mul$../flattened_rtl/noc_router.sv:90$677 ($mul).
  Removing cell $mul$../flattened_rtl/noc_router.sv:90$671 ($mul).
  Removing cell $mul$../flattened_rtl/noc_router.sv:90$689 ($mul).
Found 4 cells in module $paramod\noc_router\ROUTER_X=s2'11\ROUTER_Y=s2'01 that may be considered for resource sharing.
  Analyzing resource sharing options for $mul$../flattened_rtl/noc_router.sv:90$577 ($mul):
    Found cell that is never activated: $mul$../flattened_rtl/noc_router.sv:90$577
    Cell is never active. Sharing is pointless, we simply remove it.
  Analyzing resource sharing options for $mul$../flattened_rtl/noc_router.sv:90$559 ($mul):
    Found cell that is never activated: $mul$../flattened_rtl/noc_router.sv:90$559
    Cell is never active. Sharing is pointless, we simply remove it.
  Analyzing resource sharing options for $mul$../flattened_rtl/noc_router.sv:90$565 ($mul):
    Found cell that is never activated: $mul$../flattened_rtl/noc_router.sv:90$565
    Cell is never active. Sharing is pointless, we simply remove it.
  Analyzing resource sharing options for $mul$../flattened_rtl/noc_router.sv:90$571 ($mul):
    Found cell that is never activated: $mul$../flattened_rtl/noc_router.sv:90$571
    Cell is never active. Sharing is pointless, we simply remove it.
Removing 4 cells in module $paramod\noc_router\ROUTER_X=s2'11\ROUTER_Y=s2'01:
  Removing cell $mul$../flattened_rtl/noc_router.sv:90$571 ($mul).
  Removing cell $mul$../flattened_rtl/noc_router.sv:90$565 ($mul).
  Removing cell $mul$../flattened_rtl/noc_router.sv:90$559 ($mul).
  Removing cell $mul$../flattened_rtl/noc_router.sv:90$577 ($mul).
Found 4 cells in module $paramod\noc_router\ROUTER_X=s2'11\ROUTER_Y=s2'10 that may be considered for resource sharing.
  Analyzing resource sharing options for $mul$../flattened_rtl/noc_router.sv:90$465 ($mul):
    Found cell that is never activated: $mul$../flattened_rtl/noc_router.sv:90$465
    Cell is never active. Sharing is pointless, we simply remove it.
  Analyzing resource sharing options for $mul$../flattened_rtl/noc_router.sv:90$447 ($mul):
    Found cell that is never activated: $mul$../flattened_rtl/noc_router.sv:90$447
    Cell is never active. Sharing is pointless, we simply remove it.
  Analyzing resource sharing options for $mul$../flattened_rtl/noc_router.sv:90$453 ($mul):
    Found cell that is never activated: $mul$../flattened_rtl/noc_router.sv:90$453
    Cell is never active. Sharing is pointless, we simply remove it.
  Analyzing resource sharing options for $mul$../flattened_rtl/noc_router.sv:90$459 ($mul):
    Found cell that is never activated: $mul$../flattened_rtl/noc_router.sv:90$459
    Cell is never active. Sharing is pointless, we simply remove it.
Removing 4 cells in module $paramod\noc_router\ROUTER_X=s2'11\ROUTER_Y=s2'10:
  Removing cell $mul$../flattened_rtl/noc_router.sv:90$459 ($mul).
  Removing cell $mul$../flattened_rtl/noc_router.sv:90$453 ($mul).
  Removing cell $mul$../flattened_rtl/noc_router.sv:90$447 ($mul).
  Removing cell $mul$../flattened_rtl/noc_router.sv:90$465 ($mul).
Found 4 cells in module $paramod\noc_router\ROUTER_X=s2'11\ROUTER_Y=s2'11 that may be considered for resource sharing.
  Analyzing resource sharing options for $mul$../flattened_rtl/noc_router.sv:90$353 ($mul):
    Found cell that is never activated: $mul$../flattened_rtl/noc_router.sv:90$353
    Cell is never active. Sharing is pointless, we simply remove it.
  Analyzing resource sharing options for $mul$../flattened_rtl/noc_router.sv:90$335 ($mul):
    Found cell that is never activated: $mul$../flattened_rtl/noc_router.sv:90$335
    Cell is never active. Sharing is pointless, we simply remove it.
  Analyzing resource sharing options for $mul$../flattened_rtl/noc_router.sv:90$341 ($mul):
    Found cell that is never activated: $mul$../flattened_rtl/noc_router.sv:90$341
    Cell is never active. Sharing is pointless, we simply remove it.
  Analyzing resource sharing options for $mul$../flattened_rtl/noc_router.sv:90$347 ($mul):
    Found cell that is never activated: $mul$../flattened_rtl/noc_router.sv:90$347
    Cell is never active. Sharing is pointless, we simply remove it.
Removing 4 cells in module $paramod\noc_router\ROUTER_X=s2'11\ROUTER_Y=s2'11:
  Removing cell $mul$../flattened_rtl/noc_router.sv:90$347 ($mul).
  Removing cell $mul$../flattened_rtl/noc_router.sv:90$341 ($mul).
  Removing cell $mul$../flattened_rtl/noc_router.sv:90$335 ($mul).
  Removing cell $mul$../flattened_rtl/noc_router.sv:90$353 ($mul).
Found 4 cells in module $paramod\noc_router\ROUTER_X=s2'00\ROUTER_Y=s2'00 that may be considered for resource sharing.
  Analyzing resource sharing options for $mul$../flattened_rtl/noc_router.sv:90$2033 ($mul):
    Found cell that is never activated: $mul$../flattened_rtl/noc_router.sv:90$2033
    Cell is never active. Sharing is pointless, we simply remove it.
  Analyzing resource sharing options for $mul$../flattened_rtl/noc_router.sv:90$2015 ($mul):
    Found cell that is never activated: $mul$../flattened_rtl/noc_router.sv:90$2015
    Cell is never active. Sharing is pointless, we simply remove it.
  Analyzing resource sharing options for $mul$../flattened_rtl/noc_router.sv:90$2021 ($mul):
    Found cell that is never activated: $mul$../flattened_rtl/noc_router.sv:90$2021
    Cell is never active. Sharing is pointless, we simply remove it.
  Analyzing resource sharing options for $mul$../flattened_rtl/noc_router.sv:90$2027 ($mul):
    Found cell that is never activated: $mul$../flattened_rtl/noc_router.sv:90$2027
    Cell is never active. Sharing is pointless, we simply remove it.
Removing 4 cells in module $paramod\noc_router\ROUTER_X=s2'00\ROUTER_Y=s2'00:
  Removing cell $mul$../flattened_rtl/noc_router.sv:90$2027 ($mul).
  Removing cell $mul$../flattened_rtl/noc_router.sv:90$2021 ($mul).
  Removing cell $mul$../flattened_rtl/noc_router.sv:90$2015 ($mul).
  Removing cell $mul$../flattened_rtl/noc_router.sv:90$2033 ($mul).

10.14. Executing OPT pass (performing simple optimizations).

10.14.1. Executing OPT_EXPR pass (perform const folding).
Optimizing module $paramod\noc_router\ROUTER_X=s2'00\ROUTER_Y=s2'01.
Optimizing module $paramod\noc_router\ROUTER_X=s2'00\ROUTER_Y=s2'10.
Optimizing module $paramod\noc_router\ROUTER_X=s2'00\ROUTER_Y=s2'11.
Optimizing module $paramod\noc_router\ROUTER_X=s2'01\ROUTER_Y=s2'00.
Optimizing module $paramod\noc_router\ROUTER_X=s2'01\ROUTER_Y=s2'01.
Optimizing module $paramod\noc_router\ROUTER_X=s2'01\ROUTER_Y=s2'10.
Optimizing module $paramod\noc_router\ROUTER_X=s2'01\ROUTER_Y=s2'11.
Optimizing module $paramod\noc_router\ROUTER_X=s2'10\ROUTER_Y=s2'00.
Optimizing module $paramod\noc_router\ROUTER_X=s2'10\ROUTER_Y=s2'01.
Optimizing module $paramod\noc_router\ROUTER_X=s2'10\ROUTER_Y=s2'10.
Optimizing module $paramod\noc_router\ROUTER_X=s2'10\ROUTER_Y=s2'11.
Optimizing module $paramod\noc_router\ROUTER_X=s2'11\ROUTER_Y=s2'00.
Optimizing module $paramod\noc_router\ROUTER_X=s2'11\ROUTER_Y=s2'01.
Optimizing module $paramod\noc_router\ROUTER_X=s2'11\ROUTER_Y=s2'10.
Optimizing module $paramod\noc_router\ROUTER_X=s2'11\ROUTER_Y=s2'11.
Optimizing module noc_mesh.
Optimizing module $paramod\noc_router\ROUTER_X=s2'00\ROUTER_Y=s2'00.
Optimizing module crossbar_5x5.
Optimizing module switch_allocator.
Optimizing module round_robin.
Optimizing module xy_routing.
<suppressed ~4 debug messages>
Optimizing module fifo_buffer.

10.14.2. Executing OPT_MERGE pass (detect identical cells).
Finding identical cells in module `$paramod\noc_router\ROUTER_X=s2'00\ROUTER_Y=s2'01'.
Computing hashes of 74 cells of `$paramod\noc_router\ROUTER_X=s2'00\ROUTER_Y=s2'01'.
Finding duplicate cells in `$paramod\noc_router\ROUTER_X=s2'00\ROUTER_Y=s2'01'.
Finding identical cells in module `$paramod\noc_router\ROUTER_X=s2'00\ROUTER_Y=s2'10'.
Computing hashes of 74 cells of `$paramod\noc_router\ROUTER_X=s2'00\ROUTER_Y=s2'10'.
Finding duplicate cells in `$paramod\noc_router\ROUTER_X=s2'00\ROUTER_Y=s2'10'.
Finding identical cells in module `$paramod\noc_router\ROUTER_X=s2'00\ROUTER_Y=s2'11'.
Computing hashes of 74 cells of `$paramod\noc_router\ROUTER_X=s2'00\ROUTER_Y=s2'11'.
Finding duplicate cells in `$paramod\noc_router\ROUTER_X=s2'00\ROUTER_Y=s2'11'.
Finding identical cells in module `$paramod\noc_router\ROUTER_X=s2'01\ROUTER_Y=s2'00'.
Computing hashes of 74 cells of `$paramod\noc_router\ROUTER_X=s2'01\ROUTER_Y=s2'00'.
Finding duplicate cells in `$paramod\noc_router\ROUTER_X=s2'01\ROUTER_Y=s2'00'.
Finding identical cells in module `$paramod\noc_router\ROUTER_X=s2'01\ROUTER_Y=s2'01'.
Computing hashes of 74 cells of `$paramod\noc_router\ROUTER_X=s2'01\ROUTER_Y=s2'01'.
Finding duplicate cells in `$paramod\noc_router\ROUTER_X=s2'01\ROUTER_Y=s2'01'.
Finding identical cells in module `$paramod\noc_router\ROUTER_X=s2'01\ROUTER_Y=s2'10'.
Computing hashes of 74 cells of `$paramod\noc_router\ROUTER_X=s2'01\ROUTER_Y=s2'10'.
Finding duplicate cells in `$paramod\noc_router\ROUTER_X=s2'01\ROUTER_Y=s2'10'.
Finding identical cells in module `$paramod\noc_router\ROUTER_X=s2'01\ROUTER_Y=s2'11'.
Computing hashes of 74 cells of `$paramod\noc_router\ROUTER_X=s2'01\ROUTER_Y=s2'11'.
Finding duplicate cells in `$paramod\noc_router\ROUTER_X=s2'01\ROUTER_Y=s2'11'.
Finding identical cells in module `$paramod\noc_router\ROUTER_X=s2'10\ROUTER_Y=s2'00'.
Computing hashes of 74 cells of `$paramod\noc_router\ROUTER_X=s2'10\ROUTER_Y=s2'00'.
Finding duplicate cells in `$paramod\noc_router\ROUTER_X=s2'10\ROUTER_Y=s2'00'.
Finding identical cells in module `$paramod\noc_router\ROUTER_X=s2'10\ROUTER_Y=s2'01'.
Computing hashes of 74 cells of `$paramod\noc_router\ROUTER_X=s2'10\ROUTER_Y=s2'01'.
Finding duplicate cells in `$paramod\noc_router\ROUTER_X=s2'10\ROUTER_Y=s2'01'.
Finding identical cells in module `$paramod\noc_router\ROUTER_X=s2'10\ROUTER_Y=s2'10'.
Computing hashes of 74 cells of `$paramod\noc_router\ROUTER_X=s2'10\ROUTER_Y=s2'10'.
Finding duplicate cells in `$paramod\noc_router\ROUTER_X=s2'10\ROUTER_Y=s2'10'.
Finding identical cells in module `$paramod\noc_router\ROUTER_X=s2'10\ROUTER_Y=s2'11'.
Computing hashes of 74 cells of `$paramod\noc_router\ROUTER_X=s2'10\ROUTER_Y=s2'11'.
Finding duplicate cells in `$paramod\noc_router\ROUTER_X=s2'10\ROUTER_Y=s2'11'.
Finding identical cells in module `$paramod\noc_router\ROUTER_X=s2'11\ROUTER_Y=s2'00'.
Computing hashes of 74 cells of `$paramod\noc_router\ROUTER_X=s2'11\ROUTER_Y=s2'00'.
Finding duplicate cells in `$paramod\noc_router\ROUTER_X=s2'11\ROUTER_Y=s2'00'.
Finding identical cells in module `$paramod\noc_router\ROUTER_X=s2'11\ROUTER_Y=s2'01'.
Computing hashes of 74 cells of `$paramod\noc_router\ROUTER_X=s2'11\ROUTER_Y=s2'01'.
Finding duplicate cells in `$paramod\noc_router\ROUTER_X=s2'11\ROUTER_Y=s2'01'.
Finding identical cells in module `$paramod\noc_router\ROUTER_X=s2'11\ROUTER_Y=s2'10'.
Computing hashes of 74 cells of `$paramod\noc_router\ROUTER_X=s2'11\ROUTER_Y=s2'10'.
Finding duplicate cells in `$paramod\noc_router\ROUTER_X=s2'11\ROUTER_Y=s2'10'.
Finding identical cells in module `$paramod\noc_router\ROUTER_X=s2'11\ROUTER_Y=s2'11'.
Computing hashes of 74 cells of `$paramod\noc_router\ROUTER_X=s2'11\ROUTER_Y=s2'11'.
Finding duplicate cells in `$paramod\noc_router\ROUTER_X=s2'11\ROUTER_Y=s2'11'.
Finding identical cells in module `\noc_mesh'.
Computing hashes of 16 cells of `\noc_mesh'.
Finding duplicate cells in `\noc_mesh'.
Finding identical cells in module `$paramod\noc_router\ROUTER_X=s2'00\ROUTER_Y=s2'00'.
Computing hashes of 74 cells of `$paramod\noc_router\ROUTER_X=s2'00\ROUTER_Y=s2'00'.
Finding duplicate cells in `$paramod\noc_router\ROUTER_X=s2'00\ROUTER_Y=s2'00'.
Finding identical cells in module `\crossbar_5x5'.
Computing hashes of 25 cells of `\crossbar_5x5'.
Finding duplicate cells in `\crossbar_5x5'.
Finding identical cells in module `\switch_allocator'.
Computing hashes of 5 cells of `\switch_allocator'.
Finding duplicate cells in `\switch_allocator'.
Finding identical cells in module `\round_robin'.
Computing hashes of 104 cells of `\round_robin'.
Finding duplicate cells in `\round_robin'.
Finding identical cells in module `\xy_routing'.
Computing hashes of 14 cells of `\xy_routing'.
Finding duplicate cells in `\xy_routing'.
Finding identical cells in module `\fifo_buffer'.
Computing hashes of 34 cells of `\fifo_buffer'.
Finding duplicate cells in `\fifo_buffer'.
Removed a total of 0 cells.

10.14.3. Executing OPT_MUXTREE pass (detect dead branches in mux trees).
Running muxtree optimizer on module $paramod\noc_router\ROUTER_X=s2'00\ROUTER_Y=s2'01..
  Creating internal representation of mux trees.
  Evaluating internal representation of mux trees.
  Analyzing evaluation results.
Running muxtree optimizer on module $paramod\noc_router\ROUTER_X=s2'00\ROUTER_Y=s2'10..
  Creating internal representation of mux trees.
  Evaluating internal representation of mux trees.
  Analyzing evaluation results.
Running muxtree optimizer on module $paramod\noc_router\ROUTER_X=s2'00\ROUTER_Y=s2'11..
  Creating internal representation of mux trees.
  Evaluating internal representation of mux trees.
  Analyzing evaluation results.
Running muxtree optimizer on module $paramod\noc_router\ROUTER_X=s2'01\ROUTER_Y=s2'00..
  Creating internal representation of mux trees.
  Evaluating internal representation of mux trees.
  Analyzing evaluation results.
Running muxtree optimizer on module $paramod\noc_router\ROUTER_X=s2'01\ROUTER_Y=s2'01..
  Creating internal representation of mux trees.
  Evaluating internal representation of mux trees.
  Analyzing evaluation results.
Running muxtree optimizer on module $paramod\noc_router\ROUTER_X=s2'01\ROUTER_Y=s2'10..
  Creating internal representation of mux trees.
  Evaluating internal representation of mux trees.
  Analyzing evaluation results.
Running muxtree optimizer on module $paramod\noc_router\ROUTER_X=s2'01\ROUTER_Y=s2'11..
  Creating internal representation of mux trees.
  Evaluating internal representation of mux trees.
  Analyzing evaluation results.
Running muxtree optimizer on module $paramod\noc_router\ROUTER_X=s2'10\ROUTER_Y=s2'00..
  Creating internal representation of mux trees.
  Evaluating internal representation of mux trees.
  Analyzing evaluation results.
Running muxtree optimizer on module $paramod\noc_router\ROUTER_X=s2'10\ROUTER_Y=s2'01..
  Creating internal representation of mux trees.
  Evaluating internal representation of mux trees.
  Analyzing evaluation results.
Running muxtree optimizer on module $paramod\noc_router\ROUTER_X=s2'10\ROUTER_Y=s2'10..
  Creating internal representation of mux trees.
  Evaluating internal representation of mux trees.
  Analyzing evaluation results.
Running muxtree optimizer on module $paramod\noc_router\ROUTER_X=s2'10\ROUTER_Y=s2'11..
  Creating internal representation of mux trees.
  Evaluating internal representation of mux trees.
  Analyzing evaluation results.
Running muxtree optimizer on module $paramod\noc_router\ROUTER_X=s2'11\ROUTER_Y=s2'00..
  Creating internal representation of mux trees.
  Evaluating internal representation of mux trees.
  Analyzing evaluation results.
Running muxtree optimizer on module $paramod\noc_router\ROUTER_X=s2'11\ROUTER_Y=s2'01..
  Creating internal representation of mux trees.
  Evaluating internal representation of mux trees.
  Analyzing evaluation results.
Running muxtree optimizer on module $paramod\noc_router\ROUTER_X=s2'11\ROUTER_Y=s2'10..
  Creating internal representation of mux trees.
  Evaluating internal representation of mux trees.
  Analyzing evaluation results.
Running muxtree optimizer on module $paramod\noc_router\ROUTER_X=s2'11\ROUTER_Y=s2'11..
  Creating internal representation of mux trees.
  Evaluating internal representation of mux trees.
  Analyzing evaluation results.
Running muxtree optimizer on module \noc_mesh..
  Creating internal representation of mux trees.
  No muxes found in this module.
Running muxtree optimizer on module $paramod\noc_router\ROUTER_X=s2'00\ROUTER_Y=s2'00..
  Creating internal representation of mux trees.
  Evaluating internal representation of mux trees.
  Analyzing evaluation results.
Running muxtree optimizer on module \crossbar_5x5..
  Creating internal representation of mux trees.
  Evaluating internal representation of mux trees.
  Analyzing evaluation results.
Running muxtree optimizer on module \switch_allocator..
  Creating internal representation of mux trees.
  No muxes found in this module.
Running muxtree optimizer on module \round_robin..
  Creating internal representation of mux trees.
  Evaluating internal representation of mux trees.
  Analyzing evaluation results.
Running muxtree optimizer on module \xy_routing..
  Creating internal representation of mux trees.
  Evaluating internal representation of mux trees.
  Analyzing evaluation results.
Running muxtree optimizer on module \fifo_buffer..
  Creating internal representation of mux trees.
  Evaluating internal representation of mux trees.
  Analyzing evaluation results.
Removed 0 multiplexer ports.
<suppressed ~401 debug messages>

10.14.4. Executing OPT_REDUCE pass (consolidate $*mux and $reduce_* inputs).
  Optimizing cells in module $paramod\noc_router\ROUTER_X=s2'00\ROUTER_Y=s2'01.
  Optimizing cells in module $paramod\noc_router\ROUTER_X=s2'00\ROUTER_Y=s2'10.
  Optimizing cells in module $paramod\noc_router\ROUTER_X=s2'00\ROUTER_Y=s2'11.
  Optimizing cells in module $paramod\noc_router\ROUTER_X=s2'01\ROUTER_Y=s2'00.
  Optimizing cells in module $paramod\noc_router\ROUTER_X=s2'01\ROUTER_Y=s2'01.
  Optimizing cells in module $paramod\noc_router\ROUTER_X=s2'01\ROUTER_Y=s2'10.
  Optimizing cells in module $paramod\noc_router\ROUTER_X=s2'01\ROUTER_Y=s2'11.
  Optimizing cells in module $paramod\noc_router\ROUTER_X=s2'10\ROUTER_Y=s2'00.
  Optimizing cells in module $paramod\noc_router\ROUTER_X=s2'10\ROUTER_Y=s2'01.
  Optimizing cells in module $paramod\noc_router\ROUTER_X=s2'10\ROUTER_Y=s2'10.
  Optimizing cells in module $paramod\noc_router\ROUTER_X=s2'10\ROUTER_Y=s2'11.
  Optimizing cells in module $paramod\noc_router\ROUTER_X=s2'11\ROUTER_Y=s2'00.
  Optimizing cells in module $paramod\noc_router\ROUTER_X=s2'11\ROUTER_Y=s2'01.
  Optimizing cells in module $paramod\noc_router\ROUTER_X=s2'11\ROUTER_Y=s2'10.
  Optimizing cells in module $paramod\noc_router\ROUTER_X=s2'11\ROUTER_Y=s2'11.
  Optimizing cells in module \noc_mesh.
  Optimizing cells in module $paramod\noc_router\ROUTER_X=s2'00\ROUTER_Y=s2'00.
  Optimizing cells in module \crossbar_5x5.
  Optimizing cells in module \switch_allocator.
  Optimizing cells in module \round_robin.
  Optimizing cells in module \xy_routing.
  Optimizing cells in module \fifo_buffer.
Performed a total of 0 changes.

10.14.5. Executing OPT_MERGE pass (detect identical cells).
Finding identical cells in module `$paramod\noc_router\ROUTER_X=s2'00\ROUTER_Y=s2'01'.
Computing hashes of 74 cells of `$paramod\noc_router\ROUTER_X=s2'00\ROUTER_Y=s2'01'.
Finding duplicate cells in `$paramod\noc_router\ROUTER_X=s2'00\ROUTER_Y=s2'01'.
Finding identical cells in module `$paramod\noc_router\ROUTER_X=s2'00\ROUTER_Y=s2'10'.
Computing hashes of 74 cells of `$paramod\noc_router\ROUTER_X=s2'00\ROUTER_Y=s2'10'.
Finding duplicate cells in `$paramod\noc_router\ROUTER_X=s2'00\ROUTER_Y=s2'10'.
Finding identical cells in module `$paramod\noc_router\ROUTER_X=s2'00\ROUTER_Y=s2'11'.
Computing hashes of 74 cells of `$paramod\noc_router\ROUTER_X=s2'00\ROUTER_Y=s2'11'.
Finding duplicate cells in `$paramod\noc_router\ROUTER_X=s2'00\ROUTER_Y=s2'11'.
Finding identical cells in module `$paramod\noc_router\ROUTER_X=s2'01\ROUTER_Y=s2'00'.
Computing hashes of 74 cells of `$paramod\noc_router\ROUTER_X=s2'01\ROUTER_Y=s2'00'.
Finding duplicate cells in `$paramod\noc_router\ROUTER_X=s2'01\ROUTER_Y=s2'00'.
Finding identical cells in module `$paramod\noc_router\ROUTER_X=s2'01\ROUTER_Y=s2'01'.
Computing hashes of 74 cells of `$paramod\noc_router\ROUTER_X=s2'01\ROUTER_Y=s2'01'.
Finding duplicate cells in `$paramod\noc_router\ROUTER_X=s2'01\ROUTER_Y=s2'01'.
Finding identical cells in module `$paramod\noc_router\ROUTER_X=s2'01\ROUTER_Y=s2'10'.
Computing hashes of 74 cells of `$paramod\noc_router\ROUTER_X=s2'01\ROUTER_Y=s2'10'.
Finding duplicate cells in `$paramod\noc_router\ROUTER_X=s2'01\ROUTER_Y=s2'10'.
Finding identical cells in module `$paramod\noc_router\ROUTER_X=s2'01\ROUTER_Y=s2'11'.
Computing hashes of 74 cells of `$paramod\noc_router\ROUTER_X=s2'01\ROUTER_Y=s2'11'.
Finding duplicate cells in `$paramod\noc_router\ROUTER_X=s2'01\ROUTER_Y=s2'11'.
Finding identical cells in module `$paramod\noc_router\ROUTER_X=s2'10\ROUTER_Y=s2'00'.
Computing hashes of 74 cells of `$paramod\noc_router\ROUTER_X=s2'10\ROUTER_Y=s2'00'.
Finding duplicate cells in `$paramod\noc_router\ROUTER_X=s2'10\ROUTER_Y=s2'00'.
Finding identical cells in module `$paramod\noc_router\ROUTER_X=s2'10\ROUTER_Y=s2'01'.
Computing hashes of 74 cells of `$paramod\noc_router\ROUTER_X=s2'10\ROUTER_Y=s2'01'.
Finding duplicate cells in `$paramod\noc_router\ROUTER_X=s2'10\ROUTER_Y=s2'01'.
Finding identical cells in module `$paramod\noc_router\ROUTER_X=s2'10\ROUTER_Y=s2'10'.
Computing hashes of 74 cells of `$paramod\noc_router\ROUTER_X=s2'10\ROUTER_Y=s2'10'.
Finding duplicate cells in `$paramod\noc_router\ROUTER_X=s2'10\ROUTER_Y=s2'10'.
Finding identical cells in module `$paramod\noc_router\ROUTER_X=s2'10\ROUTER_Y=s2'11'.
Computing hashes of 74 cells of `$paramod\noc_router\ROUTER_X=s2'10\ROUTER_Y=s2'11'.
Finding duplicate cells in `$paramod\noc_router\ROUTER_X=s2'10\ROUTER_Y=s2'11'.
Finding identical cells in module `$paramod\noc_router\ROUTER_X=s2'11\ROUTER_Y=s2'00'.
Computing hashes of 74 cells of `$paramod\noc_router\ROUTER_X=s2'11\ROUTER_Y=s2'00'.
Finding duplicate cells in `$paramod\noc_router\ROUTER_X=s2'11\ROUTER_Y=s2'00'.
Finding identical cells in module `$paramod\noc_router\ROUTER_X=s2'11\ROUTER_Y=s2'01'.
Computing hashes of 74 cells of `$paramod\noc_router\ROUTER_X=s2'11\ROUTER_Y=s2'01'.
Finding duplicate cells in `$paramod\noc_router\ROUTER_X=s2'11\ROUTER_Y=s2'01'.
Finding identical cells in module `$paramod\noc_router\ROUTER_X=s2'11\ROUTER_Y=s2'10'.
Computing hashes of 74 cells of `$paramod\noc_router\ROUTER_X=s2'11\ROUTER_Y=s2'10'.
Finding duplicate cells in `$paramod\noc_router\ROUTER_X=s2'11\ROUTER_Y=s2'10'.
Finding identical cells in module `$paramod\noc_router\ROUTER_X=s2'11\ROUTER_Y=s2'11'.
Computing hashes of 74 cells of `$paramod\noc_router\ROUTER_X=s2'11\ROUTER_Y=s2'11'.
Finding duplicate cells in `$paramod\noc_router\ROUTER_X=s2'11\ROUTER_Y=s2'11'.
Finding identical cells in module `\noc_mesh'.
Computing hashes of 16 cells of `\noc_mesh'.
Finding duplicate cells in `\noc_mesh'.
Finding identical cells in module `$paramod\noc_router\ROUTER_X=s2'00\ROUTER_Y=s2'00'.
Computing hashes of 74 cells of `$paramod\noc_router\ROUTER_X=s2'00\ROUTER_Y=s2'00'.
Finding duplicate cells in `$paramod\noc_router\ROUTER_X=s2'00\ROUTER_Y=s2'00'.
Finding identical cells in module `\crossbar_5x5'.
Computing hashes of 25 cells of `\crossbar_5x5'.
Finding duplicate cells in `\crossbar_5x5'.
Finding identical cells in module `\switch_allocator'.
Computing hashes of 5 cells of `\switch_allocator'.
Finding duplicate cells in `\switch_allocator'.
Finding identical cells in module `\round_robin'.
Computing hashes of 104 cells of `\round_robin'.
Finding duplicate cells in `\round_robin'.
Finding identical cells in module `\xy_routing'.
Computing hashes of 14 cells of `\xy_routing'.
Finding duplicate cells in `\xy_routing'.
Finding identical cells in module `\fifo_buffer'.
Computing hashes of 34 cells of `\fifo_buffer'.
Finding duplicate cells in `\fifo_buffer'.
Removed a total of 0 cells.

10.14.6. Executing OPT_DFF pass (perform DFF optimizations).

10.14.7. Executing OPT_CLEAN pass (remove unused cells and wires).
Finding unused cells or wires in module $paramod\noc_router\ROUTER_X=s2'00\ROUTER_Y=s2'01..
Finding unused cells or wires in module $paramod\noc_router\ROUTER_X=s2'00\ROUTER_Y=s2'10..
Finding unused cells or wires in module $paramod\noc_router\ROUTER_X=s2'00\ROUTER_Y=s2'11..
Finding unused cells or wires in module $paramod\noc_router\ROUTER_X=s2'01\ROUTER_Y=s2'00..
Finding unused cells or wires in module $paramod\noc_router\ROUTER_X=s2'01\ROUTER_Y=s2'01..
Finding unused cells or wires in module $paramod\noc_router\ROUTER_X=s2'01\ROUTER_Y=s2'10..
Finding unused cells or wires in module $paramod\noc_router\ROUTER_X=s2'01\ROUTER_Y=s2'11..
Finding unused cells or wires in module $paramod\noc_router\ROUTER_X=s2'10\ROUTER_Y=s2'00..
Finding unused cells or wires in module $paramod\noc_router\ROUTER_X=s2'10\ROUTER_Y=s2'01..
Finding unused cells or wires in module $paramod\noc_router\ROUTER_X=s2'10\ROUTER_Y=s2'10..
Finding unused cells or wires in module $paramod\noc_router\ROUTER_X=s2'10\ROUTER_Y=s2'11..
Finding unused cells or wires in module $paramod\noc_router\ROUTER_X=s2'11\ROUTER_Y=s2'00..
Finding unused cells or wires in module $paramod\noc_router\ROUTER_X=s2'11\ROUTER_Y=s2'01..
Finding unused cells or wires in module $paramod\noc_router\ROUTER_X=s2'11\ROUTER_Y=s2'10..
Finding unused cells or wires in module $paramod\noc_router\ROUTER_X=s2'11\ROUTER_Y=s2'11..
Finding unused cells or wires in module \noc_mesh..
Finding unused cells or wires in module $paramod\noc_router\ROUTER_X=s2'00\ROUTER_Y=s2'00..
Finding unused cells or wires in module \crossbar_5x5..
Finding unused cells or wires in module \switch_allocator..
Finding unused cells or wires in module \round_robin..
Finding unused cells or wires in module \xy_routing..
Finding unused cells or wires in module \fifo_buffer..
Removed 2 unused cells and 75 unused wires.
<suppressed ~20 debug messages>

10.14.8. Executing OPT_EXPR pass (perform const folding).
Optimizing module $paramod\noc_router\ROUTER_X=s2'00\ROUTER_Y=s2'01.
Optimizing module $paramod\noc_router\ROUTER_X=s2'00\ROUTER_Y=s2'10.
Optimizing module $paramod\noc_router\ROUTER_X=s2'00\ROUTER_Y=s2'11.
Optimizing module $paramod\noc_router\ROUTER_X=s2'01\ROUTER_Y=s2'00.
Optimizing module $paramod\noc_router\ROUTER_X=s2'01\ROUTER_Y=s2'01.
Optimizing module $paramod\noc_router\ROUTER_X=s2'01\ROUTER_Y=s2'10.
Optimizing module $paramod\noc_router\ROUTER_X=s2'01\ROUTER_Y=s2'11.
Optimizing module $paramod\noc_router\ROUTER_X=s2'10\ROUTER_Y=s2'00.
Optimizing module $paramod\noc_router\ROUTER_X=s2'10\ROUTER_Y=s2'01.
Optimizing module $paramod\noc_router\ROUTER_X=s2'10\ROUTER_Y=s2'10.
Optimizing module $paramod\noc_router\ROUTER_X=s2'10\ROUTER_Y=s2'11.
Optimizing module $paramod\noc_router\ROUTER_X=s2'11\ROUTER_Y=s2'00.
Optimizing module $paramod\noc_router\ROUTER_X=s2'11\ROUTER_Y=s2'01.
Optimizing module $paramod\noc_router\ROUTER_X=s2'11\ROUTER_Y=s2'10.
Optimizing module $paramod\noc_router\ROUTER_X=s2'11\ROUTER_Y=s2'11.
Optimizing module noc_mesh.
Optimizing module $paramod\noc_router\ROUTER_X=s2'00\ROUTER_Y=s2'00.
Optimizing module crossbar_5x5.
Optimizing module switch_allocator.
Optimizing module round_robin.
Optimizing module xy_routing.
Optimizing module fifo_buffer.

10.14.9. Rerunning OPT passes. (Maybe there is more to do..)

10.14.10. Executing OPT_MUXTREE pass (detect dead branches in mux trees).
Running muxtree optimizer on module $paramod\noc_router\ROUTER_X=s2'00\ROUTER_Y=s2'01..
  Creating internal representation of mux trees.
  Evaluating internal representation of mux trees.
  Analyzing evaluation results.
Running muxtree optimizer on module $paramod\noc_router\ROUTER_X=s2'00\ROUTER_Y=s2'10..
  Creating internal representation of mux trees.
  Evaluating internal representation of mux trees.
  Analyzing evaluation results.
Running muxtree optimizer on module $paramod\noc_router\ROUTER_X=s2'00\ROUTER_Y=s2'11..
  Creating internal representation of mux trees.
  Evaluating internal representation of mux trees.
  Analyzing evaluation results.
Running muxtree optimizer on module $paramod\noc_router\ROUTER_X=s2'01\ROUTER_Y=s2'00..
  Creating internal representation of mux trees.
  Evaluating internal representation of mux trees.
  Analyzing evaluation results.
Running muxtree optimizer on module $paramod\noc_router\ROUTER_X=s2'01\ROUTER_Y=s2'01..
  Creating internal representation of mux trees.
  Evaluating internal representation of mux trees.
  Analyzing evaluation results.
Running muxtree optimizer on module $paramod\noc_router\ROUTER_X=s2'01\ROUTER_Y=s2'10..
  Creating internal representation of mux trees.
  Evaluating internal representation of mux trees.
  Analyzing evaluation results.
Running muxtree optimizer on module $paramod\noc_router\ROUTER_X=s2'01\ROUTER_Y=s2'11..
  Creating internal representation of mux trees.
  Evaluating internal representation of mux trees.
  Analyzing evaluation results.
Running muxtree optimizer on module $paramod\noc_router\ROUTER_X=s2'10\ROUTER_Y=s2'00..
  Creating internal representation of mux trees.
  Evaluating internal representation of mux trees.
  Analyzing evaluation results.
Running muxtree optimizer on module $paramod\noc_router\ROUTER_X=s2'10\ROUTER_Y=s2'01..
  Creating internal representation of mux trees.
  Evaluating internal representation of mux trees.
  Analyzing evaluation results.
Running muxtree optimizer on module $paramod\noc_router\ROUTER_X=s2'10\ROUTER_Y=s2'10..
  Creating internal representation of mux trees.
  Evaluating internal representation of mux trees.
  Analyzing evaluation results.
Running muxtree optimizer on module $paramod\noc_router\ROUTER_X=s2'10\ROUTER_Y=s2'11..
  Creating internal representation of mux trees.
  Evaluating internal representation of mux trees.
  Analyzing evaluation results.
Running muxtree optimizer on module $paramod\noc_router\ROUTER_X=s2'11\ROUTER_Y=s2'00..
  Creating internal representation of mux trees.
  Evaluating internal representation of mux trees.
  Analyzing evaluation results.
Running muxtree optimizer on module $paramod\noc_router\ROUTER_X=s2'11\ROUTER_Y=s2'01..
  Creating internal representation of mux trees.
  Evaluating internal representation of mux trees.
  Analyzing evaluation results.
Running muxtree optimizer on module $paramod\noc_router\ROUTER_X=s2'11\ROUTER_Y=s2'10..
  Creating internal representation of mux trees.
  Evaluating internal representation of mux trees.
  Analyzing evaluation results.
Running muxtree optimizer on module $paramod\noc_router\ROUTER_X=s2'11\ROUTER_Y=s2'11..
  Creating internal representation of mux trees.
  Evaluating internal representation of mux trees.
  Analyzing evaluation results.
Running muxtree optimizer on module \noc_mesh..
  Creating internal representation of mux trees.
  No muxes found in this module.
Running muxtree optimizer on module $paramod\noc_router\ROUTER_X=s2'00\ROUTER_Y=s2'00..
  Creating internal representation of mux trees.
  Evaluating internal representation of mux trees.
  Analyzing evaluation results.
Running muxtree optimizer on module \crossbar_5x5..
  Creating internal representation of mux trees.
  Evaluating internal representation of mux trees.
  Analyzing evaluation results.
Running muxtree optimizer on module \switch_allocator..
  Creating internal representation of mux trees.
  No muxes found in this module.
Running muxtree optimizer on module \round_robin..
  Creating internal representation of mux trees.
  Evaluating internal representation of mux trees.
  Analyzing evaluation results.
Running muxtree optimizer on module \xy_routing..
  Creating internal representation of mux trees.
  Evaluating internal representation of mux trees.
  Analyzing evaluation results.
Running muxtree optimizer on module \fifo_buffer..
  Creating internal representation of mux trees.
  Evaluating internal representation of mux trees.
  Analyzing evaluation results.
Removed 0 multiplexer ports.
<suppressed ~401 debug messages>

10.14.11. Executing OPT_REDUCE pass (consolidate $*mux and $reduce_* inputs).
  Optimizing cells in module $paramod\noc_router\ROUTER_X=s2'00\ROUTER_Y=s2'01.
  Optimizing cells in module $paramod\noc_router\ROUTER_X=s2'00\ROUTER_Y=s2'10.
  Optimizing cells in module $paramod\noc_router\ROUTER_X=s2'00\ROUTER_Y=s2'11.
  Optimizing cells in module $paramod\noc_router\ROUTER_X=s2'01\ROUTER_Y=s2'00.
  Optimizing cells in module $paramod\noc_router\ROUTER_X=s2'01\ROUTER_Y=s2'01.
  Optimizing cells in module $paramod\noc_router\ROUTER_X=s2'01\ROUTER_Y=s2'10.
  Optimizing cells in module $paramod\noc_router\ROUTER_X=s2'01\ROUTER_Y=s2'11.
  Optimizing cells in module $paramod\noc_router\ROUTER_X=s2'10\ROUTER_Y=s2'00.
  Optimizing cells in module $paramod\noc_router\ROUTER_X=s2'10\ROUTER_Y=s2'01.
  Optimizing cells in module $paramod\noc_router\ROUTER_X=s2'10\ROUTER_Y=s2'10.
  Optimizing cells in module $paramod\noc_router\ROUTER_X=s2'10\ROUTER_Y=s2'11.
  Optimizing cells in module $paramod\noc_router\ROUTER_X=s2'11\ROUTER_Y=s2'00.
  Optimizing cells in module $paramod\noc_router\ROUTER_X=s2'11\ROUTER_Y=s2'01.
  Optimizing cells in module $paramod\noc_router\ROUTER_X=s2'11\ROUTER_Y=s2'10.
  Optimizing cells in module $paramod\noc_router\ROUTER_X=s2'11\ROUTER_Y=s2'11.
  Optimizing cells in module \noc_mesh.
  Optimizing cells in module $paramod\noc_router\ROUTER_X=s2'00\ROUTER_Y=s2'00.
  Optimizing cells in module \crossbar_5x5.
  Optimizing cells in module \switch_allocator.
  Optimizing cells in module \round_robin.
  Optimizing cells in module \xy_routing.
  Optimizing cells in module \fifo_buffer.
Performed a total of 0 changes.

10.14.12. Executing OPT_MERGE pass (detect identical cells).
Finding identical cells in module `$paramod\noc_router\ROUTER_X=s2'00\ROUTER_Y=s2'01'.
Computing hashes of 74 cells of `$paramod\noc_router\ROUTER_X=s2'00\ROUTER_Y=s2'01'.
Finding duplicate cells in `$paramod\noc_router\ROUTER_X=s2'00\ROUTER_Y=s2'01'.
Finding identical cells in module `$paramod\noc_router\ROUTER_X=s2'00\ROUTER_Y=s2'10'.
Computing hashes of 74 cells of `$paramod\noc_router\ROUTER_X=s2'00\ROUTER_Y=s2'10'.
Finding duplicate cells in `$paramod\noc_router\ROUTER_X=s2'00\ROUTER_Y=s2'10'.
Finding identical cells in module `$paramod\noc_router\ROUTER_X=s2'00\ROUTER_Y=s2'11'.
Computing hashes of 74 cells of `$paramod\noc_router\ROUTER_X=s2'00\ROUTER_Y=s2'11'.
Finding duplicate cells in `$paramod\noc_router\ROUTER_X=s2'00\ROUTER_Y=s2'11'.
Finding identical cells in module `$paramod\noc_router\ROUTER_X=s2'01\ROUTER_Y=s2'00'.
Computing hashes of 74 cells of `$paramod\noc_router\ROUTER_X=s2'01\ROUTER_Y=s2'00'.
Finding duplicate cells in `$paramod\noc_router\ROUTER_X=s2'01\ROUTER_Y=s2'00'.
Finding identical cells in module `$paramod\noc_router\ROUTER_X=s2'01\ROUTER_Y=s2'01'.
Computing hashes of 74 cells of `$paramod\noc_router\ROUTER_X=s2'01\ROUTER_Y=s2'01'.
Finding duplicate cells in `$paramod\noc_router\ROUTER_X=s2'01\ROUTER_Y=s2'01'.
Finding identical cells in module `$paramod\noc_router\ROUTER_X=s2'01\ROUTER_Y=s2'10'.
Computing hashes of 74 cells of `$paramod\noc_router\ROUTER_X=s2'01\ROUTER_Y=s2'10'.
Finding duplicate cells in `$paramod\noc_router\ROUTER_X=s2'01\ROUTER_Y=s2'10'.
Finding identical cells in module `$paramod\noc_router\ROUTER_X=s2'01\ROUTER_Y=s2'11'.
Computing hashes of 74 cells of `$paramod\noc_router\ROUTER_X=s2'01\ROUTER_Y=s2'11'.
Finding duplicate cells in `$paramod\noc_router\ROUTER_X=s2'01\ROUTER_Y=s2'11'.
Finding identical cells in module `$paramod\noc_router\ROUTER_X=s2'10\ROUTER_Y=s2'00'.
Computing hashes of 74 cells of `$paramod\noc_router\ROUTER_X=s2'10\ROUTER_Y=s2'00'.
Finding duplicate cells in `$paramod\noc_router\ROUTER_X=s2'10\ROUTER_Y=s2'00'.
Finding identical cells in module `$paramod\noc_router\ROUTER_X=s2'10\ROUTER_Y=s2'01'.
Computing hashes of 74 cells of `$paramod\noc_router\ROUTER_X=s2'10\ROUTER_Y=s2'01'.
Finding duplicate cells in `$paramod\noc_router\ROUTER_X=s2'10\ROUTER_Y=s2'01'.
Finding identical cells in module `$paramod\noc_router\ROUTER_X=s2'10\ROUTER_Y=s2'10'.
Computing hashes of 74 cells of `$paramod\noc_router\ROUTER_X=s2'10\ROUTER_Y=s2'10'.
Finding duplicate cells in `$paramod\noc_router\ROUTER_X=s2'10\ROUTER_Y=s2'10'.
Finding identical cells in module `$paramod\noc_router\ROUTER_X=s2'10\ROUTER_Y=s2'11'.
Computing hashes of 74 cells of `$paramod\noc_router\ROUTER_X=s2'10\ROUTER_Y=s2'11'.
Finding duplicate cells in `$paramod\noc_router\ROUTER_X=s2'10\ROUTER_Y=s2'11'.
Finding identical cells in module `$paramod\noc_router\ROUTER_X=s2'11\ROUTER_Y=s2'00'.
Computing hashes of 74 cells of `$paramod\noc_router\ROUTER_X=s2'11\ROUTER_Y=s2'00'.
Finding duplicate cells in `$paramod\noc_router\ROUTER_X=s2'11\ROUTER_Y=s2'00'.
Finding identical cells in module `$paramod\noc_router\ROUTER_X=s2'11\ROUTER_Y=s2'01'.
Computing hashes of 74 cells of `$paramod\noc_router\ROUTER_X=s2'11\ROUTER_Y=s2'01'.
Finding duplicate cells in `$paramod\noc_router\ROUTER_X=s2'11\ROUTER_Y=s2'01'.
Finding identical cells in module `$paramod\noc_router\ROUTER_X=s2'11\ROUTER_Y=s2'10'.
Computing hashes of 74 cells of `$paramod\noc_router\ROUTER_X=s2'11\ROUTER_Y=s2'10'.
Finding duplicate cells in `$paramod\noc_router\ROUTER_X=s2'11\ROUTER_Y=s2'10'.
Finding identical cells in module `$paramod\noc_router\ROUTER_X=s2'11\ROUTER_Y=s2'11'.
Computing hashes of 74 cells of `$paramod\noc_router\ROUTER_X=s2'11\ROUTER_Y=s2'11'.
Finding duplicate cells in `$paramod\noc_router\ROUTER_X=s2'11\ROUTER_Y=s2'11'.
Finding identical cells in module `\noc_mesh'.
Computing hashes of 16 cells of `\noc_mesh'.
Finding duplicate cells in `\noc_mesh'.
Finding identical cells in module `$paramod\noc_router\ROUTER_X=s2'00\ROUTER_Y=s2'00'.
Computing hashes of 74 cells of `$paramod\noc_router\ROUTER_X=s2'00\ROUTER_Y=s2'00'.
Finding duplicate cells in `$paramod\noc_router\ROUTER_X=s2'00\ROUTER_Y=s2'00'.
Finding identical cells in module `\crossbar_5x5'.
Computing hashes of 25 cells of `\crossbar_5x5'.
Finding duplicate cells in `\crossbar_5x5'.
Finding identical cells in module `\switch_allocator'.
Computing hashes of 5 cells of `\switch_allocator'.
Finding duplicate cells in `\switch_allocator'.
Finding identical cells in module `\round_robin'.
Computing hashes of 104 cells of `\round_robin'.
Finding duplicate cells in `\round_robin'.
Finding identical cells in module `\xy_routing'.
Computing hashes of 12 cells of `\xy_routing'.
Finding duplicate cells in `\xy_routing'.
Finding identical cells in module `\fifo_buffer'.
Computing hashes of 34 cells of `\fifo_buffer'.
Finding duplicate cells in `\fifo_buffer'.
Removed a total of 0 cells.

10.14.13. Executing OPT_DFF pass (perform DFF optimizations).

10.14.14. Executing OPT_CLEAN pass (remove unused cells and wires).
Finding unused cells or wires in module $paramod\noc_router\ROUTER_X=s2'00\ROUTER_Y=s2'01..
Finding unused cells or wires in module $paramod\noc_router\ROUTER_X=s2'00\ROUTER_Y=s2'10..
Finding unused cells or wires in module $paramod\noc_router\ROUTER_X=s2'00\ROUTER_Y=s2'11..
Finding unused cells or wires in module $paramod\noc_router\ROUTER_X=s2'01\ROUTER_Y=s2'00..
Finding unused cells or wires in module $paramod\noc_router\ROUTER_X=s2'01\ROUTER_Y=s2'01..
Finding unused cells or wires in module $paramod\noc_router\ROUTER_X=s2'01\ROUTER_Y=s2'10..
Finding unused cells or wires in module $paramod\noc_router\ROUTER_X=s2'01\ROUTER_Y=s2'11..
Finding unused cells or wires in module $paramod\noc_router\ROUTER_X=s2'10\ROUTER_Y=s2'00..
Finding unused cells or wires in module $paramod\noc_router\ROUTER_X=s2'10\ROUTER_Y=s2'01..
Finding unused cells or wires in module $paramod\noc_router\ROUTER_X=s2'10\ROUTER_Y=s2'10..
Finding unused cells or wires in module $paramod\noc_router\ROUTER_X=s2'10\ROUTER_Y=s2'11..
Finding unused cells or wires in module $paramod\noc_router\ROUTER_X=s2'11\ROUTER_Y=s2'00..
Finding unused cells or wires in module $paramod\noc_router\ROUTER_X=s2'11\ROUTER_Y=s2'01..
Finding unused cells or wires in module $paramod\noc_router\ROUTER_X=s2'11\ROUTER_Y=s2'10..
Finding unused cells or wires in module $paramod\noc_router\ROUTER_X=s2'11\ROUTER_Y=s2'11..
Finding unused cells or wires in module \noc_mesh..
Finding unused cells or wires in module $paramod\noc_router\ROUTER_X=s2'00\ROUTER_Y=s2'00..
Finding unused cells or wires in module \crossbar_5x5..
Finding unused cells or wires in module \switch_allocator..
Finding unused cells or wires in module \round_robin..
Finding unused cells or wires in module \xy_routing..
Finding unused cells or wires in module \fifo_buffer..

10.14.15. Executing OPT_EXPR pass (perform const folding).
Optimizing module $paramod\noc_router\ROUTER_X=s2'00\ROUTER_Y=s2'01.
Optimizing module $paramod\noc_router\ROUTER_X=s2'00\ROUTER_Y=s2'10.
Optimizing module $paramod\noc_router\ROUTER_X=s2'00\ROUTER_Y=s2'11.
Optimizing module $paramod\noc_router\ROUTER_X=s2'01\ROUTER_Y=s2'00.
Optimizing module $paramod\noc_router\ROUTER_X=s2'01\ROUTER_Y=s2'01.
Optimizing module $paramod\noc_router\ROUTER_X=s2'01\ROUTER_Y=s2'10.
Optimizing module $paramod\noc_router\ROUTER_X=s2'01\ROUTER_Y=s2'11.
Optimizing module $paramod\noc_router\ROUTER_X=s2'10\ROUTER_Y=s2'00.
Optimizing module $paramod\noc_router\ROUTER_X=s2'10\ROUTER_Y=s2'01.
Optimizing module $paramod\noc_router\ROUTER_X=s2'10\ROUTER_Y=s2'10.
Optimizing module $paramod\noc_router\ROUTER_X=s2'10\ROUTER_Y=s2'11.
Optimizing module $paramod\noc_router\ROUTER_X=s2'11\ROUTER_Y=s2'00.
Optimizing module $paramod\noc_router\ROUTER_X=s2'11\ROUTER_Y=s2'01.
Optimizing module $paramod\noc_router\ROUTER_X=s2'11\ROUTER_Y=s2'10.
Optimizing module $paramod\noc_router\ROUTER_X=s2'11\ROUTER_Y=s2'11.
Optimizing module noc_mesh.
Optimizing module $paramod\noc_router\ROUTER_X=s2'00\ROUTER_Y=s2'00.
Optimizing module crossbar_5x5.
Optimizing module switch_allocator.
Optimizing module round_robin.
Optimizing module xy_routing.
Optimizing module fifo_buffer.

10.14.16. Finished fast OPT passes. (There is nothing left to do.)

10.15. Executing MEMORY pass.

10.15.1. Executing OPT_MEM pass (optimize memories).
Performed a total of 0 transformations.

10.15.2. Executing OPT_MEM_PRIORITY pass (removing unnecessary memory write priority relations).
Performed a total of 0 transformations.

10.15.3. Executing OPT_MEM_FEEDBACK pass (finding memory read-to-write feedback paths).

10.15.4. Executing MEMORY_BMUX2ROM pass (converting muxes to ROMs).

10.15.5. Executing MEMORY_DFF pass (merging $dff cells to $memrd).

10.15.6. Executing OPT_CLEAN pass (remove unused cells and wires).
Finding unused cells or wires in module $paramod\noc_router\ROUTER_X=s2'00\ROUTER_Y=s2'01..
Finding unused cells or wires in module $paramod\noc_router\ROUTER_X=s2'00\ROUTER_Y=s2'10..
Finding unused cells or wires in module $paramod\noc_router\ROUTER_X=s2'00\ROUTER_Y=s2'11..
Finding unused cells or wires in module $paramod\noc_router\ROUTER_X=s2'01\ROUTER_Y=s2'00..
Finding unused cells or wires in module $paramod\noc_router\ROUTER_X=s2'01\ROUTER_Y=s2'01..
Finding unused cells or wires in module $paramod\noc_router\ROUTER_X=s2'01\ROUTER_Y=s2'10..
Finding unused cells or wires in module $paramod\noc_router\ROUTER_X=s2'01\ROUTER_Y=s2'11..
Finding unused cells or wires in module $paramod\noc_router\ROUTER_X=s2'10\ROUTER_Y=s2'00..
Finding unused cells or wires in module $paramod\noc_router\ROUTER_X=s2'10\ROUTER_Y=s2'01..
Finding unused cells or wires in module $paramod\noc_router\ROUTER_X=s2'10\ROUTER_Y=s2'10..
Finding unused cells or wires in module $paramod\noc_router\ROUTER_X=s2'10\ROUTER_Y=s2'11..
Finding unused cells or wires in module $paramod\noc_router\ROUTER_X=s2'11\ROUTER_Y=s2'00..
Finding unused cells or wires in module $paramod\noc_router\ROUTER_X=s2'11\ROUTER_Y=s2'01..
Finding unused cells or wires in module $paramod\noc_router\ROUTER_X=s2'11\ROUTER_Y=s2'10..
Finding unused cells or wires in module $paramod\noc_router\ROUTER_X=s2'11\ROUTER_Y=s2'11..
Finding unused cells or wires in module \noc_mesh..
Finding unused cells or wires in module $paramod\noc_router\ROUTER_X=s2'00\ROUTER_Y=s2'00..
Finding unused cells or wires in module \crossbar_5x5..
Finding unused cells or wires in module \switch_allocator..
Finding unused cells or wires in module \round_robin..
Finding unused cells or wires in module \xy_routing..
Finding unused cells or wires in module \fifo_buffer..

10.15.7. Executing MEMORY_SHARE pass (consolidating $memrd/$memwr cells).

10.15.8. Executing OPT_MEM_WIDEN pass (optimize memories where all ports are wide).
Performed a total of 0 transformations.

10.15.9. Executing OPT_CLEAN pass (remove unused cells and wires).
Finding unused cells or wires in module $paramod\noc_router\ROUTER_X=s2'00\ROUTER_Y=s2'01..
Finding unused cells or wires in module $paramod\noc_router\ROUTER_X=s2'00\ROUTER_Y=s2'10..
Finding unused cells or wires in module $paramod\noc_router\ROUTER_X=s2'00\ROUTER_Y=s2'11..
Finding unused cells or wires in module $paramod\noc_router\ROUTER_X=s2'01\ROUTER_Y=s2'00..
Finding unused cells or wires in module $paramod\noc_router\ROUTER_X=s2'01\ROUTER_Y=s2'01..
Finding unused cells or wires in module $paramod\noc_router\ROUTER_X=s2'01\ROUTER_Y=s2'10..
Finding unused cells or wires in module $paramod\noc_router\ROUTER_X=s2'01\ROUTER_Y=s2'11..
Finding unused cells or wires in module $paramod\noc_router\ROUTER_X=s2'10\ROUTER_Y=s2'00..
Finding unused cells or wires in module $paramod\noc_router\ROUTER_X=s2'10\ROUTER_Y=s2'01..
Finding unused cells or wires in module $paramod\noc_router\ROUTER_X=s2'10\ROUTER_Y=s2'10..
Finding unused cells or wires in module $paramod\noc_router\ROUTER_X=s2'10\ROUTER_Y=s2'11..
Finding unused cells or wires in module $paramod\noc_router\ROUTER_X=s2'11\ROUTER_Y=s2'00..
Finding unused cells or wires in module $paramod\noc_router\ROUTER_X=s2'11\ROUTER_Y=s2'01..
Finding unused cells or wires in module $paramod\noc_router\ROUTER_X=s2'11\ROUTER_Y=s2'10..
Finding unused cells or wires in module $paramod\noc_router\ROUTER_X=s2'11\ROUTER_Y=s2'11..
Finding unused cells or wires in module \noc_mesh..
Finding unused cells or wires in module $paramod\noc_router\ROUTER_X=s2'00\ROUTER_Y=s2'00..
Finding unused cells or wires in module \crossbar_5x5..
Finding unused cells or wires in module \switch_allocator..
Finding unused cells or wires in module \round_robin..
Finding unused cells or wires in module \xy_routing..
Finding unused cells or wires in module \fifo_buffer..

10.15.10. Executing MEMORY_COLLECT pass (generating $mem cells).

10.16. Executing OPT_CLEAN pass (remove unused cells and wires).
Finding unused cells or wires in module $paramod\noc_router\ROUTER_X=s2'00\ROUTER_Y=s2'01..
Finding unused cells or wires in module $paramod\noc_router\ROUTER_X=s2'00\ROUTER_Y=s2'10..
Finding unused cells or wires in module $paramod\noc_router\ROUTER_X=s2'00\ROUTER_Y=s2'11..
Finding unused cells or wires in module $paramod\noc_router\ROUTER_X=s2'01\ROUTER_Y=s2'00..
Finding unused cells or wires in module $paramod\noc_router\ROUTER_X=s2'01\ROUTER_Y=s2'01..
Finding unused cells or wires in module $paramod\noc_router\ROUTER_X=s2'01\ROUTER_Y=s2'10..
Finding unused cells or wires in module $paramod\noc_router\ROUTER_X=s2'01\ROUTER_Y=s2'11..
Finding unused cells or wires in module $paramod\noc_router\ROUTER_X=s2'10\ROUTER_Y=s2'00..
Finding unused cells or wires in module $paramod\noc_router\ROUTER_X=s2'10\ROUTER_Y=s2'01..
Finding unused cells or wires in module $paramod\noc_router\ROUTER_X=s2'10\ROUTER_Y=s2'10..
Finding unused cells or wires in module $paramod\noc_router\ROUTER_X=s2'10\ROUTER_Y=s2'11..
Finding unused cells or wires in module $paramod\noc_router\ROUTER_X=s2'11\ROUTER_Y=s2'00..
Finding unused cells or wires in module $paramod\noc_router\ROUTER_X=s2'11\ROUTER_Y=s2'01..
Finding unused cells or wires in module $paramod\noc_router\ROUTER_X=s2'11\ROUTER_Y=s2'10..
Finding unused cells or wires in module $paramod\noc_router\ROUTER_X=s2'11\ROUTER_Y=s2'11..
Finding unused cells or wires in module \noc_mesh..
Finding unused cells or wires in module $paramod\noc_router\ROUTER_X=s2'00\ROUTER_Y=s2'00..
Finding unused cells or wires in module \crossbar_5x5..
Finding unused cells or wires in module \switch_allocator..
Finding unused cells or wires in module \round_robin..
Finding unused cells or wires in module \xy_routing..
Finding unused cells or wires in module \fifo_buffer..

10.17. Executing OPT pass (performing simple optimizations).

10.17.1. Executing OPT_EXPR pass (perform const folding).
Optimizing module $paramod\noc_router\ROUTER_X=s2'00\ROUTER_Y=s2'01.
Optimizing module $paramod\noc_router\ROUTER_X=s2'00\ROUTER_Y=s2'10.
Optimizing module $paramod\noc_router\ROUTER_X=s2'00\ROUTER_Y=s2'11.
Optimizing module $paramod\noc_router\ROUTER_X=s2'01\ROUTER_Y=s2'00.
Optimizing module $paramod\noc_router\ROUTER_X=s2'01\ROUTER_Y=s2'01.
Optimizing module $paramod\noc_router\ROUTER_X=s2'01\ROUTER_Y=s2'10.
Optimizing module $paramod\noc_router\ROUTER_X=s2'01\ROUTER_Y=s2'11.
Optimizing module $paramod\noc_router\ROUTER_X=s2'10\ROUTER_Y=s2'00.
Optimizing module $paramod\noc_router\ROUTER_X=s2'10\ROUTER_Y=s2'01.
Optimizing module $paramod\noc_router\ROUTER_X=s2'10\ROUTER_Y=s2'10.
Optimizing module $paramod\noc_router\ROUTER_X=s2'10\ROUTER_Y=s2'11.
Optimizing module $paramod\noc_router\ROUTER_X=s2'11\ROUTER_Y=s2'00.
Optimizing module $paramod\noc_router\ROUTER_X=s2'11\ROUTER_Y=s2'01.
Optimizing module $paramod\noc_router\ROUTER_X=s2'11\ROUTER_Y=s2'10.
Optimizing module $paramod\noc_router\ROUTER_X=s2'11\ROUTER_Y=s2'11.
Optimizing module noc_mesh.
Optimizing module $paramod\noc_router\ROUTER_X=s2'00\ROUTER_Y=s2'00.
Optimizing module crossbar_5x5.
Optimizing module switch_allocator.
Optimizing module round_robin.
<suppressed ~13 debug messages>
Optimizing module xy_routing.
Optimizing module fifo_buffer.
<suppressed ~2 debug messages>

10.17.2. Executing OPT_MERGE pass (detect identical cells).
Finding identical cells in module `$paramod\noc_router\ROUTER_X=s2'00\ROUTER_Y=s2'01'.
Computing hashes of 74 cells of `$paramod\noc_router\ROUTER_X=s2'00\ROUTER_Y=s2'01'.
Finding duplicate cells in `$paramod\noc_router\ROUTER_X=s2'00\ROUTER_Y=s2'01'.
Finding identical cells in module `$paramod\noc_router\ROUTER_X=s2'00\ROUTER_Y=s2'10'.
Computing hashes of 74 cells of `$paramod\noc_router\ROUTER_X=s2'00\ROUTER_Y=s2'10'.
Finding duplicate cells in `$paramod\noc_router\ROUTER_X=s2'00\ROUTER_Y=s2'10'.
Finding identical cells in module `$paramod\noc_router\ROUTER_X=s2'00\ROUTER_Y=s2'11'.
Computing hashes of 74 cells of `$paramod\noc_router\ROUTER_X=s2'00\ROUTER_Y=s2'11'.
Finding duplicate cells in `$paramod\noc_router\ROUTER_X=s2'00\ROUTER_Y=s2'11'.
Finding identical cells in module `$paramod\noc_router\ROUTER_X=s2'01\ROUTER_Y=s2'00'.
Computing hashes of 74 cells of `$paramod\noc_router\ROUTER_X=s2'01\ROUTER_Y=s2'00'.
Finding duplicate cells in `$paramod\noc_router\ROUTER_X=s2'01\ROUTER_Y=s2'00'.
Finding identical cells in module `$paramod\noc_router\ROUTER_X=s2'01\ROUTER_Y=s2'01'.
Computing hashes of 74 cells of `$paramod\noc_router\ROUTER_X=s2'01\ROUTER_Y=s2'01'.
Finding duplicate cells in `$paramod\noc_router\ROUTER_X=s2'01\ROUTER_Y=s2'01'.
Finding identical cells in module `$paramod\noc_router\ROUTER_X=s2'01\ROUTER_Y=s2'10'.
Computing hashes of 74 cells of `$paramod\noc_router\ROUTER_X=s2'01\ROUTER_Y=s2'10'.
Finding duplicate cells in `$paramod\noc_router\ROUTER_X=s2'01\ROUTER_Y=s2'10'.
Finding identical cells in module `$paramod\noc_router\ROUTER_X=s2'01\ROUTER_Y=s2'11'.
Computing hashes of 74 cells of `$paramod\noc_router\ROUTER_X=s2'01\ROUTER_Y=s2'11'.
Finding duplicate cells in `$paramod\noc_router\ROUTER_X=s2'01\ROUTER_Y=s2'11'.
Finding identical cells in module `$paramod\noc_router\ROUTER_X=s2'10\ROUTER_Y=s2'00'.
Computing hashes of 74 cells of `$paramod\noc_router\ROUTER_X=s2'10\ROUTER_Y=s2'00'.
Finding duplicate cells in `$paramod\noc_router\ROUTER_X=s2'10\ROUTER_Y=s2'00'.
Finding identical cells in module `$paramod\noc_router\ROUTER_X=s2'10\ROUTER_Y=s2'01'.
Computing hashes of 74 cells of `$paramod\noc_router\ROUTER_X=s2'10\ROUTER_Y=s2'01'.
Finding duplicate cells in `$paramod\noc_router\ROUTER_X=s2'10\ROUTER_Y=s2'01'.
Finding identical cells in module `$paramod\noc_router\ROUTER_X=s2'10\ROUTER_Y=s2'10'.
Computing hashes of 74 cells of `$paramod\noc_router\ROUTER_X=s2'10\ROUTER_Y=s2'10'.
Finding duplicate cells in `$paramod\noc_router\ROUTER_X=s2'10\ROUTER_Y=s2'10'.
Finding identical cells in module `$paramod\noc_router\ROUTER_X=s2'10\ROUTER_Y=s2'11'.
Computing hashes of 74 cells of `$paramod\noc_router\ROUTER_X=s2'10\ROUTER_Y=s2'11'.
Finding duplicate cells in `$paramod\noc_router\ROUTER_X=s2'10\ROUTER_Y=s2'11'.
Finding identical cells in module `$paramod\noc_router\ROUTER_X=s2'11\ROUTER_Y=s2'00'.
Computing hashes of 74 cells of `$paramod\noc_router\ROUTER_X=s2'11\ROUTER_Y=s2'00'.
Finding duplicate cells in `$paramod\noc_router\ROUTER_X=s2'11\ROUTER_Y=s2'00'.
Finding identical cells in module `$paramod\noc_router\ROUTER_X=s2'11\ROUTER_Y=s2'01'.
Computing hashes of 74 cells of `$paramod\noc_router\ROUTER_X=s2'11\ROUTER_Y=s2'01'.
Finding duplicate cells in `$paramod\noc_router\ROUTER_X=s2'11\ROUTER_Y=s2'01'.
Finding identical cells in module `$paramod\noc_router\ROUTER_X=s2'11\ROUTER_Y=s2'10'.
Computing hashes of 74 cells of `$paramod\noc_router\ROUTER_X=s2'11\ROUTER_Y=s2'10'.
Finding duplicate cells in `$paramod\noc_router\ROUTER_X=s2'11\ROUTER_Y=s2'10'.
Finding identical cells in module `$paramod\noc_router\ROUTER_X=s2'11\ROUTER_Y=s2'11'.
Computing hashes of 74 cells of `$paramod\noc_router\ROUTER_X=s2'11\ROUTER_Y=s2'11'.
Finding duplicate cells in `$paramod\noc_router\ROUTER_X=s2'11\ROUTER_Y=s2'11'.
Finding identical cells in module `\noc_mesh'.
Computing hashes of 16 cells of `\noc_mesh'.
Finding duplicate cells in `\noc_mesh'.
Finding identical cells in module `$paramod\noc_router\ROUTER_X=s2'00\ROUTER_Y=s2'00'.
Computing hashes of 74 cells of `$paramod\noc_router\ROUTER_X=s2'00\ROUTER_Y=s2'00'.
Finding duplicate cells in `$paramod\noc_router\ROUTER_X=s2'00\ROUTER_Y=s2'00'.
Finding identical cells in module `\crossbar_5x5'.
Computing hashes of 25 cells of `\crossbar_5x5'.
Finding duplicate cells in `\crossbar_5x5'.
Finding identical cells in module `\switch_allocator'.
Computing hashes of 5 cells of `\switch_allocator'.
Finding duplicate cells in `\switch_allocator'.
Finding identical cells in module `\round_robin'.
Computing hashes of 93 cells of `\round_robin'.
Finding duplicate cells in `\round_robin'.
Finding identical cells in module `\xy_routing'.
Computing hashes of 12 cells of `\xy_routing'.
Finding duplicate cells in `\xy_routing'.
Finding identical cells in module `\fifo_buffer'.
Computing hashes of 34 cells of `\fifo_buffer'.
Finding duplicate cells in `\fifo_buffer'.
Removed a total of 0 cells.

10.17.3. Executing OPT_DFF pass (perform DFF optimizations).

10.17.4. Executing OPT_CLEAN pass (remove unused cells and wires).
Finding unused cells or wires in module $paramod\noc_router\ROUTER_X=s2'00\ROUTER_Y=s2'01..
Finding unused cells or wires in module $paramod\noc_router\ROUTER_X=s2'00\ROUTER_Y=s2'10..
Finding unused cells or wires in module $paramod\noc_router\ROUTER_X=s2'00\ROUTER_Y=s2'11..
Finding unused cells or wires in module $paramod\noc_router\ROUTER_X=s2'01\ROUTER_Y=s2'00..
Finding unused cells or wires in module $paramod\noc_router\ROUTER_X=s2'01\ROUTER_Y=s2'01..
Finding unused cells or wires in module $paramod\noc_router\ROUTER_X=s2'01\ROUTER_Y=s2'10..
Finding unused cells or wires in module $paramod\noc_router\ROUTER_X=s2'01\ROUTER_Y=s2'11..
Finding unused cells or wires in module $paramod\noc_router\ROUTER_X=s2'10\ROUTER_Y=s2'00..
Finding unused cells or wires in module $paramod\noc_router\ROUTER_X=s2'10\ROUTER_Y=s2'01..
Finding unused cells or wires in module $paramod\noc_router\ROUTER_X=s2'10\ROUTER_Y=s2'10..
Finding unused cells or wires in module $paramod\noc_router\ROUTER_X=s2'10\ROUTER_Y=s2'11..
Finding unused cells or wires in module $paramod\noc_router\ROUTER_X=s2'11\ROUTER_Y=s2'00..
Finding unused cells or wires in module $paramod\noc_router\ROUTER_X=s2'11\ROUTER_Y=s2'01..
Finding unused cells or wires in module $paramod\noc_router\ROUTER_X=s2'11\ROUTER_Y=s2'10..
Finding unused cells or wires in module $paramod\noc_router\ROUTER_X=s2'11\ROUTER_Y=s2'11..
Finding unused cells or wires in module \noc_mesh..
Finding unused cells or wires in module $paramod\noc_router\ROUTER_X=s2'00\ROUTER_Y=s2'00..
Finding unused cells or wires in module \crossbar_5x5..
Finding unused cells or wires in module \switch_allocator..
Finding unused cells or wires in module \round_robin..
Finding unused cells or wires in module \xy_routing..
Finding unused cells or wires in module \fifo_buffer..
Removed 1 unused cells and 12 unused wires.
<suppressed ~3 debug messages>

10.17.5. Finished fast OPT passes.

10.18. Executing MEMORY_MAP pass (converting memories to logic and flip-flops).

10.19. Executing OPT pass (performing simple optimizations).

10.19.1. Executing OPT_EXPR pass (perform const folding).
Optimizing module $paramod\noc_router\ROUTER_X=s2'00\ROUTER_Y=s2'01.
Optimizing module $paramod\noc_router\ROUTER_X=s2'00\ROUTER_Y=s2'10.
Optimizing module $paramod\noc_router\ROUTER_X=s2'00\ROUTER_Y=s2'11.
Optimizing module $paramod\noc_router\ROUTER_X=s2'01\ROUTER_Y=s2'00.
Optimizing module $paramod\noc_router\ROUTER_X=s2'01\ROUTER_Y=s2'01.
Optimizing module $paramod\noc_router\ROUTER_X=s2'01\ROUTER_Y=s2'10.
Optimizing module $paramod\noc_router\ROUTER_X=s2'01\ROUTER_Y=s2'11.
Optimizing module $paramod\noc_router\ROUTER_X=s2'10\ROUTER_Y=s2'00.
Optimizing module $paramod\noc_router\ROUTER_X=s2'10\ROUTER_Y=s2'01.
Optimizing module $paramod\noc_router\ROUTER_X=s2'10\ROUTER_Y=s2'10.
Optimizing module $paramod\noc_router\ROUTER_X=s2'10\ROUTER_Y=s2'11.
Optimizing module $paramod\noc_router\ROUTER_X=s2'11\ROUTER_Y=s2'00.
Optimizing module $paramod\noc_router\ROUTER_X=s2'11\ROUTER_Y=s2'01.
Optimizing module $paramod\noc_router\ROUTER_X=s2'11\ROUTER_Y=s2'10.
Optimizing module $paramod\noc_router\ROUTER_X=s2'11\ROUTER_Y=s2'11.
Optimizing module noc_mesh.
Optimizing module $paramod\noc_router\ROUTER_X=s2'00\ROUTER_Y=s2'00.
Optimizing module crossbar_5x5.
Optimizing module switch_allocator.
Optimizing module round_robin.
Optimizing module xy_routing.
Optimizing module fifo_buffer.

10.19.2. Executing OPT_MERGE pass (detect identical cells).
Finding identical cells in module `$paramod\noc_router\ROUTER_X=s2'00\ROUTER_Y=s2'01'.
Computing hashes of 74 cells of `$paramod\noc_router\ROUTER_X=s2'00\ROUTER_Y=s2'01'.
Finding duplicate cells in `$paramod\noc_router\ROUTER_X=s2'00\ROUTER_Y=s2'01'.
Finding identical cells in module `$paramod\noc_router\ROUTER_X=s2'00\ROUTER_Y=s2'10'.
Computing hashes of 74 cells of `$paramod\noc_router\ROUTER_X=s2'00\ROUTER_Y=s2'10'.
Finding duplicate cells in `$paramod\noc_router\ROUTER_X=s2'00\ROUTER_Y=s2'10'.
Finding identical cells in module `$paramod\noc_router\ROUTER_X=s2'00\ROUTER_Y=s2'11'.
Computing hashes of 74 cells of `$paramod\noc_router\ROUTER_X=s2'00\ROUTER_Y=s2'11'.
Finding duplicate cells in `$paramod\noc_router\ROUTER_X=s2'00\ROUTER_Y=s2'11'.
Finding identical cells in module `$paramod\noc_router\ROUTER_X=s2'01\ROUTER_Y=s2'00'.
Computing hashes of 74 cells of `$paramod\noc_router\ROUTER_X=s2'01\ROUTER_Y=s2'00'.
Finding duplicate cells in `$paramod\noc_router\ROUTER_X=s2'01\ROUTER_Y=s2'00'.
Finding identical cells in module `$paramod\noc_router\ROUTER_X=s2'01\ROUTER_Y=s2'01'.
Computing hashes of 74 cells of `$paramod\noc_router\ROUTER_X=s2'01\ROUTER_Y=s2'01'.
Finding duplicate cells in `$paramod\noc_router\ROUTER_X=s2'01\ROUTER_Y=s2'01'.
Finding identical cells in module `$paramod\noc_router\ROUTER_X=s2'01\ROUTER_Y=s2'10'.
Computing hashes of 74 cells of `$paramod\noc_router\ROUTER_X=s2'01\ROUTER_Y=s2'10'.
Finding duplicate cells in `$paramod\noc_router\ROUTER_X=s2'01\ROUTER_Y=s2'10'.
Finding identical cells in module `$paramod\noc_router\ROUTER_X=s2'01\ROUTER_Y=s2'11'.
Computing hashes of 74 cells of `$paramod\noc_router\ROUTER_X=s2'01\ROUTER_Y=s2'11'.
Finding duplicate cells in `$paramod\noc_router\ROUTER_X=s2'01\ROUTER_Y=s2'11'.
Finding identical cells in module `$paramod\noc_router\ROUTER_X=s2'10\ROUTER_Y=s2'00'.
Computing hashes of 74 cells of `$paramod\noc_router\ROUTER_X=s2'10\ROUTER_Y=s2'00'.
Finding duplicate cells in `$paramod\noc_router\ROUTER_X=s2'10\ROUTER_Y=s2'00'.
Finding identical cells in module `$paramod\noc_router\ROUTER_X=s2'10\ROUTER_Y=s2'01'.
Computing hashes of 74 cells of `$paramod\noc_router\ROUTER_X=s2'10\ROUTER_Y=s2'01'.
Finding duplicate cells in `$paramod\noc_router\ROUTER_X=s2'10\ROUTER_Y=s2'01'.
Finding identical cells in module `$paramod\noc_router\ROUTER_X=s2'10\ROUTER_Y=s2'10'.
Computing hashes of 74 cells of `$paramod\noc_router\ROUTER_X=s2'10\ROUTER_Y=s2'10'.
Finding duplicate cells in `$paramod\noc_router\ROUTER_X=s2'10\ROUTER_Y=s2'10'.
Finding identical cells in module `$paramod\noc_router\ROUTER_X=s2'10\ROUTER_Y=s2'11'.
Computing hashes of 74 cells of `$paramod\noc_router\ROUTER_X=s2'10\ROUTER_Y=s2'11'.
Finding duplicate cells in `$paramod\noc_router\ROUTER_X=s2'10\ROUTER_Y=s2'11'.
Finding identical cells in module `$paramod\noc_router\ROUTER_X=s2'11\ROUTER_Y=s2'00'.
Computing hashes of 74 cells of `$paramod\noc_router\ROUTER_X=s2'11\ROUTER_Y=s2'00'.
Finding duplicate cells in `$paramod\noc_router\ROUTER_X=s2'11\ROUTER_Y=s2'00'.
Finding identical cells in module `$paramod\noc_router\ROUTER_X=s2'11\ROUTER_Y=s2'01'.
Computing hashes of 74 cells of `$paramod\noc_router\ROUTER_X=s2'11\ROUTER_Y=s2'01'.
Finding duplicate cells in `$paramod\noc_router\ROUTER_X=s2'11\ROUTER_Y=s2'01'.
Finding identical cells in module `$paramod\noc_router\ROUTER_X=s2'11\ROUTER_Y=s2'10'.
Computing hashes of 74 cells of `$paramod\noc_router\ROUTER_X=s2'11\ROUTER_Y=s2'10'.
Finding duplicate cells in `$paramod\noc_router\ROUTER_X=s2'11\ROUTER_Y=s2'10'.
Finding identical cells in module `$paramod\noc_router\ROUTER_X=s2'11\ROUTER_Y=s2'11'.
Computing hashes of 74 cells of `$paramod\noc_router\ROUTER_X=s2'11\ROUTER_Y=s2'11'.
Finding duplicate cells in `$paramod\noc_router\ROUTER_X=s2'11\ROUTER_Y=s2'11'.
Finding identical cells in module `\noc_mesh'.
Computing hashes of 16 cells of `\noc_mesh'.
Finding duplicate cells in `\noc_mesh'.
Finding identical cells in module `$paramod\noc_router\ROUTER_X=s2'00\ROUTER_Y=s2'00'.
Computing hashes of 74 cells of `$paramod\noc_router\ROUTER_X=s2'00\ROUTER_Y=s2'00'.
Finding duplicate cells in `$paramod\noc_router\ROUTER_X=s2'00\ROUTER_Y=s2'00'.
Finding identical cells in module `\crossbar_5x5'.
Computing hashes of 25 cells of `\crossbar_5x5'.
Finding duplicate cells in `\crossbar_5x5'.
Finding identical cells in module `\switch_allocator'.
Computing hashes of 5 cells of `\switch_allocator'.
Finding duplicate cells in `\switch_allocator'.
Finding identical cells in module `\round_robin'.
Computing hashes of 93 cells of `\round_robin'.
Finding duplicate cells in `\round_robin'.
Finding identical cells in module `\xy_routing'.
Computing hashes of 12 cells of `\xy_routing'.
Finding duplicate cells in `\xy_routing'.
Finding identical cells in module `\fifo_buffer'.
Computing hashes of 33 cells of `\fifo_buffer'.
Finding duplicate cells in `\fifo_buffer'.
Removed a total of 0 cells.

10.19.3. Executing OPT_MUXTREE pass (detect dead branches in mux trees).
Running muxtree optimizer on module $paramod\noc_router\ROUTER_X=s2'00\ROUTER_Y=s2'01..
  Creating internal representation of mux trees.
  Evaluating internal representation of mux trees.
  Analyzing evaluation results.
Running muxtree optimizer on module $paramod\noc_router\ROUTER_X=s2'00\ROUTER_Y=s2'10..
  Creating internal representation of mux trees.
  Evaluating internal representation of mux trees.
  Analyzing evaluation results.
Running muxtree optimizer on module $paramod\noc_router\ROUTER_X=s2'00\ROUTER_Y=s2'11..
  Creating internal representation of mux trees.
  Evaluating internal representation of mux trees.
  Analyzing evaluation results.
Running muxtree optimizer on module $paramod\noc_router\ROUTER_X=s2'01\ROUTER_Y=s2'00..
  Creating internal representation of mux trees.
  Evaluating internal representation of mux trees.
  Analyzing evaluation results.
Running muxtree optimizer on module $paramod\noc_router\ROUTER_X=s2'01\ROUTER_Y=s2'01..
  Creating internal representation of mux trees.
  Evaluating internal representation of mux trees.
  Analyzing evaluation results.
Running muxtree optimizer on module $paramod\noc_router\ROUTER_X=s2'01\ROUTER_Y=s2'10..
  Creating internal representation of mux trees.
  Evaluating internal representation of mux trees.
  Analyzing evaluation results.
Running muxtree optimizer on module $paramod\noc_router\ROUTER_X=s2'01\ROUTER_Y=s2'11..
  Creating internal representation of mux trees.
  Evaluating internal representation of mux trees.
  Analyzing evaluation results.
Running muxtree optimizer on module $paramod\noc_router\ROUTER_X=s2'10\ROUTER_Y=s2'00..
  Creating internal representation of mux trees.
  Evaluating internal representation of mux trees.
  Analyzing evaluation results.
Running muxtree optimizer on module $paramod\noc_router\ROUTER_X=s2'10\ROUTER_Y=s2'01..
  Creating internal representation of mux trees.
  Evaluating internal representation of mux trees.
  Analyzing evaluation results.
Running muxtree optimizer on module $paramod\noc_router\ROUTER_X=s2'10\ROUTER_Y=s2'10..
  Creating internal representation of mux trees.
  Evaluating internal representation of mux trees.
  Analyzing evaluation results.
Running muxtree optimizer on module $paramod\noc_router\ROUTER_X=s2'10\ROUTER_Y=s2'11..
  Creating internal representation of mux trees.
  Evaluating internal representation of mux trees.
  Analyzing evaluation results.
Running muxtree optimizer on module $paramod\noc_router\ROUTER_X=s2'11\ROUTER_Y=s2'00..
  Creating internal representation of mux trees.
  Evaluating internal representation of mux trees.
  Analyzing evaluation results.
Running muxtree optimizer on module $paramod\noc_router\ROUTER_X=s2'11\ROUTER_Y=s2'01..
  Creating internal representation of mux trees.
  Evaluating internal representation of mux trees.
  Analyzing evaluation results.
Running muxtree optimizer on module $paramod\noc_router\ROUTER_X=s2'11\ROUTER_Y=s2'10..
  Creating internal representation of mux trees.
  Evaluating internal representation of mux trees.
  Analyzing evaluation results.
Running muxtree optimizer on module $paramod\noc_router\ROUTER_X=s2'11\ROUTER_Y=s2'11..
  Creating internal representation of mux trees.
  Evaluating internal representation of mux trees.
  Analyzing evaluation results.
Running muxtree optimizer on module \noc_mesh..
  Creating internal representation of mux trees.
  No muxes found in this module.
Running muxtree optimizer on module $paramod\noc_router\ROUTER_X=s2'00\ROUTER_Y=s2'00..
  Creating internal representation of mux trees.
  Evaluating internal representation of mux trees.
  Analyzing evaluation results.
Running muxtree optimizer on module \crossbar_5x5..
  Creating internal representation of mux trees.
  Evaluating internal representation of mux trees.
  Analyzing evaluation results.
Running muxtree optimizer on module \switch_allocator..
  Creating internal representation of mux trees.
  No muxes found in this module.
Running muxtree optimizer on module \round_robin..
  Creating internal representation of mux trees.
  Evaluating internal representation of mux trees.
  Analyzing evaluation results.
Running muxtree optimizer on module \xy_routing..
  Creating internal representation of mux trees.
  Evaluating internal representation of mux trees.
  Analyzing evaluation results.
Running muxtree optimizer on module \fifo_buffer..
  Creating internal representation of mux trees.
  Evaluating internal representation of mux trees.
  Analyzing evaluation results.
Removed 0 multiplexer ports.
<suppressed ~390 debug messages>

10.19.4. Executing OPT_REDUCE pass (consolidate $*mux and $reduce_* inputs).
  Optimizing cells in module $paramod\noc_router\ROUTER_X=s2'00\ROUTER_Y=s2'01.
  Optimizing cells in module $paramod\noc_router\ROUTER_X=s2'00\ROUTER_Y=s2'10.
  Optimizing cells in module $paramod\noc_router\ROUTER_X=s2'00\ROUTER_Y=s2'11.
  Optimizing cells in module $paramod\noc_router\ROUTER_X=s2'01\ROUTER_Y=s2'00.
  Optimizing cells in module $paramod\noc_router\ROUTER_X=s2'01\ROUTER_Y=s2'01.
  Optimizing cells in module $paramod\noc_router\ROUTER_X=s2'01\ROUTER_Y=s2'10.
  Optimizing cells in module $paramod\noc_router\ROUTER_X=s2'01\ROUTER_Y=s2'11.
  Optimizing cells in module $paramod\noc_router\ROUTER_X=s2'10\ROUTER_Y=s2'00.
  Optimizing cells in module $paramod\noc_router\ROUTER_X=s2'10\ROUTER_Y=s2'01.
  Optimizing cells in module $paramod\noc_router\ROUTER_X=s2'10\ROUTER_Y=s2'10.
  Optimizing cells in module $paramod\noc_router\ROUTER_X=s2'10\ROUTER_Y=s2'11.
  Optimizing cells in module $paramod\noc_router\ROUTER_X=s2'11\ROUTER_Y=s2'00.
  Optimizing cells in module $paramod\noc_router\ROUTER_X=s2'11\ROUTER_Y=s2'01.
  Optimizing cells in module $paramod\noc_router\ROUTER_X=s2'11\ROUTER_Y=s2'10.
  Optimizing cells in module $paramod\noc_router\ROUTER_X=s2'11\ROUTER_Y=s2'11.
  Optimizing cells in module \noc_mesh.
  Optimizing cells in module $paramod\noc_router\ROUTER_X=s2'00\ROUTER_Y=s2'00.
  Optimizing cells in module \crossbar_5x5.
  Optimizing cells in module \switch_allocator.
  Optimizing cells in module \round_robin.
    Consolidated identical input bits for $mux cell $procmux$2882:
      Old ports: A={ 28'0000000000000000000000000000 $add$../flattened_rtl/round_robin_arbitration.sv:51$111_Y [3:2] \priority_ptr [1:0] }, B={ $sub$../flattened_rtl/round_robin_arbitration.sv:54$113_Y [4] $sub$../flattened_rtl/round_robin_arbitration.sv:54$113_Y [4] $sub$../flattened_rtl/round_robin_arbitration.sv:54$113_Y [4] $sub$../flattened_rtl/round_robin_arbitration.sv:54$113_Y [4] $sub$../flattened_rtl/round_robin_arbitration.sv:54$113_Y [4] $sub$../flattened_rtl/round_robin_arbitration.sv:54$113_Y [4] $sub$../flattened_rtl/round_robin_arbitration.sv:54$113_Y [4] $sub$../flattened_rtl/round_robin_arbitration.sv:54$113_Y [4] $sub$../flattened_rtl/round_robin_arbitration.sv:54$113_Y [4] $sub$../flattened_rtl/round_robin_arbitration.sv:54$113_Y [4] $sub$../flattened_rtl/round_robin_arbitration.sv:54$113_Y [4] $sub$../flattened_rtl/round_robin_arbitration.sv:54$113_Y [4] $sub$../flattened_rtl/round_robin_arbitration.sv:54$113_Y [4] $sub$../flattened_rtl/round_robin_arbitration.sv:54$113_Y [4] $sub$../flattened_rtl/round_robin_arbitration.sv:54$113_Y [4] $sub$../flattened_rtl/round_robin_arbitration.sv:54$113_Y [4] $sub$../flattened_rtl/round_robin_arbitration.sv:54$113_Y [4] $sub$../flattened_rtl/round_robin_arbitration.sv:54$113_Y [4] $sub$../flattened_rtl/round_robin_arbitration.sv:54$113_Y [4] $sub$../flattened_rtl/round_robin_arbitration.sv:54$113_Y [4] $sub$../flattened_rtl/round_robin_arbitration.sv:54$113_Y [4] $sub$../flattened_rtl/round_robin_arbitration.sv:54$113_Y [4] $sub$../flattened_rtl/round_robin_arbitration.sv:54$113_Y [4] $sub$../flattened_rtl/round_robin_arbitration.sv:54$113_Y [4] $sub$../flattened_rtl/round_robin_arbitration.sv:54$113_Y [4] $sub$../flattened_rtl/round_robin_arbitration.sv:54$113_Y [4] $sub$../flattened_rtl/round_robin_arbitration.sv:54$113_Y [4] $sub$../flattened_rtl/round_robin_arbitration.sv:54$113_Y [4:0] }, Y=$6\request_index[31:0]
      New ports: A={ 1'0 $add$../flattened_rtl/round_robin_arbitration.sv:51$111_Y [3:2] \priority_ptr [1:0] }, B=$sub$../flattened_rtl/round_robin_arbitration.sv:54$113_Y [4:0], Y=$6\request_index[31:0] [4:0]
      New connections: $6\request_index[31:0] [31:5] = { $6\request_index[31:0] [4] $6\request_index[31:0] [4] $6\request_index[31:0] [4] $6\request_index[31:0] [4] $6\request_index[31:0] [4] $6\request_index[31:0] [4] $6\request_index[31:0] [4] $6\request_index[31:0] [4] $6\request_index[31:0] [4] $6\request_index[31:0] [4] $6\request_index[31:0] [4] $6\request_index[31:0] [4] $6\request_index[31:0] [4] $6\request_index[31:0] [4] $6\request_index[31:0] [4] $6\request_index[31:0] [4] $6\request_index[31:0] [4] $6\request_index[31:0] [4] $6\request_index[31:0] [4] $6\request_index[31:0] [4] $6\request_index[31:0] [4] $6\request_index[31:0] [4] $6\request_index[31:0] [4] $6\request_index[31:0] [4] $6\request_index[31:0] [4] $6\request_index[31:0] [4] $6\request_index[31:0] [4] }
    Consolidated identical input bits for $mux cell $procmux$2859:
      Old ports: A=3'001, B=3'010, Y=$procmux$2859_Y
      New ports: A=2'01, B=2'10, Y=$procmux$2859_Y [1:0]
      New connections: $procmux$2859_Y [2] = 1'0
    Consolidated identical input bits for $mux cell $procmux$2900:
      Old ports: A={ 28'0000000000000000000000000000 $add$../flattened_rtl/round_robin_arbitration.sv:51$97_Y }, B={ $sub$../flattened_rtl/round_robin_arbitration.sv:54$99_Y [4] $sub$../flattened_rtl/round_robin_arbitration.sv:54$99_Y [4] $sub$../flattened_rtl/round_robin_arbitration.sv:54$99_Y [4] $sub$../flattened_rtl/round_robin_arbitration.sv:54$99_Y [4] $sub$../flattened_rtl/round_robin_arbitration.sv:54$99_Y [4] $sub$../flattened_rtl/round_robin_arbitration.sv:54$99_Y [4] $sub$../flattened_rtl/round_robin_arbitration.sv:54$99_Y [4] $sub$../flattened_rtl/round_robin_arbitration.sv:54$99_Y [4] $sub$../flattened_rtl/round_robin_arbitration.sv:54$99_Y [4] $sub$../flattened_rtl/round_robin_arbitration.sv:54$99_Y [4] $sub$../flattened_rtl/round_robin_arbitration.sv:54$99_Y [4] $sub$../flattened_rtl/round_robin_arbitration.sv:54$99_Y [4] $sub$../flattened_rtl/round_robin_arbitration.sv:54$99_Y [4] $sub$../flattened_rtl/round_robin_arbitration.sv:54$99_Y [4] $sub$../flattened_rtl/round_robin_arbitration.sv:54$99_Y [4] $sub$../flattened_rtl/round_robin_arbitration.sv:54$99_Y [4] $sub$../flattened_rtl/round_robin_arbitration.sv:54$99_Y [4] $sub$../flattened_rtl/round_robin_arbitration.sv:54$99_Y [4] $sub$../flattened_rtl/round_robin_arbitration.sv:54$99_Y [4] $sub$../flattened_rtl/round_robin_arbitration.sv:54$99_Y [4] $sub$../flattened_rtl/round_robin_arbitration.sv:54$99_Y [4] $sub$../flattened_rtl/round_robin_arbitration.sv:54$99_Y [4] $sub$../flattened_rtl/round_robin_arbitration.sv:54$99_Y [4] $sub$../flattened_rtl/round_robin_arbitration.sv:54$99_Y [4] $sub$../flattened_rtl/round_robin_arbitration.sv:54$99_Y [4] $sub$../flattened_rtl/round_robin_arbitration.sv:54$99_Y [4] $sub$../flattened_rtl/round_robin_arbitration.sv:54$99_Y [4] $sub$../flattened_rtl/round_robin_arbitration.sv:54$99_Y [4:0] }, Y=$5\request_index[31:0]
      New ports: A={ 1'0 $add$../flattened_rtl/round_robin_arbitration.sv:51$97_Y }, B=$sub$../flattened_rtl/round_robin_arbitration.sv:54$99_Y [4:0], Y=$5\request_index[31:0] [4:0]
      New connections: $5\request_index[31:0] [31:5] = { $5\request_index[31:0] [4] $5\request_index[31:0] [4] $5\request_index[31:0] [4] $5\request_index[31:0] [4] $5\request_index[31:0] [4] $5\request_index[31:0] [4] $5\request_index[31:0] [4] $5\request_index[31:0] [4] $5\request_index[31:0] [4] $5\request_index[31:0] [4] $5\request_index[31:0] [4] $5\request_index[31:0] [4] $5\request_index[31:0] [4] $5\request_index[31:0] [4] $5\request_index[31:0] [4] $5\request_index[31:0] [4] $5\request_index[31:0] [4] $5\request_index[31:0] [4] $5\request_index[31:0] [4] $5\request_index[31:0] [4] $5\request_index[31:0] [4] $5\request_index[31:0] [4] $5\request_index[31:0] [4] $5\request_index[31:0] [4] $5\request_index[31:0] [4] $5\request_index[31:0] [4] $5\request_index[31:0] [4] }
    Consolidated identical input bits for $mux cell $procmux$2954:
      Old ports: A={ 29'00000000000000000000000000000 \priority_ptr }, B={ $sub$../flattened_rtl/round_robin_arbitration.sv:54$57_Y [3] $sub$../flattened_rtl/round_robin_arbitration.sv:54$57_Y [3] $sub$../flattened_rtl/round_robin_arbitration.sv:54$57_Y [3] $sub$../flattened_rtl/round_robin_arbitration.sv:54$57_Y [3] $sub$../flattened_rtl/round_robin_arbitration.sv:54$57_Y [3] $sub$../flattened_rtl/round_robin_arbitration.sv:54$57_Y [3] $sub$../flattened_rtl/round_robin_arbitration.sv:54$57_Y [3] $sub$../flattened_rtl/round_robin_arbitration.sv:54$57_Y [3] $sub$../flattened_rtl/round_robin_arbitration.sv:54$57_Y [3] $sub$../flattened_rtl/round_robin_arbitration.sv:54$57_Y [3] $sub$../flattened_rtl/round_robin_arbitration.sv:54$57_Y [3] $sub$../flattened_rtl/round_robin_arbitration.sv:54$57_Y [3] $sub$../flattened_rtl/round_robin_arbitration.sv:54$57_Y [3] $sub$../flattened_rtl/round_robin_arbitration.sv:54$57_Y [3] $sub$../flattened_rtl/round_robin_arbitration.sv:54$57_Y [3] $sub$../flattened_rtl/round_robin_arbitration.sv:54$57_Y [3] $sub$../flattened_rtl/round_robin_arbitration.sv:54$57_Y [3] $sub$../flattened_rtl/round_robin_arbitration.sv:54$57_Y [3] $sub$../flattened_rtl/round_robin_arbitration.sv:54$57_Y [3] $sub$../flattened_rtl/round_robin_arbitration.sv:54$57_Y [3] $sub$../flattened_rtl/round_robin_arbitration.sv:54$57_Y [3] $sub$../flattened_rtl/round_robin_arbitration.sv:54$57_Y [3] $sub$../flattened_rtl/round_robin_arbitration.sv:54$57_Y [3] $sub$../flattened_rtl/round_robin_arbitration.sv:54$57_Y [3] $sub$../flattened_rtl/round_robin_arbitration.sv:54$57_Y [3] $sub$../flattened_rtl/round_robin_arbitration.sv:54$57_Y [3] $sub$../flattened_rtl/round_robin_arbitration.sv:54$57_Y [3] $sub$../flattened_rtl/round_robin_arbitration.sv:54$57_Y [3] $sub$../flattened_rtl/round_robin_arbitration.sv:54$57_Y [3:0] }, Y=$2\request_index[31:0]
      New ports: A={ 1'0 \priority_ptr }, B=$sub$../flattened_rtl/round_robin_arbitration.sv:54$57_Y [3:0], Y=$2\request_index[31:0] [3:0]
      New connections: $2\request_index[31:0] [31:4] = { $2\request_index[31:0] [3] $2\request_index[31:0] [3] $2\request_index[31:0] [3] $2\request_index[31:0] [3] $2\request_index[31:0] [3] $2\request_index[31:0] [3] $2\request_index[31:0] [3] $2\request_index[31:0] [3] $2\request_index[31:0] [3] $2\request_index[31:0] [3] $2\request_index[31:0] [3] $2\request_index[31:0] [3] $2\request_index[31:0] [3] $2\request_index[31:0] [3] $2\request_index[31:0] [3] $2\request_index[31:0] [3] $2\request_index[31:0] [3] $2\request_index[31:0] [3] $2\request_index[31:0] [3] $2\request_index[31:0] [3] $2\request_index[31:0] [3] $2\request_index[31:0] [3] $2\request_index[31:0] [3] $2\request_index[31:0] [3] $2\request_index[31:0] [3] $2\request_index[31:0] [3] $2\request_index[31:0] [3] $2\request_index[31:0] [3] }
    Consolidated identical input bits for $mux cell $procmux$2918:
      Old ports: A={ 28'0000000000000000000000000000 $add$../flattened_rtl/round_robin_arbitration.sv:51$83_Y [3:1] \priority_ptr [0] }, B={ $sub$../flattened_rtl/round_robin_arbitration.sv:54$85_Y [4] $sub$../flattened_rtl/round_robin_arbitration.sv:54$85_Y [4] $sub$../flattened_rtl/round_robin_arbitration.sv:54$85_Y [4] $sub$../flattened_rtl/round_robin_arbitration.sv:54$85_Y [4] $sub$../flattened_rtl/round_robin_arbitration.sv:54$85_Y [4] $sub$../flattened_rtl/round_robin_arbitration.sv:54$85_Y [4] $sub$../flattened_rtl/round_robin_arbitration.sv:54$85_Y [4] $sub$../flattened_rtl/round_robin_arbitration.sv:54$85_Y [4] $sub$../flattened_rtl/round_robin_arbitration.sv:54$85_Y [4] $sub$../flattened_rtl/round_robin_arbitration.sv:54$85_Y [4] $sub$../flattened_rtl/round_robin_arbitration.sv:54$85_Y [4] $sub$../flattened_rtl/round_robin_arbitration.sv:54$85_Y [4] $sub$../flattened_rtl/round_robin_arbitration.sv:54$85_Y [4] $sub$../flattened_rtl/round_robin_arbitration.sv:54$85_Y [4] $sub$../flattened_rtl/round_robin_arbitration.sv:54$85_Y [4] $sub$../flattened_rtl/round_robin_arbitration.sv:54$85_Y [4] $sub$../flattened_rtl/round_robin_arbitration.sv:54$85_Y [4] $sub$../flattened_rtl/round_robin_arbitration.sv:54$85_Y [4] $sub$../flattened_rtl/round_robin_arbitration.sv:54$85_Y [4] $sub$../flattened_rtl/round_robin_arbitration.sv:54$85_Y [4] $sub$../flattened_rtl/round_robin_arbitration.sv:54$85_Y [4] $sub$../flattened_rtl/round_robin_arbitration.sv:54$85_Y [4] $sub$../flattened_rtl/round_robin_arbitration.sv:54$85_Y [4] $sub$../flattened_rtl/round_robin_arbitration.sv:54$85_Y [4] $sub$../flattened_rtl/round_robin_arbitration.sv:54$85_Y [4] $sub$../flattened_rtl/round_robin_arbitration.sv:54$85_Y [4] $sub$../flattened_rtl/round_robin_arbitration.sv:54$85_Y [4] $sub$../flattened_rtl/round_robin_arbitration.sv:54$85_Y [4:0] }, Y=$4\request_index[31:0]
      New ports: A={ 1'0 $add$../flattened_rtl/round_robin_arbitration.sv:51$83_Y [3:1] \priority_ptr [0] }, B=$sub$../flattened_rtl/round_robin_arbitration.sv:54$85_Y [4:0], Y=$4\request_index[31:0] [4:0]
      New connections: $4\request_index[31:0] [31:5] = { $4\request_index[31:0] [4] $4\request_index[31:0] [4] $4\request_index[31:0] [4] $4\request_index[31:0] [4] $4\request_index[31:0] [4] $4\request_index[31:0] [4] $4\request_index[31:0] [4] $4\request_index[31:0] [4] $4\request_index[31:0] [4] $4\request_index[31:0] [4] $4\request_index[31:0] [4] $4\request_index[31:0] [4] $4\request_index[31:0] [4] $4\request_index[31:0] [4] $4\request_index[31:0] [4] $4\request_index[31:0] [4] $4\request_index[31:0] [4] $4\request_index[31:0] [4] $4\request_index[31:0] [4] $4\request_index[31:0] [4] $4\request_index[31:0] [4] $4\request_index[31:0] [4] $4\request_index[31:0] [4] $4\request_index[31:0] [4] $4\request_index[31:0] [4] $4\request_index[31:0] [4] $4\request_index[31:0] [4] }
    Consolidated identical input bits for $mux cell $procmux$2936:
      Old ports: A={ 28'0000000000000000000000000000 $add$../flattened_rtl/round_robin_arbitration.sv:51$69_Y }, B={ $sub$../flattened_rtl/round_robin_arbitration.sv:54$71_Y [4] $sub$../flattened_rtl/round_robin_arbitration.sv:54$71_Y [4] $sub$../flattened_rtl/round_robin_arbitration.sv:54$71_Y [4] $sub$../flattened_rtl/round_robin_arbitration.sv:54$71_Y [4] $sub$../flattened_rtl/round_robin_arbitration.sv:54$71_Y [4] $sub$../flattened_rtl/round_robin_arbitration.sv:54$71_Y [4] $sub$../flattened_rtl/round_robin_arbitration.sv:54$71_Y [4] $sub$../flattened_rtl/round_robin_arbitration.sv:54$71_Y [4] $sub$../flattened_rtl/round_robin_arbitration.sv:54$71_Y [4] $sub$../flattened_rtl/round_robin_arbitration.sv:54$71_Y [4] $sub$../flattened_rtl/round_robin_arbitration.sv:54$71_Y [4] $sub$../flattened_rtl/round_robin_arbitration.sv:54$71_Y [4] $sub$../flattened_rtl/round_robin_arbitration.sv:54$71_Y [4] $sub$../flattened_rtl/round_robin_arbitration.sv:54$71_Y [4] $sub$../flattened_rtl/round_robin_arbitration.sv:54$71_Y [4] $sub$../flattened_rtl/round_robin_arbitration.sv:54$71_Y [4] $sub$../flattened_rtl/round_robin_arbitration.sv:54$71_Y [4] $sub$../flattened_rtl/round_robin_arbitration.sv:54$71_Y [4] $sub$../flattened_rtl/round_robin_arbitration.sv:54$71_Y [4] $sub$../flattened_rtl/round_robin_arbitration.sv:54$71_Y [4] $sub$../flattened_rtl/round_robin_arbitration.sv:54$71_Y [4] $sub$../flattened_rtl/round_robin_arbitration.sv:54$71_Y [4] $sub$../flattened_rtl/round_robin_arbitration.sv:54$71_Y [4] $sub$../flattened_rtl/round_robin_arbitration.sv:54$71_Y [4] $sub$../flattened_rtl/round_robin_arbitration.sv:54$71_Y [4] $sub$../flattened_rtl/round_robin_arbitration.sv:54$71_Y [4] $sub$../flattened_rtl/round_robin_arbitration.sv:54$71_Y [4] $sub$../flattened_rtl/round_robin_arbitration.sv:54$71_Y [4:0] }, Y=$3\request_index[31:0]
      New ports: A={ 1'0 $add$../flattened_rtl/round_robin_arbitration.sv:51$69_Y }, B=$sub$../flattened_rtl/round_robin_arbitration.sv:54$71_Y [4:0], Y=$3\request_index[31:0] [4:0]
      New connections: $3\request_index[31:0] [31:5] = { $3\request_index[31:0] [4] $3\request_index[31:0] [4] $3\request_index[31:0] [4] $3\request_index[31:0] [4] $3\request_index[31:0] [4] $3\request_index[31:0] [4] $3\request_index[31:0] [4] $3\request_index[31:0] [4] $3\request_index[31:0] [4] $3\request_index[31:0] [4] $3\request_index[31:0] [4] $3\request_index[31:0] [4] $3\request_index[31:0] [4] $3\request_index[31:0] [4] $3\request_index[31:0] [4] $3\request_index[31:0] [4] $3\request_index[31:0] [4] $3\request_index[31:0] [4] $3\request_index[31:0] [4] $3\request_index[31:0] [4] $3\request_index[31:0] [4] $3\request_index[31:0] [4] $3\request_index[31:0] [4] $3\request_index[31:0] [4] $3\request_index[31:0] [4] $3\request_index[31:0] [4] $3\request_index[31:0] [4] }
  Optimizing cells in module \round_robin.
    Consolidated identical input bits for $mux cell $procmux$2861:
      Old ports: A=$procmux$2859_Y, B=3'011, Y=$procmux$2861_Y
      New ports: A=$procmux$2859_Y [1:0], B=2'11, Y=$procmux$2861_Y [1:0]
      New connections: $procmux$2861_Y [2] = 1'0
  Optimizing cells in module \round_robin.
  Optimizing cells in module \xy_routing.
    Consolidated identical input bits for $mux cell $procmux$2984:
      Old ports: A=2'11, B=2'00, Y=$4\route_out[2:0]
      New ports: A=1'1, B=1'0, Y=$4\route_out[2:0] [0]
      New connections: $4\route_out[2:0] [1] = $4\route_out[2:0] [0]
  Optimizing cells in module \xy_routing.
  Optimizing cells in module \fifo_buffer.
Performed a total of 8 changes.

10.19.5. Executing OPT_MERGE pass (detect identical cells).
Finding identical cells in module `$paramod\noc_router\ROUTER_X=s2'00\ROUTER_Y=s2'01'.
Computing hashes of 74 cells of `$paramod\noc_router\ROUTER_X=s2'00\ROUTER_Y=s2'01'.
Finding duplicate cells in `$paramod\noc_router\ROUTER_X=s2'00\ROUTER_Y=s2'01'.
Finding identical cells in module `$paramod\noc_router\ROUTER_X=s2'00\ROUTER_Y=s2'10'.
Computing hashes of 74 cells of `$paramod\noc_router\ROUTER_X=s2'00\ROUTER_Y=s2'10'.
Finding duplicate cells in `$paramod\noc_router\ROUTER_X=s2'00\ROUTER_Y=s2'10'.
Finding identical cells in module `$paramod\noc_router\ROUTER_X=s2'00\ROUTER_Y=s2'11'.
Computing hashes of 74 cells of `$paramod\noc_router\ROUTER_X=s2'00\ROUTER_Y=s2'11'.
Finding duplicate cells in `$paramod\noc_router\ROUTER_X=s2'00\ROUTER_Y=s2'11'.
Finding identical cells in module `$paramod\noc_router\ROUTER_X=s2'01\ROUTER_Y=s2'00'.
Computing hashes of 74 cells of `$paramod\noc_router\ROUTER_X=s2'01\ROUTER_Y=s2'00'.
Finding duplicate cells in `$paramod\noc_router\ROUTER_X=s2'01\ROUTER_Y=s2'00'.
Finding identical cells in module `$paramod\noc_router\ROUTER_X=s2'01\ROUTER_Y=s2'01'.
Computing hashes of 74 cells of `$paramod\noc_router\ROUTER_X=s2'01\ROUTER_Y=s2'01'.
Finding duplicate cells in `$paramod\noc_router\ROUTER_X=s2'01\ROUTER_Y=s2'01'.
Finding identical cells in module `$paramod\noc_router\ROUTER_X=s2'01\ROUTER_Y=s2'10'.
Computing hashes of 74 cells of `$paramod\noc_router\ROUTER_X=s2'01\ROUTER_Y=s2'10'.
Finding duplicate cells in `$paramod\noc_router\ROUTER_X=s2'01\ROUTER_Y=s2'10'.
Finding identical cells in module `$paramod\noc_router\ROUTER_X=s2'01\ROUTER_Y=s2'11'.
Computing hashes of 74 cells of `$paramod\noc_router\ROUTER_X=s2'01\ROUTER_Y=s2'11'.
Finding duplicate cells in `$paramod\noc_router\ROUTER_X=s2'01\ROUTER_Y=s2'11'.
Finding identical cells in module `$paramod\noc_router\ROUTER_X=s2'10\ROUTER_Y=s2'00'.
Computing hashes of 74 cells of `$paramod\noc_router\ROUTER_X=s2'10\ROUTER_Y=s2'00'.
Finding duplicate cells in `$paramod\noc_router\ROUTER_X=s2'10\ROUTER_Y=s2'00'.
Finding identical cells in module `$paramod\noc_router\ROUTER_X=s2'10\ROUTER_Y=s2'01'.
Computing hashes of 74 cells of `$paramod\noc_router\ROUTER_X=s2'10\ROUTER_Y=s2'01'.
Finding duplicate cells in `$paramod\noc_router\ROUTER_X=s2'10\ROUTER_Y=s2'01'.
Finding identical cells in module `$paramod\noc_router\ROUTER_X=s2'10\ROUTER_Y=s2'10'.
Computing hashes of 74 cells of `$paramod\noc_router\ROUTER_X=s2'10\ROUTER_Y=s2'10'.
Finding duplicate cells in `$paramod\noc_router\ROUTER_X=s2'10\ROUTER_Y=s2'10'.
Finding identical cells in module `$paramod\noc_router\ROUTER_X=s2'10\ROUTER_Y=s2'11'.
Computing hashes of 74 cells of `$paramod\noc_router\ROUTER_X=s2'10\ROUTER_Y=s2'11'.
Finding duplicate cells in `$paramod\noc_router\ROUTER_X=s2'10\ROUTER_Y=s2'11'.
Finding identical cells in module `$paramod\noc_router\ROUTER_X=s2'11\ROUTER_Y=s2'00'.
Computing hashes of 74 cells of `$paramod\noc_router\ROUTER_X=s2'11\ROUTER_Y=s2'00'.
Finding duplicate cells in `$paramod\noc_router\ROUTER_X=s2'11\ROUTER_Y=s2'00'.
Finding identical cells in module `$paramod\noc_router\ROUTER_X=s2'11\ROUTER_Y=s2'01'.
Computing hashes of 74 cells of `$paramod\noc_router\ROUTER_X=s2'11\ROUTER_Y=s2'01'.
Finding duplicate cells in `$paramod\noc_router\ROUTER_X=s2'11\ROUTER_Y=s2'01'.
Finding identical cells in module `$paramod\noc_router\ROUTER_X=s2'11\ROUTER_Y=s2'10'.
Computing hashes of 74 cells of `$paramod\noc_router\ROUTER_X=s2'11\ROUTER_Y=s2'10'.
Finding duplicate cells in `$paramod\noc_router\ROUTER_X=s2'11\ROUTER_Y=s2'10'.
Finding identical cells in module `$paramod\noc_router\ROUTER_X=s2'11\ROUTER_Y=s2'11'.
Computing hashes of 74 cells of `$paramod\noc_router\ROUTER_X=s2'11\ROUTER_Y=s2'11'.
Finding duplicate cells in `$paramod\noc_router\ROUTER_X=s2'11\ROUTER_Y=s2'11'.
Finding identical cells in module `\noc_mesh'.
Computing hashes of 16 cells of `\noc_mesh'.
Finding duplicate cells in `\noc_mesh'.
Finding identical cells in module `$paramod\noc_router\ROUTER_X=s2'00\ROUTER_Y=s2'00'.
Computing hashes of 74 cells of `$paramod\noc_router\ROUTER_X=s2'00\ROUTER_Y=s2'00'.
Finding duplicate cells in `$paramod\noc_router\ROUTER_X=s2'00\ROUTER_Y=s2'00'.
Finding identical cells in module `\crossbar_5x5'.
Computing hashes of 25 cells of `\crossbar_5x5'.
Finding duplicate cells in `\crossbar_5x5'.
Finding identical cells in module `\switch_allocator'.
Computing hashes of 5 cells of `\switch_allocator'.
Finding duplicate cells in `\switch_allocator'.
Finding identical cells in module `\round_robin'.
Computing hashes of 93 cells of `\round_robin'.
Finding duplicate cells in `\round_robin'.
Finding identical cells in module `\xy_routing'.
Computing hashes of 12 cells of `\xy_routing'.
Finding duplicate cells in `\xy_routing'.
Finding identical cells in module `\fifo_buffer'.
Computing hashes of 33 cells of `\fifo_buffer'.
Finding duplicate cells in `\fifo_buffer'.
Removed a total of 0 cells.

10.19.6. Executing OPT_SHARE pass.
    Found cells that share an operand and can be merged by moving the $mux $procmux$3019 in front of them:
        $auto$alumacc.cc:548:replace_alu$3844
        $auto$alumacc.cc:548:replace_alu$3847

10.19.7. Executing OPT_DFF pass (perform DFF optimizations).

10.19.8. Executing OPT_CLEAN pass (remove unused cells and wires).
Finding unused cells or wires in module $paramod\noc_router\ROUTER_X=s2'00\ROUTER_Y=s2'01..
Finding unused cells or wires in module $paramod\noc_router\ROUTER_X=s2'00\ROUTER_Y=s2'10..
Finding unused cells or wires in module $paramod\noc_router\ROUTER_X=s2'00\ROUTER_Y=s2'11..
Finding unused cells or wires in module $paramod\noc_router\ROUTER_X=s2'01\ROUTER_Y=s2'00..
Finding unused cells or wires in module $paramod\noc_router\ROUTER_X=s2'01\ROUTER_Y=s2'01..
Finding unused cells or wires in module $paramod\noc_router\ROUTER_X=s2'01\ROUTER_Y=s2'10..
Finding unused cells or wires in module $paramod\noc_router\ROUTER_X=s2'01\ROUTER_Y=s2'11..
Finding unused cells or wires in module $paramod\noc_router\ROUTER_X=s2'10\ROUTER_Y=s2'00..
Finding unused cells or wires in module $paramod\noc_router\ROUTER_X=s2'10\ROUTER_Y=s2'01..
Finding unused cells or wires in module $paramod\noc_router\ROUTER_X=s2'10\ROUTER_Y=s2'10..
Finding unused cells or wires in module $paramod\noc_router\ROUTER_X=s2'10\ROUTER_Y=s2'11..
Finding unused cells or wires in module $paramod\noc_router\ROUTER_X=s2'11\ROUTER_Y=s2'00..
Finding unused cells or wires in module $paramod\noc_router\ROUTER_X=s2'11\ROUTER_Y=s2'01..
Finding unused cells or wires in module $paramod\noc_router\ROUTER_X=s2'11\ROUTER_Y=s2'10..
Finding unused cells or wires in module $paramod\noc_router\ROUTER_X=s2'11\ROUTER_Y=s2'11..
Finding unused cells or wires in module \noc_mesh..
Finding unused cells or wires in module $paramod\noc_router\ROUTER_X=s2'00\ROUTER_Y=s2'00..
Finding unused cells or wires in module \crossbar_5x5..
Finding unused cells or wires in module \switch_allocator..
Finding unused cells or wires in module \round_robin..
Finding unused cells or wires in module \xy_routing..
Finding unused cells or wires in module \fifo_buffer..
Removed 0 unused cells and 6 unused wires.
<suppressed ~1 debug messages>

10.19.9. Executing OPT_EXPR pass (perform const folding).
Optimizing module $paramod\noc_router\ROUTER_X=s2'00\ROUTER_Y=s2'01.
Optimizing module $paramod\noc_router\ROUTER_X=s2'00\ROUTER_Y=s2'10.
Optimizing module $paramod\noc_router\ROUTER_X=s2'00\ROUTER_Y=s2'11.
Optimizing module $paramod\noc_router\ROUTER_X=s2'01\ROUTER_Y=s2'00.
Optimizing module $paramod\noc_router\ROUTER_X=s2'01\ROUTER_Y=s2'01.
Optimizing module $paramod\noc_router\ROUTER_X=s2'01\ROUTER_Y=s2'10.
Optimizing module $paramod\noc_router\ROUTER_X=s2'01\ROUTER_Y=s2'11.
Optimizing module $paramod\noc_router\ROUTER_X=s2'10\ROUTER_Y=s2'00.
Optimizing module $paramod\noc_router\ROUTER_X=s2'10\ROUTER_Y=s2'01.
Optimizing module $paramod\noc_router\ROUTER_X=s2'10\ROUTER_Y=s2'10.
Optimizing module $paramod\noc_router\ROUTER_X=s2'10\ROUTER_Y=s2'11.
Optimizing module $paramod\noc_router\ROUTER_X=s2'11\ROUTER_Y=s2'00.
Optimizing module $paramod\noc_router\ROUTER_X=s2'11\ROUTER_Y=s2'01.
Optimizing module $paramod\noc_router\ROUTER_X=s2'11\ROUTER_Y=s2'10.
Optimizing module $paramod\noc_router\ROUTER_X=s2'11\ROUTER_Y=s2'11.
Optimizing module noc_mesh.
Optimizing module $paramod\noc_router\ROUTER_X=s2'00\ROUTER_Y=s2'00.
Optimizing module crossbar_5x5.
Optimizing module switch_allocator.
Optimizing module round_robin.
Optimizing module xy_routing.
<suppressed ~1 debug messages>
Optimizing module fifo_buffer.
<suppressed ~2 debug messages>

10.19.10. Rerunning OPT passes. (Maybe there is more to do..)

10.19.11. Executing OPT_MUXTREE pass (detect dead branches in mux trees).
Running muxtree optimizer on module $paramod\noc_router\ROUTER_X=s2'00\ROUTER_Y=s2'01..
  Creating internal representation of mux trees.
  Evaluating internal representation of mux trees.
  Analyzing evaluation results.
Running muxtree optimizer on module $paramod\noc_router\ROUTER_X=s2'00\ROUTER_Y=s2'10..
  Creating internal representation of mux trees.
  Evaluating internal representation of mux trees.
  Analyzing evaluation results.
Running muxtree optimizer on module $paramod\noc_router\ROUTER_X=s2'00\ROUTER_Y=s2'11..
  Creating internal representation of mux trees.
  Evaluating internal representation of mux trees.
  Analyzing evaluation results.
Running muxtree optimizer on module $paramod\noc_router\ROUTER_X=s2'01\ROUTER_Y=s2'00..
  Creating internal representation of mux trees.
  Evaluating internal representation of mux trees.
  Analyzing evaluation results.
Running muxtree optimizer on module $paramod\noc_router\ROUTER_X=s2'01\ROUTER_Y=s2'01..
  Creating internal representation of mux trees.
  Evaluating internal representation of mux trees.
  Analyzing evaluation results.
Running muxtree optimizer on module $paramod\noc_router\ROUTER_X=s2'01\ROUTER_Y=s2'10..
  Creating internal representation of mux trees.
  Evaluating internal representation of mux trees.
  Analyzing evaluation results.
Running muxtree optimizer on module $paramod\noc_router\ROUTER_X=s2'01\ROUTER_Y=s2'11..
  Creating internal representation of mux trees.
  Evaluating internal representation of mux trees.
  Analyzing evaluation results.
Running muxtree optimizer on module $paramod\noc_router\ROUTER_X=s2'10\ROUTER_Y=s2'00..
  Creating internal representation of mux trees.
  Evaluating internal representation of mux trees.
  Analyzing evaluation results.
Running muxtree optimizer on module $paramod\noc_router\ROUTER_X=s2'10\ROUTER_Y=s2'01..
  Creating internal representation of mux trees.
  Evaluating internal representation of mux trees.
  Analyzing evaluation results.
Running muxtree optimizer on module $paramod\noc_router\ROUTER_X=s2'10\ROUTER_Y=s2'10..
  Creating internal representation of mux trees.
  Evaluating internal representation of mux trees.
  Analyzing evaluation results.
Running muxtree optimizer on module $paramod\noc_router\ROUTER_X=s2'10\ROUTER_Y=s2'11..
  Creating internal representation of mux trees.
  Evaluating internal representation of mux trees.
  Analyzing evaluation results.
Running muxtree optimizer on module $paramod\noc_router\ROUTER_X=s2'11\ROUTER_Y=s2'00..
  Creating internal representation of mux trees.
  Evaluating internal representation of mux trees.
  Analyzing evaluation results.
Running muxtree optimizer on module $paramod\noc_router\ROUTER_X=s2'11\ROUTER_Y=s2'01..
  Creating internal representation of mux trees.
  Evaluating internal representation of mux trees.
  Analyzing evaluation results.
Running muxtree optimizer on module $paramod\noc_router\ROUTER_X=s2'11\ROUTER_Y=s2'10..
  Creating internal representation of mux trees.
  Evaluating internal representation of mux trees.
  Analyzing evaluation results.
Running muxtree optimizer on module $paramod\noc_router\ROUTER_X=s2'11\ROUTER_Y=s2'11..
  Creating internal representation of mux trees.
  Evaluating internal representation of mux trees.
  Analyzing evaluation results.
Running muxtree optimizer on module \noc_mesh..
  Creating internal representation of mux trees.
  No muxes found in this module.
Running muxtree optimizer on module $paramod\noc_router\ROUTER_X=s2'00\ROUTER_Y=s2'00..
  Creating internal representation of mux trees.
  Evaluating internal representation of mux trees.
  Analyzing evaluation results.
Running muxtree optimizer on module \crossbar_5x5..
  Creating internal representation of mux trees.
  Evaluating internal representation of mux trees.
  Analyzing evaluation results.
Running muxtree optimizer on module \switch_allocator..
  Creating internal representation of mux trees.
  No muxes found in this module.
Running muxtree optimizer on module \round_robin..
  Creating internal representation of mux trees.
  Evaluating internal representation of mux trees.
  Analyzing evaluation results.
Running muxtree optimizer on module \xy_routing..
  Creating internal representation of mux trees.
  Evaluating internal representation of mux trees.
  Analyzing evaluation results.
Running muxtree optimizer on module \fifo_buffer..
  Creating internal representation of mux trees.
  Evaluating internal representation of mux trees.
  Analyzing evaluation results.
Removed 0 multiplexer ports.
<suppressed ~389 debug messages>

10.19.12. Executing OPT_REDUCE pass (consolidate $*mux and $reduce_* inputs).
  Optimizing cells in module $paramod\noc_router\ROUTER_X=s2'00\ROUTER_Y=s2'01.
  Optimizing cells in module $paramod\noc_router\ROUTER_X=s2'00\ROUTER_Y=s2'10.
  Optimizing cells in module $paramod\noc_router\ROUTER_X=s2'00\ROUTER_Y=s2'11.
  Optimizing cells in module $paramod\noc_router\ROUTER_X=s2'01\ROUTER_Y=s2'00.
  Optimizing cells in module $paramod\noc_router\ROUTER_X=s2'01\ROUTER_Y=s2'01.
  Optimizing cells in module $paramod\noc_router\ROUTER_X=s2'01\ROUTER_Y=s2'10.
  Optimizing cells in module $paramod\noc_router\ROUTER_X=s2'01\ROUTER_Y=s2'11.
  Optimizing cells in module $paramod\noc_router\ROUTER_X=s2'10\ROUTER_Y=s2'00.
  Optimizing cells in module $paramod\noc_router\ROUTER_X=s2'10\ROUTER_Y=s2'01.
  Optimizing cells in module $paramod\noc_router\ROUTER_X=s2'10\ROUTER_Y=s2'10.
  Optimizing cells in module $paramod\noc_router\ROUTER_X=s2'10\ROUTER_Y=s2'11.
  Optimizing cells in module $paramod\noc_router\ROUTER_X=s2'11\ROUTER_Y=s2'00.
  Optimizing cells in module $paramod\noc_router\ROUTER_X=s2'11\ROUTER_Y=s2'01.
  Optimizing cells in module $paramod\noc_router\ROUTER_X=s2'11\ROUTER_Y=s2'10.
  Optimizing cells in module $paramod\noc_router\ROUTER_X=s2'11\ROUTER_Y=s2'11.
  Optimizing cells in module \noc_mesh.
  Optimizing cells in module $paramod\noc_router\ROUTER_X=s2'00\ROUTER_Y=s2'00.
  Optimizing cells in module \crossbar_5x5.
  Optimizing cells in module \switch_allocator.
  Optimizing cells in module \round_robin.
  Optimizing cells in module \xy_routing.
  Optimizing cells in module \fifo_buffer.
    Consolidated identical input bits for $mux cell $auto$opt_share.cc:244:merge_operators$3859:
      Old ports: A=3'111, B=3'001, Y=$auto$rtlil.cc:3402:Mux$3860
      New ports: A=1'1, B=1'0, Y=$auto$rtlil.cc:3402:Mux$3860 [1]
      New connections: { $auto$rtlil.cc:3402:Mux$3860 [2] $auto$rtlil.cc:3402:Mux$3860 [0] } = { $auto$rtlil.cc:3402:Mux$3860 [1] 1'1 }
  Optimizing cells in module \fifo_buffer.
Performed a total of 1 changes.

10.19.13. Executing OPT_MERGE pass (detect identical cells).
Finding identical cells in module `$paramod\noc_router\ROUTER_X=s2'00\ROUTER_Y=s2'01'.
Computing hashes of 74 cells of `$paramod\noc_router\ROUTER_X=s2'00\ROUTER_Y=s2'01'.
Finding duplicate cells in `$paramod\noc_router\ROUTER_X=s2'00\ROUTER_Y=s2'01'.
Finding identical cells in module `$paramod\noc_router\ROUTER_X=s2'00\ROUTER_Y=s2'10'.
Computing hashes of 74 cells of `$paramod\noc_router\ROUTER_X=s2'00\ROUTER_Y=s2'10'.
Finding duplicate cells in `$paramod\noc_router\ROUTER_X=s2'00\ROUTER_Y=s2'10'.
Finding identical cells in module `$paramod\noc_router\ROUTER_X=s2'00\ROUTER_Y=s2'11'.
Computing hashes of 74 cells of `$paramod\noc_router\ROUTER_X=s2'00\ROUTER_Y=s2'11'.
Finding duplicate cells in `$paramod\noc_router\ROUTER_X=s2'00\ROUTER_Y=s2'11'.
Finding identical cells in module `$paramod\noc_router\ROUTER_X=s2'01\ROUTER_Y=s2'00'.
Computing hashes of 74 cells of `$paramod\noc_router\ROUTER_X=s2'01\ROUTER_Y=s2'00'.
Finding duplicate cells in `$paramod\noc_router\ROUTER_X=s2'01\ROUTER_Y=s2'00'.
Finding identical cells in module `$paramod\noc_router\ROUTER_X=s2'01\ROUTER_Y=s2'01'.
Computing hashes of 74 cells of `$paramod\noc_router\ROUTER_X=s2'01\ROUTER_Y=s2'01'.
Finding duplicate cells in `$paramod\noc_router\ROUTER_X=s2'01\ROUTER_Y=s2'01'.
Finding identical cells in module `$paramod\noc_router\ROUTER_X=s2'01\ROUTER_Y=s2'10'.
Computing hashes of 74 cells of `$paramod\noc_router\ROUTER_X=s2'01\ROUTER_Y=s2'10'.
Finding duplicate cells in `$paramod\noc_router\ROUTER_X=s2'01\ROUTER_Y=s2'10'.
Finding identical cells in module `$paramod\noc_router\ROUTER_X=s2'01\ROUTER_Y=s2'11'.
Computing hashes of 74 cells of `$paramod\noc_router\ROUTER_X=s2'01\ROUTER_Y=s2'11'.
Finding duplicate cells in `$paramod\noc_router\ROUTER_X=s2'01\ROUTER_Y=s2'11'.
Finding identical cells in module `$paramod\noc_router\ROUTER_X=s2'10\ROUTER_Y=s2'00'.
Computing hashes of 74 cells of `$paramod\noc_router\ROUTER_X=s2'10\ROUTER_Y=s2'00'.
Finding duplicate cells in `$paramod\noc_router\ROUTER_X=s2'10\ROUTER_Y=s2'00'.
Finding identical cells in module `$paramod\noc_router\ROUTER_X=s2'10\ROUTER_Y=s2'01'.
Computing hashes of 74 cells of `$paramod\noc_router\ROUTER_X=s2'10\ROUTER_Y=s2'01'.
Finding duplicate cells in `$paramod\noc_router\ROUTER_X=s2'10\ROUTER_Y=s2'01'.
Finding identical cells in module `$paramod\noc_router\ROUTER_X=s2'10\ROUTER_Y=s2'10'.
Computing hashes of 74 cells of `$paramod\noc_router\ROUTER_X=s2'10\ROUTER_Y=s2'10'.
Finding duplicate cells in `$paramod\noc_router\ROUTER_X=s2'10\ROUTER_Y=s2'10'.
Finding identical cells in module `$paramod\noc_router\ROUTER_X=s2'10\ROUTER_Y=s2'11'.
Computing hashes of 74 cells of `$paramod\noc_router\ROUTER_X=s2'10\ROUTER_Y=s2'11'.
Finding duplicate cells in `$paramod\noc_router\ROUTER_X=s2'10\ROUTER_Y=s2'11'.
Finding identical cells in module `$paramod\noc_router\ROUTER_X=s2'11\ROUTER_Y=s2'00'.
Computing hashes of 74 cells of `$paramod\noc_router\ROUTER_X=s2'11\ROUTER_Y=s2'00'.
Finding duplicate cells in `$paramod\noc_router\ROUTER_X=s2'11\ROUTER_Y=s2'00'.
Finding identical cells in module `$paramod\noc_router\ROUTER_X=s2'11\ROUTER_Y=s2'01'.
Computing hashes of 74 cells of `$paramod\noc_router\ROUTER_X=s2'11\ROUTER_Y=s2'01'.
Finding duplicate cells in `$paramod\noc_router\ROUTER_X=s2'11\ROUTER_Y=s2'01'.
Finding identical cells in module `$paramod\noc_router\ROUTER_X=s2'11\ROUTER_Y=s2'10'.
Computing hashes of 74 cells of `$paramod\noc_router\ROUTER_X=s2'11\ROUTER_Y=s2'10'.
Finding duplicate cells in `$paramod\noc_router\ROUTER_X=s2'11\ROUTER_Y=s2'10'.
Finding identical cells in module `$paramod\noc_router\ROUTER_X=s2'11\ROUTER_Y=s2'11'.
Computing hashes of 74 cells of `$paramod\noc_router\ROUTER_X=s2'11\ROUTER_Y=s2'11'.
Finding duplicate cells in `$paramod\noc_router\ROUTER_X=s2'11\ROUTER_Y=s2'11'.
Finding identical cells in module `\noc_mesh'.
Computing hashes of 16 cells of `\noc_mesh'.
Finding duplicate cells in `\noc_mesh'.
Finding identical cells in module `$paramod\noc_router\ROUTER_X=s2'00\ROUTER_Y=s2'00'.
Computing hashes of 74 cells of `$paramod\noc_router\ROUTER_X=s2'00\ROUTER_Y=s2'00'.
Finding duplicate cells in `$paramod\noc_router\ROUTER_X=s2'00\ROUTER_Y=s2'00'.
Finding identical cells in module `\crossbar_5x5'.
Computing hashes of 25 cells of `\crossbar_5x5'.
Finding duplicate cells in `\crossbar_5x5'.
Finding identical cells in module `\switch_allocator'.
Computing hashes of 5 cells of `\switch_allocator'.
Finding duplicate cells in `\switch_allocator'.
Finding identical cells in module `\round_robin'.
Computing hashes of 93 cells of `\round_robin'.
Finding duplicate cells in `\round_robin'.
Finding identical cells in module `\xy_routing'.
Computing hashes of 12 cells of `\xy_routing'.
Finding duplicate cells in `\xy_routing'.
Computing hashes of 11 cells of `\xy_routing'.
Finding duplicate cells in `\xy_routing'.
<suppressed ~3 debug messages>
Finding identical cells in module `\fifo_buffer'.
Computing hashes of 32 cells of `\fifo_buffer'.
Finding duplicate cells in `\fifo_buffer'.
Removed a total of 1 cells.

10.19.14. Executing OPT_SHARE pass.

10.19.15. Executing OPT_DFF pass (perform DFF optimizations).

10.19.16. Executing OPT_CLEAN pass (remove unused cells and wires).
Finding unused cells or wires in module $paramod\noc_router\ROUTER_X=s2'00\ROUTER_Y=s2'01..
Finding unused cells or wires in module $paramod\noc_router\ROUTER_X=s2'00\ROUTER_Y=s2'10..
Finding unused cells or wires in module $paramod\noc_router\ROUTER_X=s2'00\ROUTER_Y=s2'11..
Finding unused cells or wires in module $paramod\noc_router\ROUTER_X=s2'01\ROUTER_Y=s2'00..
Finding unused cells or wires in module $paramod\noc_router\ROUTER_X=s2'01\ROUTER_Y=s2'01..
Finding unused cells or wires in module $paramod\noc_router\ROUTER_X=s2'01\ROUTER_Y=s2'10..
Finding unused cells or wires in module $paramod\noc_router\ROUTER_X=s2'01\ROUTER_Y=s2'11..
Finding unused cells or wires in module $paramod\noc_router\ROUTER_X=s2'10\ROUTER_Y=s2'00..
Finding unused cells or wires in module $paramod\noc_router\ROUTER_X=s2'10\ROUTER_Y=s2'01..
Finding unused cells or wires in module $paramod\noc_router\ROUTER_X=s2'10\ROUTER_Y=s2'10..
Finding unused cells or wires in module $paramod\noc_router\ROUTER_X=s2'10\ROUTER_Y=s2'11..
Finding unused cells or wires in module $paramod\noc_router\ROUTER_X=s2'11\ROUTER_Y=s2'00..
Finding unused cells or wires in module $paramod\noc_router\ROUTER_X=s2'11\ROUTER_Y=s2'01..
Finding unused cells or wires in module $paramod\noc_router\ROUTER_X=s2'11\ROUTER_Y=s2'10..
Finding unused cells or wires in module $paramod\noc_router\ROUTER_X=s2'11\ROUTER_Y=s2'11..
Finding unused cells or wires in module \noc_mesh..
Finding unused cells or wires in module $paramod\noc_router\ROUTER_X=s2'00\ROUTER_Y=s2'00..
Finding unused cells or wires in module \crossbar_5x5..
Finding unused cells or wires in module \switch_allocator..
Finding unused cells or wires in module \round_robin..
Finding unused cells or wires in module \xy_routing..
Finding unused cells or wires in module \fifo_buffer..
Removed 0 unused cells and 3 unused wires.
<suppressed ~2 debug messages>

10.19.17. Executing OPT_EXPR pass (perform const folding).
Optimizing module $paramod\noc_router\ROUTER_X=s2'00\ROUTER_Y=s2'01.
Optimizing module $paramod\noc_router\ROUTER_X=s2'00\ROUTER_Y=s2'10.
Optimizing module $paramod\noc_router\ROUTER_X=s2'00\ROUTER_Y=s2'11.
Optimizing module $paramod\noc_router\ROUTER_X=s2'01\ROUTER_Y=s2'00.
Optimizing module $paramod\noc_router\ROUTER_X=s2'01\ROUTER_Y=s2'01.
Optimizing module $paramod\noc_router\ROUTER_X=s2'01\ROUTER_Y=s2'10.
Optimizing module $paramod\noc_router\ROUTER_X=s2'01\ROUTER_Y=s2'11.
Optimizing module $paramod\noc_router\ROUTER_X=s2'10\ROUTER_Y=s2'00.
Optimizing module $paramod\noc_router\ROUTER_X=s2'10\ROUTER_Y=s2'01.
Optimizing module $paramod\noc_router\ROUTER_X=s2'10\ROUTER_Y=s2'10.
Optimizing module $paramod\noc_router\ROUTER_X=s2'10\ROUTER_Y=s2'11.
Optimizing module $paramod\noc_router\ROUTER_X=s2'11\ROUTER_Y=s2'00.
Optimizing module $paramod\noc_router\ROUTER_X=s2'11\ROUTER_Y=s2'01.
Optimizing module $paramod\noc_router\ROUTER_X=s2'11\ROUTER_Y=s2'10.
Optimizing module $paramod\noc_router\ROUTER_X=s2'11\ROUTER_Y=s2'11.
Optimizing module noc_mesh.
Optimizing module $paramod\noc_router\ROUTER_X=s2'00\ROUTER_Y=s2'00.
Optimizing module crossbar_5x5.
Optimizing module switch_allocator.
Optimizing module round_robin.
Optimizing module xy_routing.
Optimizing module fifo_buffer.
<suppressed ~1 debug messages>

10.19.18. Rerunning OPT passes. (Maybe there is more to do..)

10.19.19. Executing OPT_MUXTREE pass (detect dead branches in mux trees).
Running muxtree optimizer on module $paramod\noc_router\ROUTER_X=s2'00\ROUTER_Y=s2'01..
  Creating internal representation of mux trees.
  Evaluating internal representation of mux trees.
  Analyzing evaluation results.
Running muxtree optimizer on module $paramod\noc_router\ROUTER_X=s2'00\ROUTER_Y=s2'10..
  Creating internal representation of mux trees.
  Evaluating internal representation of mux trees.
  Analyzing evaluation results.
Running muxtree optimizer on module $paramod\noc_router\ROUTER_X=s2'00\ROUTER_Y=s2'11..
  Creating internal representation of mux trees.
  Evaluating internal representation of mux trees.
  Analyzing evaluation results.
Running muxtree optimizer on module $paramod\noc_router\ROUTER_X=s2'01\ROUTER_Y=s2'00..
  Creating internal representation of mux trees.
  Evaluating internal representation of mux trees.
  Analyzing evaluation results.
Running muxtree optimizer on module $paramod\noc_router\ROUTER_X=s2'01\ROUTER_Y=s2'01..
  Creating internal representation of mux trees.
  Evaluating internal representation of mux trees.
  Analyzing evaluation results.
Running muxtree optimizer on module $paramod\noc_router\ROUTER_X=s2'01\ROUTER_Y=s2'10..
  Creating internal representation of mux trees.
  Evaluating internal representation of mux trees.
  Analyzing evaluation results.
Running muxtree optimizer on module $paramod\noc_router\ROUTER_X=s2'01\ROUTER_Y=s2'11..
  Creating internal representation of mux trees.
  Evaluating internal representation of mux trees.
  Analyzing evaluation results.
Running muxtree optimizer on module $paramod\noc_router\ROUTER_X=s2'10\ROUTER_Y=s2'00..
  Creating internal representation of mux trees.
  Evaluating internal representation of mux trees.
  Analyzing evaluation results.
Running muxtree optimizer on module $paramod\noc_router\ROUTER_X=s2'10\ROUTER_Y=s2'01..
  Creating internal representation of mux trees.
  Evaluating internal representation of mux trees.
  Analyzing evaluation results.
Running muxtree optimizer on module $paramod\noc_router\ROUTER_X=s2'10\ROUTER_Y=s2'10..
  Creating internal representation of mux trees.
  Evaluating internal representation of mux trees.
  Analyzing evaluation results.
Running muxtree optimizer on module $paramod\noc_router\ROUTER_X=s2'10\ROUTER_Y=s2'11..
  Creating internal representation of mux trees.
  Evaluating internal representation of mux trees.
  Analyzing evaluation results.
Running muxtree optimizer on module $paramod\noc_router\ROUTER_X=s2'11\ROUTER_Y=s2'00..
  Creating internal representation of mux trees.
  Evaluating internal representation of mux trees.
  Analyzing evaluation results.
Running muxtree optimizer on module $paramod\noc_router\ROUTER_X=s2'11\ROUTER_Y=s2'01..
  Creating internal representation of mux trees.
  Evaluating internal representation of mux trees.
  Analyzing evaluation results.
Running muxtree optimizer on module $paramod\noc_router\ROUTER_X=s2'11\ROUTER_Y=s2'10..
  Creating internal representation of mux trees.
  Evaluating internal representation of mux trees.
  Analyzing evaluation results.
Running muxtree optimizer on module $paramod\noc_router\ROUTER_X=s2'11\ROUTER_Y=s2'11..
  Creating internal representation of mux trees.
  Evaluating internal representation of mux trees.
  Analyzing evaluation results.
Running muxtree optimizer on module \noc_mesh..
  Creating internal representation of mux trees.
  No muxes found in this module.
Running muxtree optimizer on module $paramod\noc_router\ROUTER_X=s2'00\ROUTER_Y=s2'00..
  Creating internal representation of mux trees.
  Evaluating internal representation of mux trees.
  Analyzing evaluation results.
Running muxtree optimizer on module \crossbar_5x5..
  Creating internal representation of mux trees.
  Evaluating internal representation of mux trees.
  Analyzing evaluation results.
Running muxtree optimizer on module \switch_allocator..
  Creating internal representation of mux trees.
  No muxes found in this module.
Running muxtree optimizer on module \round_robin..
  Creating internal representation of mux trees.
  Evaluating internal representation of mux trees.
  Analyzing evaluation results.
Running muxtree optimizer on module \xy_routing..
  Creating internal representation of mux trees.
  Evaluating internal representation of mux trees.
  Analyzing evaluation results.
Running muxtree optimizer on module \fifo_buffer..
  Creating internal representation of mux trees.
  Evaluating internal representation of mux trees.
  Analyzing evaluation results.
Removed 0 multiplexer ports.
<suppressed ~387 debug messages>

10.19.20. Executing OPT_REDUCE pass (consolidate $*mux and $reduce_* inputs).
  Optimizing cells in module $paramod\noc_router\ROUTER_X=s2'00\ROUTER_Y=s2'01.
  Optimizing cells in module $paramod\noc_router\ROUTER_X=s2'00\ROUTER_Y=s2'10.
  Optimizing cells in module $paramod\noc_router\ROUTER_X=s2'00\ROUTER_Y=s2'11.
  Optimizing cells in module $paramod\noc_router\ROUTER_X=s2'01\ROUTER_Y=s2'00.
  Optimizing cells in module $paramod\noc_router\ROUTER_X=s2'01\ROUTER_Y=s2'01.
  Optimizing cells in module $paramod\noc_router\ROUTER_X=s2'01\ROUTER_Y=s2'10.
  Optimizing cells in module $paramod\noc_router\ROUTER_X=s2'01\ROUTER_Y=s2'11.
  Optimizing cells in module $paramod\noc_router\ROUTER_X=s2'10\ROUTER_Y=s2'00.
  Optimizing cells in module $paramod\noc_router\ROUTER_X=s2'10\ROUTER_Y=s2'01.
  Optimizing cells in module $paramod\noc_router\ROUTER_X=s2'10\ROUTER_Y=s2'10.
  Optimizing cells in module $paramod\noc_router\ROUTER_X=s2'10\ROUTER_Y=s2'11.
  Optimizing cells in module $paramod\noc_router\ROUTER_X=s2'11\ROUTER_Y=s2'00.
  Optimizing cells in module $paramod\noc_router\ROUTER_X=s2'11\ROUTER_Y=s2'01.
  Optimizing cells in module $paramod\noc_router\ROUTER_X=s2'11\ROUTER_Y=s2'10.
  Optimizing cells in module $paramod\noc_router\ROUTER_X=s2'11\ROUTER_Y=s2'11.
  Optimizing cells in module \noc_mesh.
  Optimizing cells in module $paramod\noc_router\ROUTER_X=s2'00\ROUTER_Y=s2'00.
  Optimizing cells in module \crossbar_5x5.
  Optimizing cells in module \switch_allocator.
  Optimizing cells in module \round_robin.
  Optimizing cells in module \xy_routing.
  Optimizing cells in module \fifo_buffer.
Performed a total of 0 changes.

10.19.21. Executing OPT_MERGE pass (detect identical cells).
Finding identical cells in module `$paramod\noc_router\ROUTER_X=s2'00\ROUTER_Y=s2'01'.
Computing hashes of 74 cells of `$paramod\noc_router\ROUTER_X=s2'00\ROUTER_Y=s2'01'.
Finding duplicate cells in `$paramod\noc_router\ROUTER_X=s2'00\ROUTER_Y=s2'01'.
Finding identical cells in module `$paramod\noc_router\ROUTER_X=s2'00\ROUTER_Y=s2'10'.
Computing hashes of 74 cells of `$paramod\noc_router\ROUTER_X=s2'00\ROUTER_Y=s2'10'.
Finding duplicate cells in `$paramod\noc_router\ROUTER_X=s2'00\ROUTER_Y=s2'10'.
Finding identical cells in module `$paramod\noc_router\ROUTER_X=s2'00\ROUTER_Y=s2'11'.
Computing hashes of 74 cells of `$paramod\noc_router\ROUTER_X=s2'00\ROUTER_Y=s2'11'.
Finding duplicate cells in `$paramod\noc_router\ROUTER_X=s2'00\ROUTER_Y=s2'11'.
Finding identical cells in module `$paramod\noc_router\ROUTER_X=s2'01\ROUTER_Y=s2'00'.
Computing hashes of 74 cells of `$paramod\noc_router\ROUTER_X=s2'01\ROUTER_Y=s2'00'.
Finding duplicate cells in `$paramod\noc_router\ROUTER_X=s2'01\ROUTER_Y=s2'00'.
Finding identical cells in module `$paramod\noc_router\ROUTER_X=s2'01\ROUTER_Y=s2'01'.
Computing hashes of 74 cells of `$paramod\noc_router\ROUTER_X=s2'01\ROUTER_Y=s2'01'.
Finding duplicate cells in `$paramod\noc_router\ROUTER_X=s2'01\ROUTER_Y=s2'01'.
Finding identical cells in module `$paramod\noc_router\ROUTER_X=s2'01\ROUTER_Y=s2'10'.
Computing hashes of 74 cells of `$paramod\noc_router\ROUTER_X=s2'01\ROUTER_Y=s2'10'.
Finding duplicate cells in `$paramod\noc_router\ROUTER_X=s2'01\ROUTER_Y=s2'10'.
Finding identical cells in module `$paramod\noc_router\ROUTER_X=s2'01\ROUTER_Y=s2'11'.
Computing hashes of 74 cells of `$paramod\noc_router\ROUTER_X=s2'01\ROUTER_Y=s2'11'.
Finding duplicate cells in `$paramod\noc_router\ROUTER_X=s2'01\ROUTER_Y=s2'11'.
Finding identical cells in module `$paramod\noc_router\ROUTER_X=s2'10\ROUTER_Y=s2'00'.
Computing hashes of 74 cells of `$paramod\noc_router\ROUTER_X=s2'10\ROUTER_Y=s2'00'.
Finding duplicate cells in `$paramod\noc_router\ROUTER_X=s2'10\ROUTER_Y=s2'00'.
Finding identical cells in module `$paramod\noc_router\ROUTER_X=s2'10\ROUTER_Y=s2'01'.
Computing hashes of 74 cells of `$paramod\noc_router\ROUTER_X=s2'10\ROUTER_Y=s2'01'.
Finding duplicate cells in `$paramod\noc_router\ROUTER_X=s2'10\ROUTER_Y=s2'01'.
Finding identical cells in module `$paramod\noc_router\ROUTER_X=s2'10\ROUTER_Y=s2'10'.
Computing hashes of 74 cells of `$paramod\noc_router\ROUTER_X=s2'10\ROUTER_Y=s2'10'.
Finding duplicate cells in `$paramod\noc_router\ROUTER_X=s2'10\ROUTER_Y=s2'10'.
Finding identical cells in module `$paramod\noc_router\ROUTER_X=s2'10\ROUTER_Y=s2'11'.
Computing hashes of 74 cells of `$paramod\noc_router\ROUTER_X=s2'10\ROUTER_Y=s2'11'.
Finding duplicate cells in `$paramod\noc_router\ROUTER_X=s2'10\ROUTER_Y=s2'11'.
Finding identical cells in module `$paramod\noc_router\ROUTER_X=s2'11\ROUTER_Y=s2'00'.
Computing hashes of 74 cells of `$paramod\noc_router\ROUTER_X=s2'11\ROUTER_Y=s2'00'.
Finding duplicate cells in `$paramod\noc_router\ROUTER_X=s2'11\ROUTER_Y=s2'00'.
Finding identical cells in module `$paramod\noc_router\ROUTER_X=s2'11\ROUTER_Y=s2'01'.
Computing hashes of 74 cells of `$paramod\noc_router\ROUTER_X=s2'11\ROUTER_Y=s2'01'.
Finding duplicate cells in `$paramod\noc_router\ROUTER_X=s2'11\ROUTER_Y=s2'01'.
Finding identical cells in module `$paramod\noc_router\ROUTER_X=s2'11\ROUTER_Y=s2'10'.
Computing hashes of 74 cells of `$paramod\noc_router\ROUTER_X=s2'11\ROUTER_Y=s2'10'.
Finding duplicate cells in `$paramod\noc_router\ROUTER_X=s2'11\ROUTER_Y=s2'10'.
Finding identical cells in module `$paramod\noc_router\ROUTER_X=s2'11\ROUTER_Y=s2'11'.
Computing hashes of 74 cells of `$paramod\noc_router\ROUTER_X=s2'11\ROUTER_Y=s2'11'.
Finding duplicate cells in `$paramod\noc_router\ROUTER_X=s2'11\ROUTER_Y=s2'11'.
Finding identical cells in module `\noc_mesh'.
Computing hashes of 16 cells of `\noc_mesh'.
Finding duplicate cells in `\noc_mesh'.
Finding identical cells in module `$paramod\noc_router\ROUTER_X=s2'00\ROUTER_Y=s2'00'.
Computing hashes of 74 cells of `$paramod\noc_router\ROUTER_X=s2'00\ROUTER_Y=s2'00'.
Finding duplicate cells in `$paramod\noc_router\ROUTER_X=s2'00\ROUTER_Y=s2'00'.
Finding identical cells in module `\crossbar_5x5'.
Computing hashes of 25 cells of `\crossbar_5x5'.
Finding duplicate cells in `\crossbar_5x5'.
Finding identical cells in module `\switch_allocator'.
Computing hashes of 5 cells of `\switch_allocator'.
Finding duplicate cells in `\switch_allocator'.
Finding identical cells in module `\round_robin'.
Computing hashes of 93 cells of `\round_robin'.
Finding duplicate cells in `\round_robin'.
Finding identical cells in module `\xy_routing'.
Computing hashes of 11 cells of `\xy_routing'.
Finding duplicate cells in `\xy_routing'.
Finding identical cells in module `\fifo_buffer'.
Computing hashes of 32 cells of `\fifo_buffer'.
Finding duplicate cells in `\fifo_buffer'.
Removed a total of 0 cells.

10.19.22. Executing OPT_SHARE pass.

10.19.23. Executing OPT_DFF pass (perform DFF optimizations).

10.19.24. Executing OPT_CLEAN pass (remove unused cells and wires).
Finding unused cells or wires in module $paramod\noc_router\ROUTER_X=s2'00\ROUTER_Y=s2'01..
Finding unused cells or wires in module $paramod\noc_router\ROUTER_X=s2'00\ROUTER_Y=s2'10..
Finding unused cells or wires in module $paramod\noc_router\ROUTER_X=s2'00\ROUTER_Y=s2'11..
Finding unused cells or wires in module $paramod\noc_router\ROUTER_X=s2'01\ROUTER_Y=s2'00..
Finding unused cells or wires in module $paramod\noc_router\ROUTER_X=s2'01\ROUTER_Y=s2'01..
Finding unused cells or wires in module $paramod\noc_router\ROUTER_X=s2'01\ROUTER_Y=s2'10..
Finding unused cells or wires in module $paramod\noc_router\ROUTER_X=s2'01\ROUTER_Y=s2'11..
Finding unused cells or wires in module $paramod\noc_router\ROUTER_X=s2'10\ROUTER_Y=s2'00..
Finding unused cells or wires in module $paramod\noc_router\ROUTER_X=s2'10\ROUTER_Y=s2'01..
Finding unused cells or wires in module $paramod\noc_router\ROUTER_X=s2'10\ROUTER_Y=s2'10..
Finding unused cells or wires in module $paramod\noc_router\ROUTER_X=s2'10\ROUTER_Y=s2'11..
Finding unused cells or wires in module $paramod\noc_router\ROUTER_X=s2'11\ROUTER_Y=s2'00..
Finding unused cells or wires in module $paramod\noc_router\ROUTER_X=s2'11\ROUTER_Y=s2'01..
Finding unused cells or wires in module $paramod\noc_router\ROUTER_X=s2'11\ROUTER_Y=s2'10..
Finding unused cells or wires in module $paramod\noc_router\ROUTER_X=s2'11\ROUTER_Y=s2'11..
Finding unused cells or wires in module \noc_mesh..
Finding unused cells or wires in module $paramod\noc_router\ROUTER_X=s2'00\ROUTER_Y=s2'00..
Finding unused cells or wires in module \crossbar_5x5..
Finding unused cells or wires in module \switch_allocator..
Finding unused cells or wires in module \round_robin..
Finding unused cells or wires in module \xy_routing..
Finding unused cells or wires in module \fifo_buffer..

10.19.25. Executing OPT_EXPR pass (perform const folding).
Optimizing module $paramod\noc_router\ROUTER_X=s2'00\ROUTER_Y=s2'01.
Optimizing module $paramod\noc_router\ROUTER_X=s2'00\ROUTER_Y=s2'10.
Optimizing module $paramod\noc_router\ROUTER_X=s2'00\ROUTER_Y=s2'11.
Optimizing module $paramod\noc_router\ROUTER_X=s2'01\ROUTER_Y=s2'00.
Optimizing module $paramod\noc_router\ROUTER_X=s2'01\ROUTER_Y=s2'01.
Optimizing module $paramod\noc_router\ROUTER_X=s2'01\ROUTER_Y=s2'10.
Optimizing module $paramod\noc_router\ROUTER_X=s2'01\ROUTER_Y=s2'11.
Optimizing module $paramod\noc_router\ROUTER_X=s2'10\ROUTER_Y=s2'00.
Optimizing module $paramod\noc_router\ROUTER_X=s2'10\ROUTER_Y=s2'01.
Optimizing module $paramod\noc_router\ROUTER_X=s2'10\ROUTER_Y=s2'10.
Optimizing module $paramod\noc_router\ROUTER_X=s2'10\ROUTER_Y=s2'11.
Optimizing module $paramod\noc_router\ROUTER_X=s2'11\ROUTER_Y=s2'00.
Optimizing module $paramod\noc_router\ROUTER_X=s2'11\ROUTER_Y=s2'01.
Optimizing module $paramod\noc_router\ROUTER_X=s2'11\ROUTER_Y=s2'10.
Optimizing module $paramod\noc_router\ROUTER_X=s2'11\ROUTER_Y=s2'11.
Optimizing module noc_mesh.
Optimizing module $paramod\noc_router\ROUTER_X=s2'00\ROUTER_Y=s2'00.
Optimizing module crossbar_5x5.
Optimizing module switch_allocator.
Optimizing module round_robin.
Optimizing module xy_routing.
Optimizing module fifo_buffer.

10.19.26. Finished fast OPT passes. (There is nothing left to do.)

10.20. Executing TECHMAP pass (map to technology primitives).

10.20.1. Executing Verilog-2005 frontend: /opt/homebrew/bin/../share/yosys/techmap.v
Parsing Verilog input from `/opt/homebrew/bin/../share/yosys/techmap.v' to AST representation.
Generating RTLIL representation for module `\_90_simplemap_bool_ops'.
Generating RTLIL representation for module `\_90_simplemap_reduce_ops'.
Generating RTLIL representation for module `\_90_simplemap_logic_ops'.
Generating RTLIL representation for module `\_90_simplemap_compare_ops'.
Generating RTLIL representation for module `\_90_simplemap_various'.
Generating RTLIL representation for module `\_90_simplemap_registers'.
Generating RTLIL representation for module `\_90_shift_ops_shr_shl_sshl_sshr'.
Generating RTLIL representation for module `\_90_shift_shiftx'.
Generating RTLIL representation for module `\_90_fa'.
Generating RTLIL representation for module `\_90_lcu_brent_kung'.
Generating RTLIL representation for module `\_90_alu'.
Generating RTLIL representation for module `\_90_macc'.
Generating RTLIL representation for module `\_90_alumacc'.
Generating RTLIL representation for module `$__div_mod_u'.
Generating RTLIL representation for module `$__div_mod_trunc'.
Generating RTLIL representation for module `\_90_div'.
Generating RTLIL representation for module `\_90_mod'.
Generating RTLIL representation for module `$__div_mod_floor'.
Generating RTLIL representation for module `\_90_divfloor'.
Generating RTLIL representation for module `\_90_modfloor'.
Generating RTLIL representation for module `\_90_pow'.
Generating RTLIL representation for module `\_90_demux'.
Generating RTLIL representation for module `\_90_lut'.
Generating RTLIL representation for module `$connect'.
Generating RTLIL representation for module `$input_port'.
Successfully finished Verilog frontend.

10.20.2. Continuing TECHMAP pass.
Using extmapper simplemap for cells of type $not.
Using template $paramod$175e67c02b86e96b1288b9dc100122520d7240d8\_90_alu for cells of type $alu.
Using template $paramod$78e969f2586efcf3a5b0b0440bcca0db83d5cca2\_90_alu for cells of type $alu.
Using extmapper simplemap for cells of type $reduce_bool.
Using extmapper simplemap for cells of type $adffe.
Using extmapper simplemap for cells of type $reduce_and.
Using extmapper simplemap for cells of type $dffe.
Using extmapper simplemap for cells of type $logic_not.
Using extmapper simplemap for cells of type $eq.
Using extmapper simplemap for cells of type $logic_and.
Using extmapper simplemap for cells of type $pmux.
Using extmapper simplemap for cells of type $xor.
Using extmapper simplemap for cells of type $mux.
Using extmapper simplemap for cells of type $pos.
Using template $paramod\_90_fa\WIDTH=32'00000000000000000000000000000011 for cells of type $fa.
Using template $paramod\_90_lcu_brent_kung\WIDTH=32'00000000000000000000000000000011 for cells of type $lcu.
Using template $paramod\_90_fa\WIDTH=32'00000000000000000000000000000010 for cells of type $fa.
Using template $paramod\_90_lcu_brent_kung\WIDTH=32'00000000000000000000000000000010 for cells of type $lcu.
Using extmapper simplemap for cells of type $and.
Using extmapper simplemap for cells of type $or.
Using template $paramod$7e708ae28ab761f11d0fb59d3ffc72f6a4baf5d9\_90_alu for cells of type $alu.
Using extmapper simplemap for cells of type $reduce_or.
Using template $paramod$0563fff2c395e9892f21c131fa33d5e0ad144e72\_90_alu for cells of type $alu.
Using template $paramod$bfceb922395790c0ce92e9f9b5b428d4fc72cc30\_90_alu for cells of type $alu.
Using template $paramod$d4760b7db19732bc184e1f25461b32f5548a347a\_90_alu for cells of type $alu.
Using template $paramod$b3c20b05d9b1fc2c940ef2f6c917486aead042e8\_90_alu for cells of type $alu.
Using template $paramod$aebc44f5eedf4f1603d7564e4920ac508059c773\_90_alu for cells of type $alu.
Using template $paramod$1d1e68f77481583066c6d429218f48ea9d5739b3\_90_alu for cells of type $alu.
Using extmapper maccmap for cells of type $macc_v2.
  sub { $6\request_index[31:0] [4] $6\request_index[31:0] [4] $6\request_index[31:0] [4] $6\request_index[31:0] [4] $6\request_index[31:0] [4] $6\request_index[31:0] [4] $6\request_index[31:0] [4] $6\request_index[31:0] [4] $6\request_index[31:0] [4] $6\request_index[31:0] [4] $6\request_index[31:0] [4] $6\request_index[31:0] [4] $6\request_index[31:0] [4] $6\request_index[31:0] [4] $6\request_index[31:0] [4] $6\request_index[31:0] [4] $6\request_index[31:0] [4] $6\request_index[31:0] [4] $6\request_index[31:0] [4] $6\request_index[31:0] [4] $6\request_index[31:0] [4] $6\request_index[31:0] [4] $6\request_index[31:0] [4] $6\request_index[31:0] [4] $6\request_index[31:0] [4] $6\request_index[31:0] [4] $6\request_index[31:0] [4] $6\request_index[31:0] [4:0] } (32 bits, signed)
  sub { $3\request_index[31:0] [4] $3\request_index[31:0] [4] $3\request_index[31:0] [4] $3\request_index[31:0] [4] $3\request_index[31:0] [4] $3\request_index[31:0] [4] $3\request_index[31:0] [4] $3\request_index[31:0] [4] $3\request_index[31:0] [4] $3\request_index[31:0] [4] $3\request_index[31:0] [4] $3\request_index[31:0] [4] $3\request_index[31:0] [4] $3\request_index[31:0] [4] $3\request_index[31:0] [4] $3\request_index[31:0] [4] $3\request_index[31:0] [4] $3\request_index[31:0] [4] $3\request_index[31:0] [4] $3\request_index[31:0] [4] $3\request_index[31:0] [4] $3\request_index[31:0] [4] $3\request_index[31:0] [4] $3\request_index[31:0] [4] $3\request_index[31:0] [4] $3\request_index[31:0] [4] $3\request_index[31:0] [4] $3\request_index[31:0] [4:0] } (32 bits, signed)
  sub { $2\request_index[31:0] [3] $2\request_index[31:0] [3] $2\request_index[31:0] [3] $2\request_index[31:0] [3] $2\request_index[31:0] [3] $2\request_index[31:0] [3] $2\request_index[31:0] [3] $2\request_index[31:0] [3] $2\request_index[31:0] [3] $2\request_index[31:0] [3] $2\request_index[31:0] [3] $2\request_index[31:0] [3] $2\request_index[31:0] [3] $2\request_index[31:0] [3] $2\request_index[31:0] [3] $2\request_index[31:0] [3] $2\request_index[31:0] [3] $2\request_index[31:0] [3] $2\request_index[31:0] [3] $2\request_index[31:0] [3] $2\request_index[31:0] [3] $2\request_index[31:0] [3] $2\request_index[31:0] [3] $2\request_index[31:0] [3] $2\request_index[31:0] [3] $2\request_index[31:0] [3] $2\request_index[31:0] [3] $2\request_index[31:0] [3] $2\request_index[31:0] [3:0] } (32 bits, signed)
  sub { $5\request_index[31:0] [4] $5\request_index[31:0] [4] $5\request_index[31:0] [4] $5\request_index[31:0] [4] $5\request_index[31:0] [4] $5\request_index[31:0] [4] $5\request_index[31:0] [4] $5\request_index[31:0] [4] $5\request_index[31:0] [4] $5\request_index[31:0] [4] $5\request_index[31:0] [4] $5\request_index[31:0] [4] $5\request_index[31:0] [4] $5\request_index[31:0] [4] $5\request_index[31:0] [4] $5\request_index[31:0] [4] $5\request_index[31:0] [4] $5\request_index[31:0] [4] $5\request_index[31:0] [4] $5\request_index[31:0] [4] $5\request_index[31:0] [4] $5\request_index[31:0] [4] $5\request_index[31:0] [4] $5\request_index[31:0] [4] $5\request_index[31:0] [4] $5\request_index[31:0] [4] $5\request_index[31:0] [4] $5\request_index[31:0] [4:0] } (32 bits, signed)
  sub { $4\request_index[31:0] [4] $4\request_index[31:0] [4] $4\request_index[31:0] [4] $4\request_index[31:0] [4] $4\request_index[31:0] [4] $4\request_index[31:0] [4] $4\request_index[31:0] [4] $4\request_index[31:0] [4] $4\request_index[31:0] [4] $4\request_index[31:0] [4] $4\request_index[31:0] [4] $4\request_index[31:0] [4] $4\request_index[31:0] [4] $4\request_index[31:0] [4] $4\request_index[31:0] [4] $4\request_index[31:0] [4] $4\request_index[31:0] [4] $4\request_index[31:0] [4] $4\request_index[31:0] [4] $4\request_index[31:0] [4] $4\request_index[31:0] [4] $4\request_index[31:0] [4] $4\request_index[31:0] [4] $4\request_index[31:0] [4] $4\request_index[31:0] [4] $4\request_index[31:0] [4] $4\request_index[31:0] [4] $4\request_index[31:0] [4:0] } (32 bits, signed)
Using template $paramod$constmap:ed119f0481a26117fcaf896c9a4fe68ea9ca545d$paramod$4cac710a27fd5089b7bb15e480b0b63cd3829c69\_90_shift_shiftx for cells of type $shiftx.
Using template $paramod$constmap:bdb65ab0c20304e05344c7d874eed739a3a258c5$paramod$913df182a5c0c297ecbec88c9ef32a3085efd2a0\_90_shift_shiftx for cells of type $shift.
Analyzing pattern of constant bits for this cell:
  Bit 5 of port B and bit 4 of port B are connected.
  Bit 6 of port B and bit 4 of port B are connected.
  Bit 7 of port B and bit 4 of port B are connected.
  Bit 8 of port B and bit 4 of port B are connected.
  Bit 9 of port B and bit 4 of port B are connected.
  Bit 10 of port B and bit 4 of port B are connected.
  Bit 11 of port B and bit 4 of port B are connected.
  Bit 12 of port B and bit 4 of port B are connected.
  Bit 13 of port B and bit 4 of port B are connected.
  Bit 14 of port B and bit 4 of port B are connected.
  Bit 15 of port B and bit 4 of port B are connected.
  Bit 16 of port B and bit 4 of port B are connected.
  Bit 17 of port B and bit 4 of port B are connected.
  Bit 18 of port B and bit 4 of port B are connected.
  Bit 19 of port B and bit 4 of port B are connected.
  Bit 20 of port B and bit 4 of port B are connected.
  Bit 21 of port B and bit 4 of port B are connected.
  Bit 22 of port B and bit 4 of port B are connected.
  Bit 23 of port B and bit 4 of port B are connected.
  Bit 24 of port B and bit 4 of port B are connected.
  Bit 25 of port B and bit 4 of port B are connected.
  Bit 26 of port B and bit 4 of port B are connected.
  Bit 27 of port B and bit 4 of port B are connected.
  Bit 28 of port B and bit 4 of port B are connected.
  Bit 29 of port B and bit 4 of port B are connected.
  Bit 30 of port B and bit 4 of port B are connected.
  Bit 31 of port B and bit 4 of port B are connected.
Creating constmapped module `$paramod$constmap:22e09856244463374b4fd6ea16ec4e39b73db0ad$paramod$4cac710a27fd5089b7bb15e480b0b63cd3829c69\_90_shift_shiftx'.

10.20.43. Executing OPT_MUXTREE pass (detect dead branches in mux trees).
Running muxtree optimizer on module $paramod$constmap:22e09856244463374b4fd6ea16ec4e39b73db0ad$paramod$4cac710a27fd5089b7bb15e480b0b63cd3829c69\_90_shift_shiftx..
  Creating internal representation of mux trees.
  Evaluating internal representation of mux trees.
  Analyzing evaluation results.
    dead port 2/2 on $mux $procmux$5342.
    dead port 2/2 on $mux $procmux$5348.
    dead port 2/2 on $mux $procmux$5354.
    dead port 2/2 on $mux $procmux$5360.
Removed 4 multiplexer ports.
<suppressed ~1392 debug messages>

10.20.44. Executing OPT_EXPR pass (perform const folding).
Optimizing module $paramod$constmap:22e09856244463374b4fd6ea16ec4e39b73db0ad$paramod$4cac710a27fd5089b7bb15e480b0b63cd3829c69\_90_shift_shiftx.
<suppressed ~30 debug messages>
Removed 53 unused cells and 63 unused wires.
Using template $paramod$constmap:22e09856244463374b4fd6ea16ec4e39b73db0ad$paramod$4cac710a27fd5089b7bb15e480b0b63cd3829c69\_90_shift_shiftx for cells of type $shiftx.
Using extmapper simplemap for cells of type $adff.
Using template $paramod$cc6a978c1b57cdb49efcec348c88d8e28bf1a01f\_90_alu for cells of type $alu.
Using template $paramod\_90_fa\WIDTH=32'00000000000000000000000000000101 for cells of type $fa.
Using template $paramod\_90_lcu_brent_kung\WIDTH=32'00000000000000000000000000000101 for cells of type $lcu.
Using template $paramod\_90_fa\WIDTH=32'00000000000000000000000000000100 for cells of type $fa.
Using template $paramod\_90_lcu_brent_kung\WIDTH=32'00000000000000000000000000000100 for cells of type $lcu.
Using extmapper simplemap for cells of type $ne.
Using template $paramod\_90_fa\WIDTH=32'00000000000000000000000000100001 for cells of type $fa.
Using template $paramod\_90_lcu_brent_kung\WIDTH=32'00000000000000000000000000100001 for cells of type $lcu.
Using template $paramod$99501223b6f7e5af250351eeb57edb5403a5ad0b\_90_alu for cells of type $alu.
Using template $paramod$25417eb1ceb444220a2cc387484bf7cf31b9177f\_90_alu for cells of type $alu.
  add \requested_output [11:9] * 3'101 (3x3 bits, unsigned)
  add 7'0000011 (7 bits, unsigned)
  add \requested_output [5:3] * 3'101 (3x3 bits, unsigned)
  add 7'0000001 (7 bits, unsigned)
  packed 1 (1) bits / 1 words into adder tree
  add \requested_output [8:6] * 3'101 (3x3 bits, unsigned)
  add 7'0000010 (7 bits, unsigned)
  packed 2 (1) bits / 1 words into adder tree
  add \requested_output [14:12] * 3'101 (3x3 bits, unsigned)
  add 7'0000100 (7 bits, unsigned)
Using extmapper simplemap for cells of type $bmux.
Using template $paramod$constmap:1c0f85cbc55c69fda2e4b0b427f870683228419d$paramod$1e0959ecff6ef963c83f9df2d7a05dc75b72ba3f\_90_shift_shiftx for cells of type $shift.
Using template $paramod$constmap:a5e0ac465d4de1308add174802429ebe8791b77a$paramod$ce0225fdd409cf3f7dd53405550819f82741552b\_90_shift_shiftx for cells of type $shift.
Using template $paramod$constmap:83693fb37e535fe2f4f04375ac74587ec91f67c5$paramod$89e7daf67ba8538cc0ad7edbb2ef4702cb735e6c\_90_shift_shiftx for cells of type $shiftx.
Using template $paramod\_90_fa\WIDTH=32'00000000000000000000000000000111 for cells of type $fa.
Using template $paramod$dbcdc7e8aa1a4080cea2deda6fdc8772064f4d90\_90_alu for cells of type $alu.
Using template $paramod\_90_lcu_brent_kung\WIDTH=32'00000000000000000000000000000111 for cells of type $lcu.
  add \requested_output [11:9] * 3'101 (3x3 bits, unsigned)
  add 7'0000011 (7 bits, unsigned)
  add \requested_output [5:3] * 3'101 (3x3 bits, unsigned)
  add 7'0000001 (7 bits, unsigned)
  packed 1 (1) bits / 1 words into adder tree
  add \requested_output [8:6] * 3'101 (3x3 bits, unsigned)
  add 7'0000010 (7 bits, unsigned)
  packed 2 (1) bits / 1 words into adder tree
  add \requested_output [14:12] * 3'101 (3x3 bits, unsigned)
  add 7'0000100 (7 bits, unsigned)
  add \requested_output [11:9] * 3'101 (3x3 bits, unsigned)
  add 7'0000011 (7 bits, unsigned)
  add \requested_output [5:3] * 3'101 (3x3 bits, unsigned)
  add 7'0000001 (7 bits, unsigned)
  packed 1 (1) bits / 1 words into adder tree
  add \requested_output [8:6] * 3'101 (3x3 bits, unsigned)
  add 7'0000010 (7 bits, unsigned)
  packed 2 (1) bits / 1 words into adder tree
  add \requested_output [14:12] * 3'101 (3x3 bits, unsigned)
  add 7'0000100 (7 bits, unsigned)
  add \requested_output [11:9] * 3'101 (3x3 bits, unsigned)
  add 7'0000011 (7 bits, unsigned)
  add \requested_output [5:3] * 3'101 (3x3 bits, unsigned)
  add 7'0000001 (7 bits, unsigned)
  packed 1 (1) bits / 1 words into adder tree
  add \requested_output [8:6] * 3'101 (3x3 bits, unsigned)
  add 7'0000010 (7 bits, unsigned)
  packed 2 (1) bits / 1 words into adder tree
  add \requested_output [14:12] * 3'101 (3x3 bits, unsigned)
  add 7'0000100 (7 bits, unsigned)
  add \requested_output [11:9] * 3'101 (3x3 bits, unsigned)
  add 7'0000011 (7 bits, unsigned)
  add \requested_output [5:3] * 3'101 (3x3 bits, unsigned)
  add 7'0000001 (7 bits, unsigned)
  packed 1 (1) bits / 1 words into adder tree
  add \requested_output [8:6] * 3'101 (3x3 bits, unsigned)
  add 7'0000010 (7 bits, unsigned)
  packed 2 (1) bits / 1 words into adder tree
  add \requested_output [14:12] * 3'101 (3x3 bits, unsigned)
  add 7'0000100 (7 bits, unsigned)
  add \requested_output [11:9] * 3'101 (3x3 bits, unsigned)
  add 7'0000011 (7 bits, unsigned)
  add \requested_output [5:3] * 3'101 (3x3 bits, unsigned)
  add 7'0000001 (7 bits, unsigned)
  packed 1 (1) bits / 1 words into adder tree
  add \requested_output [8:6] * 3'101 (3x3 bits, unsigned)
  add 7'0000010 (7 bits, unsigned)
  packed 2 (1) bits / 1 words into adder tree
  add \requested_output [14:12] * 3'101 (3x3 bits, unsigned)
  add 7'0000100 (7 bits, unsigned)
  add \requested_output [11:9] * 3'101 (3x3 bits, unsigned)
  add 7'0000011 (7 bits, unsigned)
  add \requested_output [5:3] * 3'101 (3x3 bits, unsigned)
  add 7'0000001 (7 bits, unsigned)
  packed 1 (1) bits / 1 words into adder tree
  add \requested_output [8:6] * 3'101 (3x3 bits, unsigned)
  add 7'0000010 (7 bits, unsigned)
  packed 2 (1) bits / 1 words into adder tree
  add \requested_output [14:12] * 3'101 (3x3 bits, unsigned)
  add 7'0000100 (7 bits, unsigned)
  add \requested_output [11:9] * 3'101 (3x3 bits, unsigned)
  add 7'0000011 (7 bits, unsigned)
  add \requested_output [5:3] * 3'101 (3x3 bits, unsigned)
  add 7'0000001 (7 bits, unsigned)
  packed 1 (1) bits / 1 words into adder tree
  add \requested_output [8:6] * 3'101 (3x3 bits, unsigned)
  add 7'0000010 (7 bits, unsigned)
  packed 2 (1) bits / 1 words into adder tree
  add \requested_output [14:12] * 3'101 (3x3 bits, unsigned)
  add 7'0000100 (7 bits, unsigned)
  add \requested_output [11:9] * 3'101 (3x3 bits, unsigned)
  add 7'0000011 (7 bits, unsigned)
  add \requested_output [5:3] * 3'101 (3x3 bits, unsigned)
  add 7'0000001 (7 bits, unsigned)
  packed 1 (1) bits / 1 words into adder tree
  add \requested_output [8:6] * 3'101 (3x3 bits, unsigned)
  add 7'0000010 (7 bits, unsigned)
  packed 2 (1) bits / 1 words into adder tree
  add \requested_output [14:12] * 3'101 (3x3 bits, unsigned)
  add 7'0000100 (7 bits, unsigned)
  add \requested_output [11:9] * 3'101 (3x3 bits, unsigned)
  add 7'0000011 (7 bits, unsigned)
  add \requested_output [5:3] * 3'101 (3x3 bits, unsigned)
  add 7'0000001 (7 bits, unsigned)
  packed 1 (1) bits / 1 words into adder tree
  add \requested_output [8:6] * 3'101 (3x3 bits, unsigned)
  add 7'0000010 (7 bits, unsigned)
  packed 2 (1) bits / 1 words into adder tree
  add \requested_output [14:12] * 3'101 (3x3 bits, unsigned)
  add 7'0000100 (7 bits, unsigned)
  add \requested_output [11:9] * 3'101 (3x3 bits, unsigned)
  add 7'0000011 (7 bits, unsigned)
  add \requested_output [5:3] * 3'101 (3x3 bits, unsigned)
  add 7'0000001 (7 bits, unsigned)
  packed 1 (1) bits / 1 words into adder tree
  add \requested_output [8:6] * 3'101 (3x3 bits, unsigned)
  add 7'0000010 (7 bits, unsigned)
  packed 2 (1) bits / 1 words into adder tree
  add \requested_output [14:12] * 3'101 (3x3 bits, unsigned)
  add 7'0000100 (7 bits, unsigned)
  add \requested_output [11:9] * 3'101 (3x3 bits, unsigned)
  add 7'0000011 (7 bits, unsigned)
  add \requested_output [5:3] * 3'101 (3x3 bits, unsigned)
  add 7'0000001 (7 bits, unsigned)
  packed 1 (1) bits / 1 words into adder tree
  add \requested_output [8:6] * 3'101 (3x3 bits, unsigned)
  add 7'0000010 (7 bits, unsigned)
  packed 2 (1) bits / 1 words into adder tree
  add \requested_output [14:12] * 3'101 (3x3 bits, unsigned)
  add 7'0000100 (7 bits, unsigned)
  add \requested_output [11:9] * 3'101 (3x3 bits, unsigned)
  add 7'0000011 (7 bits, unsigned)
  add \requested_output [5:3] * 3'101 (3x3 bits, unsigned)
  add 7'0000001 (7 bits, unsigned)
  packed 1 (1) bits / 1 words into adder tree
  add \requested_output [8:6] * 3'101 (3x3 bits, unsigned)
  add 7'0000010 (7 bits, unsigned)
  packed 2 (1) bits / 1 words into adder tree
  add \requested_output [14:12] * 3'101 (3x3 bits, unsigned)
  add 7'0000100 (7 bits, unsigned)
  add \requested_output [11:9] * 3'101 (3x3 bits, unsigned)
  add 7'0000011 (7 bits, unsigned)
  add \requested_output [5:3] * 3'101 (3x3 bits, unsigned)
  add 7'0000001 (7 bits, unsigned)
  packed 1 (1) bits / 1 words into adder tree
  add \requested_output [8:6] * 3'101 (3x3 bits, unsigned)
  add 7'0000010 (7 bits, unsigned)
  packed 2 (1) bits / 1 words into adder tree
  add \requested_output [14:12] * 3'101 (3x3 bits, unsigned)
  add 7'0000100 (7 bits, unsigned)
  add \requested_output [11:9] * 3'101 (3x3 bits, unsigned)
  add 7'0000011 (7 bits, unsigned)
  add \requested_output [5:3] * 3'101 (3x3 bits, unsigned)
  add 7'0000001 (7 bits, unsigned)
  packed 1 (1) bits / 1 words into adder tree
  add \requested_output [8:6] * 3'101 (3x3 bits, unsigned)
  add 7'0000010 (7 bits, unsigned)
  packed 2 (1) bits / 1 words into adder tree
  add \requested_output [14:12] * 3'101 (3x3 bits, unsigned)
  add 7'0000100 (7 bits, unsigned)
  add \requested_output [11:9] * 3'101 (3x3 bits, unsigned)
  add 7'0000011 (7 bits, unsigned)
  add \requested_output [5:3] * 3'101 (3x3 bits, unsigned)
  add 7'0000001 (7 bits, unsigned)
  packed 1 (1) bits / 1 words into adder tree
  add \requested_output [8:6] * 3'101 (3x3 bits, unsigned)
  add 7'0000010 (7 bits, unsigned)
  packed 2 (1) bits / 1 words into adder tree
  add \requested_output [14:12] * 3'101 (3x3 bits, unsigned)
  add 7'0000100 (7 bits, unsigned)
No more expansions possible.
<suppressed ~21208 debug messages>

10.21. Executing OPT pass (performing simple optimizations).

10.21.1. Executing OPT_EXPR pass (perform const folding).
Optimizing module $paramod\noc_router\ROUTER_X=s2'00\ROUTER_Y=s2'01.
<suppressed ~5381 debug messages>
Optimizing module $paramod\noc_router\ROUTER_X=s2'00\ROUTER_Y=s2'10.
<suppressed ~5381 debug messages>
Optimizing module $paramod\noc_router\ROUTER_X=s2'00\ROUTER_Y=s2'11.
<suppressed ~5381 debug messages>
Optimizing module $paramod\noc_router\ROUTER_X=s2'01\ROUTER_Y=s2'00.
<suppressed ~5381 debug messages>
Optimizing module $paramod\noc_router\ROUTER_X=s2'01\ROUTER_Y=s2'01.
<suppressed ~5381 debug messages>
Optimizing module $paramod\noc_router\ROUTER_X=s2'01\ROUTER_Y=s2'10.
<suppressed ~5381 debug messages>
Optimizing module $paramod\noc_router\ROUTER_X=s2'01\ROUTER_Y=s2'11.
<suppressed ~5381 debug messages>
Optimizing module $paramod\noc_router\ROUTER_X=s2'10\ROUTER_Y=s2'00.
<suppressed ~5381 debug messages>
Optimizing module $paramod\noc_router\ROUTER_X=s2'10\ROUTER_Y=s2'01.
<suppressed ~5381 debug messages>
Optimizing module $paramod\noc_router\ROUTER_X=s2'10\ROUTER_Y=s2'10.
<suppressed ~5381 debug messages>
Optimizing module $paramod\noc_router\ROUTER_X=s2'10\ROUTER_Y=s2'11.
<suppressed ~5381 debug messages>
Optimizing module $paramod\noc_router\ROUTER_X=s2'11\ROUTER_Y=s2'00.
<suppressed ~5381 debug messages>
Optimizing module $paramod\noc_router\ROUTER_X=s2'11\ROUTER_Y=s2'01.
<suppressed ~5381 debug messages>
Optimizing module $paramod\noc_router\ROUTER_X=s2'11\ROUTER_Y=s2'10.
<suppressed ~5381 debug messages>
Optimizing module $paramod\noc_router\ROUTER_X=s2'11\ROUTER_Y=s2'11.
<suppressed ~5381 debug messages>
Optimizing module noc_mesh.
Optimizing module $paramod\noc_router\ROUTER_X=s2'00\ROUTER_Y=s2'00.
<suppressed ~5381 debug messages>
Optimizing module crossbar_5x5.
Optimizing module switch_allocator.
Optimizing module round_robin.
<suppressed ~2563 debug messages>
Optimizing module xy_routing.
<suppressed ~22 debug messages>
Optimizing module fifo_buffer.
<suppressed ~75 debug messages>

10.21.2. Executing OPT_MERGE pass (detect identical cells).
Finding identical cells in module `$paramod\noc_router\ROUTER_X=s2'00\ROUTER_Y=s2'01'.
Computing hashes of 1551 cells of `$paramod\noc_router\ROUTER_X=s2'00\ROUTER_Y=s2'01'.
Finding duplicate cells in `$paramod\noc_router\ROUTER_X=s2'00\ROUTER_Y=s2'01'.
Computing hashes of 1443 cells of `$paramod\noc_router\ROUTER_X=s2'00\ROUTER_Y=s2'01'.
Finding duplicate cells in `$paramod\noc_router\ROUTER_X=s2'00\ROUTER_Y=s2'01'.
Computing hashes of 1343 cells of `$paramod\noc_router\ROUTER_X=s2'00\ROUTER_Y=s2'01'.
Finding duplicate cells in `$paramod\noc_router\ROUTER_X=s2'00\ROUTER_Y=s2'01'.
Computing hashes of 1339 cells of `$paramod\noc_router\ROUTER_X=s2'00\ROUTER_Y=s2'01'.
Finding duplicate cells in `$paramod\noc_router\ROUTER_X=s2'00\ROUTER_Y=s2'01'.
<suppressed ~636 debug messages>
Finding identical cells in module `$paramod\noc_router\ROUTER_X=s2'00\ROUTER_Y=s2'10'.
Computing hashes of 1551 cells of `$paramod\noc_router\ROUTER_X=s2'00\ROUTER_Y=s2'10'.
Finding duplicate cells in `$paramod\noc_router\ROUTER_X=s2'00\ROUTER_Y=s2'10'.
Computing hashes of 1443 cells of `$paramod\noc_router\ROUTER_X=s2'00\ROUTER_Y=s2'10'.
Finding duplicate cells in `$paramod\noc_router\ROUTER_X=s2'00\ROUTER_Y=s2'10'.
Computing hashes of 1343 cells of `$paramod\noc_router\ROUTER_X=s2'00\ROUTER_Y=s2'10'.
Finding duplicate cells in `$paramod\noc_router\ROUTER_X=s2'00\ROUTER_Y=s2'10'.
Computing hashes of 1339 cells of `$paramod\noc_router\ROUTER_X=s2'00\ROUTER_Y=s2'10'.
Finding duplicate cells in `$paramod\noc_router\ROUTER_X=s2'00\ROUTER_Y=s2'10'.
<suppressed ~636 debug messages>
Finding identical cells in module `$paramod\noc_router\ROUTER_X=s2'00\ROUTER_Y=s2'11'.
Computing hashes of 1551 cells of `$paramod\noc_router\ROUTER_X=s2'00\ROUTER_Y=s2'11'.
Finding duplicate cells in `$paramod\noc_router\ROUTER_X=s2'00\ROUTER_Y=s2'11'.
Computing hashes of 1443 cells of `$paramod\noc_router\ROUTER_X=s2'00\ROUTER_Y=s2'11'.
Finding duplicate cells in `$paramod\noc_router\ROUTER_X=s2'00\ROUTER_Y=s2'11'.
Computing hashes of 1343 cells of `$paramod\noc_router\ROUTER_X=s2'00\ROUTER_Y=s2'11'.
Finding duplicate cells in `$paramod\noc_router\ROUTER_X=s2'00\ROUTER_Y=s2'11'.
Computing hashes of 1339 cells of `$paramod\noc_router\ROUTER_X=s2'00\ROUTER_Y=s2'11'.
Finding duplicate cells in `$paramod\noc_router\ROUTER_X=s2'00\ROUTER_Y=s2'11'.
<suppressed ~636 debug messages>
Finding identical cells in module `$paramod\noc_router\ROUTER_X=s2'01\ROUTER_Y=s2'00'.
Computing hashes of 1551 cells of `$paramod\noc_router\ROUTER_X=s2'01\ROUTER_Y=s2'00'.
Finding duplicate cells in `$paramod\noc_router\ROUTER_X=s2'01\ROUTER_Y=s2'00'.
Computing hashes of 1443 cells of `$paramod\noc_router\ROUTER_X=s2'01\ROUTER_Y=s2'00'.
Finding duplicate cells in `$paramod\noc_router\ROUTER_X=s2'01\ROUTER_Y=s2'00'.
Computing hashes of 1343 cells of `$paramod\noc_router\ROUTER_X=s2'01\ROUTER_Y=s2'00'.
Finding duplicate cells in `$paramod\noc_router\ROUTER_X=s2'01\ROUTER_Y=s2'00'.
Computing hashes of 1339 cells of `$paramod\noc_router\ROUTER_X=s2'01\ROUTER_Y=s2'00'.
Finding duplicate cells in `$paramod\noc_router\ROUTER_X=s2'01\ROUTER_Y=s2'00'.
<suppressed ~636 debug messages>
Finding identical cells in module `$paramod\noc_router\ROUTER_X=s2'01\ROUTER_Y=s2'01'.
Computing hashes of 1551 cells of `$paramod\noc_router\ROUTER_X=s2'01\ROUTER_Y=s2'01'.
Finding duplicate cells in `$paramod\noc_router\ROUTER_X=s2'01\ROUTER_Y=s2'01'.
Computing hashes of 1443 cells of `$paramod\noc_router\ROUTER_X=s2'01\ROUTER_Y=s2'01'.
Finding duplicate cells in `$paramod\noc_router\ROUTER_X=s2'01\ROUTER_Y=s2'01'.
Computing hashes of 1343 cells of `$paramod\noc_router\ROUTER_X=s2'01\ROUTER_Y=s2'01'.
Finding duplicate cells in `$paramod\noc_router\ROUTER_X=s2'01\ROUTER_Y=s2'01'.
Computing hashes of 1339 cells of `$paramod\noc_router\ROUTER_X=s2'01\ROUTER_Y=s2'01'.
Finding duplicate cells in `$paramod\noc_router\ROUTER_X=s2'01\ROUTER_Y=s2'01'.
<suppressed ~636 debug messages>
Finding identical cells in module `$paramod\noc_router\ROUTER_X=s2'01\ROUTER_Y=s2'10'.
Computing hashes of 1551 cells of `$paramod\noc_router\ROUTER_X=s2'01\ROUTER_Y=s2'10'.
Finding duplicate cells in `$paramod\noc_router\ROUTER_X=s2'01\ROUTER_Y=s2'10'.
Computing hashes of 1443 cells of `$paramod\noc_router\ROUTER_X=s2'01\ROUTER_Y=s2'10'.
Finding duplicate cells in `$paramod\noc_router\ROUTER_X=s2'01\ROUTER_Y=s2'10'.
Computing hashes of 1343 cells of `$paramod\noc_router\ROUTER_X=s2'01\ROUTER_Y=s2'10'.
Finding duplicate cells in `$paramod\noc_router\ROUTER_X=s2'01\ROUTER_Y=s2'10'.
Computing hashes of 1339 cells of `$paramod\noc_router\ROUTER_X=s2'01\ROUTER_Y=s2'10'.
Finding duplicate cells in `$paramod\noc_router\ROUTER_X=s2'01\ROUTER_Y=s2'10'.
<suppressed ~636 debug messages>
Finding identical cells in module `$paramod\noc_router\ROUTER_X=s2'01\ROUTER_Y=s2'11'.
Computing hashes of 1551 cells of `$paramod\noc_router\ROUTER_X=s2'01\ROUTER_Y=s2'11'.
Finding duplicate cells in `$paramod\noc_router\ROUTER_X=s2'01\ROUTER_Y=s2'11'.
Computing hashes of 1443 cells of `$paramod\noc_router\ROUTER_X=s2'01\ROUTER_Y=s2'11'.
Finding duplicate cells in `$paramod\noc_router\ROUTER_X=s2'01\ROUTER_Y=s2'11'.
Computing hashes of 1343 cells of `$paramod\noc_router\ROUTER_X=s2'01\ROUTER_Y=s2'11'.
Finding duplicate cells in `$paramod\noc_router\ROUTER_X=s2'01\ROUTER_Y=s2'11'.
Computing hashes of 1339 cells of `$paramod\noc_router\ROUTER_X=s2'01\ROUTER_Y=s2'11'.
Finding duplicate cells in `$paramod\noc_router\ROUTER_X=s2'01\ROUTER_Y=s2'11'.
<suppressed ~636 debug messages>
Finding identical cells in module `$paramod\noc_router\ROUTER_X=s2'10\ROUTER_Y=s2'00'.
Computing hashes of 1551 cells of `$paramod\noc_router\ROUTER_X=s2'10\ROUTER_Y=s2'00'.
Finding duplicate cells in `$paramod\noc_router\ROUTER_X=s2'10\ROUTER_Y=s2'00'.
Computing hashes of 1443 cells of `$paramod\noc_router\ROUTER_X=s2'10\ROUTER_Y=s2'00'.
Finding duplicate cells in `$paramod\noc_router\ROUTER_X=s2'10\ROUTER_Y=s2'00'.
Computing hashes of 1343 cells of `$paramod\noc_router\ROUTER_X=s2'10\ROUTER_Y=s2'00'.
Finding duplicate cells in `$paramod\noc_router\ROUTER_X=s2'10\ROUTER_Y=s2'00'.
Computing hashes of 1339 cells of `$paramod\noc_router\ROUTER_X=s2'10\ROUTER_Y=s2'00'.
Finding duplicate cells in `$paramod\noc_router\ROUTER_X=s2'10\ROUTER_Y=s2'00'.
<suppressed ~636 debug messages>
Finding identical cells in module `$paramod\noc_router\ROUTER_X=s2'10\ROUTER_Y=s2'01'.
Computing hashes of 1551 cells of `$paramod\noc_router\ROUTER_X=s2'10\ROUTER_Y=s2'01'.
Finding duplicate cells in `$paramod\noc_router\ROUTER_X=s2'10\ROUTER_Y=s2'01'.
Computing hashes of 1443 cells of `$paramod\noc_router\ROUTER_X=s2'10\ROUTER_Y=s2'01'.
Finding duplicate cells in `$paramod\noc_router\ROUTER_X=s2'10\ROUTER_Y=s2'01'.
Computing hashes of 1343 cells of `$paramod\noc_router\ROUTER_X=s2'10\ROUTER_Y=s2'01'.
Finding duplicate cells in `$paramod\noc_router\ROUTER_X=s2'10\ROUTER_Y=s2'01'.
Computing hashes of 1339 cells of `$paramod\noc_router\ROUTER_X=s2'10\ROUTER_Y=s2'01'.
Finding duplicate cells in `$paramod\noc_router\ROUTER_X=s2'10\ROUTER_Y=s2'01'.
<suppressed ~636 debug messages>
Finding identical cells in module `$paramod\noc_router\ROUTER_X=s2'10\ROUTER_Y=s2'10'.
Computing hashes of 1551 cells of `$paramod\noc_router\ROUTER_X=s2'10\ROUTER_Y=s2'10'.
Finding duplicate cells in `$paramod\noc_router\ROUTER_X=s2'10\ROUTER_Y=s2'10'.
Computing hashes of 1443 cells of `$paramod\noc_router\ROUTER_X=s2'10\ROUTER_Y=s2'10'.
Finding duplicate cells in `$paramod\noc_router\ROUTER_X=s2'10\ROUTER_Y=s2'10'.
Computing hashes of 1343 cells of `$paramod\noc_router\ROUTER_X=s2'10\ROUTER_Y=s2'10'.
Finding duplicate cells in `$paramod\noc_router\ROUTER_X=s2'10\ROUTER_Y=s2'10'.
Computing hashes of 1339 cells of `$paramod\noc_router\ROUTER_X=s2'10\ROUTER_Y=s2'10'.
Finding duplicate cells in `$paramod\noc_router\ROUTER_X=s2'10\ROUTER_Y=s2'10'.
<suppressed ~636 debug messages>
Finding identical cells in module `$paramod\noc_router\ROUTER_X=s2'10\ROUTER_Y=s2'11'.
Computing hashes of 1551 cells of `$paramod\noc_router\ROUTER_X=s2'10\ROUTER_Y=s2'11'.
Finding duplicate cells in `$paramod\noc_router\ROUTER_X=s2'10\ROUTER_Y=s2'11'.
Computing hashes of 1443 cells of `$paramod\noc_router\ROUTER_X=s2'10\ROUTER_Y=s2'11'.
Finding duplicate cells in `$paramod\noc_router\ROUTER_X=s2'10\ROUTER_Y=s2'11'.
Computing hashes of 1343 cells of `$paramod\noc_router\ROUTER_X=s2'10\ROUTER_Y=s2'11'.
Finding duplicate cells in `$paramod\noc_router\ROUTER_X=s2'10\ROUTER_Y=s2'11'.
Computing hashes of 1339 cells of `$paramod\noc_router\ROUTER_X=s2'10\ROUTER_Y=s2'11'.
Finding duplicate cells in `$paramod\noc_router\ROUTER_X=s2'10\ROUTER_Y=s2'11'.
<suppressed ~636 debug messages>
Finding identical cells in module `$paramod\noc_router\ROUTER_X=s2'11\ROUTER_Y=s2'00'.
Computing hashes of 1551 cells of `$paramod\noc_router\ROUTER_X=s2'11\ROUTER_Y=s2'00'.
Finding duplicate cells in `$paramod\noc_router\ROUTER_X=s2'11\ROUTER_Y=s2'00'.
Computing hashes of 1443 cells of `$paramod\noc_router\ROUTER_X=s2'11\ROUTER_Y=s2'00'.
Finding duplicate cells in `$paramod\noc_router\ROUTER_X=s2'11\ROUTER_Y=s2'00'.
Computing hashes of 1343 cells of `$paramod\noc_router\ROUTER_X=s2'11\ROUTER_Y=s2'00'.
Finding duplicate cells in `$paramod\noc_router\ROUTER_X=s2'11\ROUTER_Y=s2'00'.
Computing hashes of 1339 cells of `$paramod\noc_router\ROUTER_X=s2'11\ROUTER_Y=s2'00'.
Finding duplicate cells in `$paramod\noc_router\ROUTER_X=s2'11\ROUTER_Y=s2'00'.
<suppressed ~636 debug messages>
Finding identical cells in module `$paramod\noc_router\ROUTER_X=s2'11\ROUTER_Y=s2'01'.
Computing hashes of 1551 cells of `$paramod\noc_router\ROUTER_X=s2'11\ROUTER_Y=s2'01'.
Finding duplicate cells in `$paramod\noc_router\ROUTER_X=s2'11\ROUTER_Y=s2'01'.
Computing hashes of 1443 cells of `$paramod\noc_router\ROUTER_X=s2'11\ROUTER_Y=s2'01'.
Finding duplicate cells in `$paramod\noc_router\ROUTER_X=s2'11\ROUTER_Y=s2'01'.
Computing hashes of 1343 cells of `$paramod\noc_router\ROUTER_X=s2'11\ROUTER_Y=s2'01'.
Finding duplicate cells in `$paramod\noc_router\ROUTER_X=s2'11\ROUTER_Y=s2'01'.
Computing hashes of 1339 cells of `$paramod\noc_router\ROUTER_X=s2'11\ROUTER_Y=s2'01'.
Finding duplicate cells in `$paramod\noc_router\ROUTER_X=s2'11\ROUTER_Y=s2'01'.
<suppressed ~636 debug messages>
Finding identical cells in module `$paramod\noc_router\ROUTER_X=s2'11\ROUTER_Y=s2'10'.
Computing hashes of 1551 cells of `$paramod\noc_router\ROUTER_X=s2'11\ROUTER_Y=s2'10'.
Finding duplicate cells in `$paramod\noc_router\ROUTER_X=s2'11\ROUTER_Y=s2'10'.
Computing hashes of 1443 cells of `$paramod\noc_router\ROUTER_X=s2'11\ROUTER_Y=s2'10'.
Finding duplicate cells in `$paramod\noc_router\ROUTER_X=s2'11\ROUTER_Y=s2'10'.
Computing hashes of 1343 cells of `$paramod\noc_router\ROUTER_X=s2'11\ROUTER_Y=s2'10'.
Finding duplicate cells in `$paramod\noc_router\ROUTER_X=s2'11\ROUTER_Y=s2'10'.
Computing hashes of 1339 cells of `$paramod\noc_router\ROUTER_X=s2'11\ROUTER_Y=s2'10'.
Finding duplicate cells in `$paramod\noc_router\ROUTER_X=s2'11\ROUTER_Y=s2'10'.
<suppressed ~636 debug messages>
Finding identical cells in module `$paramod\noc_router\ROUTER_X=s2'11\ROUTER_Y=s2'11'.
Computing hashes of 1551 cells of `$paramod\noc_router\ROUTER_X=s2'11\ROUTER_Y=s2'11'.
Finding duplicate cells in `$paramod\noc_router\ROUTER_X=s2'11\ROUTER_Y=s2'11'.
Computing hashes of 1443 cells of `$paramod\noc_router\ROUTER_X=s2'11\ROUTER_Y=s2'11'.
Finding duplicate cells in `$paramod\noc_router\ROUTER_X=s2'11\ROUTER_Y=s2'11'.
Computing hashes of 1343 cells of `$paramod\noc_router\ROUTER_X=s2'11\ROUTER_Y=s2'11'.
Finding duplicate cells in `$paramod\noc_router\ROUTER_X=s2'11\ROUTER_Y=s2'11'.
Computing hashes of 1339 cells of `$paramod\noc_router\ROUTER_X=s2'11\ROUTER_Y=s2'11'.
Finding duplicate cells in `$paramod\noc_router\ROUTER_X=s2'11\ROUTER_Y=s2'11'.
<suppressed ~636 debug messages>
Finding identical cells in module `\noc_mesh'.
Computing hashes of 16 cells of `\noc_mesh'.
Finding duplicate cells in `\noc_mesh'.
Finding identical cells in module `$paramod\noc_router\ROUTER_X=s2'00\ROUTER_Y=s2'00'.
Computing hashes of 1551 cells of `$paramod\noc_router\ROUTER_X=s2'00\ROUTER_Y=s2'00'.
Finding duplicate cells in `$paramod\noc_router\ROUTER_X=s2'00\ROUTER_Y=s2'00'.
Computing hashes of 1443 cells of `$paramod\noc_router\ROUTER_X=s2'00\ROUTER_Y=s2'00'.
Finding duplicate cells in `$paramod\noc_router\ROUTER_X=s2'00\ROUTER_Y=s2'00'.
Computing hashes of 1343 cells of `$paramod\noc_router\ROUTER_X=s2'00\ROUTER_Y=s2'00'.
Finding duplicate cells in `$paramod\noc_router\ROUTER_X=s2'00\ROUTER_Y=s2'00'.
Computing hashes of 1339 cells of `$paramod\noc_router\ROUTER_X=s2'00\ROUTER_Y=s2'00'.
Finding duplicate cells in `$paramod\noc_router\ROUTER_X=s2'00\ROUTER_Y=s2'00'.
<suppressed ~636 debug messages>
Finding identical cells in module `\crossbar_5x5'.
Computing hashes of 1600 cells of `\crossbar_5x5'.
Finding duplicate cells in `\crossbar_5x5'.
Finding identical cells in module `\switch_allocator'.
Computing hashes of 5 cells of `\switch_allocator'.
Finding duplicate cells in `\switch_allocator'.
Finding identical cells in module `\round_robin'.
Computing hashes of 1724 cells of `\round_robin'.
Finding duplicate cells in `\round_robin'.
Computing hashes of 1550 cells of `\round_robin'.
Finding duplicate cells in `\round_robin'.
Computing hashes of 1480 cells of `\round_robin'.
Finding duplicate cells in `\round_robin'.
Computing hashes of 1448 cells of `\round_robin'.
Finding duplicate cells in `\round_robin'.
Computing hashes of 1436 cells of `\round_robin'.
Finding duplicate cells in `\round_robin'.
Computing hashes of 1435 cells of `\round_robin'.
Finding duplicate cells in `\round_robin'.
<suppressed ~867 debug messages>
Finding identical cells in module `\xy_routing'.
Computing hashes of 36 cells of `\xy_routing'.
Finding duplicate cells in `\xy_routing'.
Computing hashes of 35 cells of `\xy_routing'.
Finding duplicate cells in `\xy_routing'.
<suppressed ~3 debug messages>
Finding identical cells in module `\fifo_buffer'.
Computing hashes of 718 cells of `\fifo_buffer'.
Finding duplicate cells in `\fifo_buffer'.
Computing hashes of 702 cells of `\fifo_buffer'.
Finding duplicate cells in `\fifo_buffer'.
<suppressed ~48 debug messages>
Removed a total of 3698 cells.

10.21.3. Executing OPT_DFF pass (perform DFF optimizations).

10.21.4. Executing OPT_CLEAN pass (remove unused cells and wires).
Finding unused cells or wires in module $paramod\noc_router\ROUTER_X=s2'00\ROUTER_Y=s2'01..
Finding unused cells or wires in module $paramod\noc_router\ROUTER_X=s2'00\ROUTER_Y=s2'10..
Finding unused cells or wires in module $paramod\noc_router\ROUTER_X=s2'00\ROUTER_Y=s2'11..
Finding unused cells or wires in module $paramod\noc_router\ROUTER_X=s2'01\ROUTER_Y=s2'00..
Finding unused cells or wires in module $paramod\noc_router\ROUTER_X=s2'01\ROUTER_Y=s2'01..
Finding unused cells or wires in module $paramod\noc_router\ROUTER_X=s2'01\ROUTER_Y=s2'10..
Finding unused cells or wires in module $paramod\noc_router\ROUTER_X=s2'01\ROUTER_Y=s2'11..
Finding unused cells or wires in module $paramod\noc_router\ROUTER_X=s2'10\ROUTER_Y=s2'00..
Finding unused cells or wires in module $paramod\noc_router\ROUTER_X=s2'10\ROUTER_Y=s2'01..
Finding unused cells or wires in module $paramod\noc_router\ROUTER_X=s2'10\ROUTER_Y=s2'10..
Finding unused cells or wires in module $paramod\noc_router\ROUTER_X=s2'10\ROUTER_Y=s2'11..
Finding unused cells or wires in module $paramod\noc_router\ROUTER_X=s2'11\ROUTER_Y=s2'00..
Finding unused cells or wires in module $paramod\noc_router\ROUTER_X=s2'11\ROUTER_Y=s2'01..
Finding unused cells or wires in module $paramod\noc_router\ROUTER_X=s2'11\ROUTER_Y=s2'10..
Finding unused cells or wires in module $paramod\noc_router\ROUTER_X=s2'11\ROUTER_Y=s2'11..
Finding unused cells or wires in module \noc_mesh..
Finding unused cells or wires in module $paramod\noc_router\ROUTER_X=s2'00\ROUTER_Y=s2'00..
Finding unused cells or wires in module \crossbar_5x5..
Finding unused cells or wires in module \switch_allocator..
Finding unused cells or wires in module \round_robin..
Finding unused cells or wires in module \xy_routing..
Finding unused cells or wires in module \fifo_buffer..
Removed 4730 unused cells and 24798 unused wires.
<suppressed ~4749 debug messages>

10.21.5. Finished fast OPT passes.

10.22. Executing ABC pass (technology mapping using ABC).

10.22.1. Extracting gate netlist of module `$paramod\noc_router\ROUTER_X=s2'00\ROUTER_Y=s2'01' to `<abc-temp-dir>/input.blif'..
Replacing 20 occurrences of constant undef bits with constant zero bits

10.22.1.1. Executed ABC.
Extracted 1056 gates and 1113 wires to a netlist network with 55 inputs and 45 outputs.
Running ABC script: <abc-temp-dir>/abc.script
ABC: ======== ABC command line "source <abc-temp-dir>/abc.script"
ABC: + read_blif <abc-temp-dir>/input.blif 
ABC: + read_library <abc-temp-dir>/stdcells.genlib 
ABC: + strash 
ABC: + &get -n 
ABC: + &fraig -x 
ABC: + &put 
ABC: + scorr 
ABC: Warning: The network is combinational (run "fraig" or "fraig_sweep").
ABC: + dc2 
ABC: + dretime 
ABC: + strash 
ABC: + &get -n 
ABC: + &dch -f 
ABC: + &nf 
ABC: + &put 
ABC: + write_blif <abc-temp-dir>/output.blif 

10.22.1.2. Re-integrating ABC results.
ABC RESULTS:               AND cells:       65
ABC RESULTS:            ANDNOT cells:       24
ABC RESULTS:              NAND cells:       50
ABC RESULTS:               NOR cells:       24
ABC RESULTS:               NOT cells:        5
ABC RESULTS:                OR cells:        4
ABC RESULTS:        internal signals:     1013
ABC RESULTS:           input signals:       55
ABC RESULTS:          output signals:       45
Removing temp directory.

10.22.2. Extracting gate netlist of module `$paramod\noc_router\ROUTER_X=s2'00\ROUTER_Y=s2'10' to `<abc-temp-dir>/input.blif'..
Replacing 20 occurrences of constant undef bits with constant zero bits

10.22.2.1. Executed ABC.
Extracted 1056 gates and 1113 wires to a netlist network with 55 inputs and 45 outputs.
Running ABC script: <abc-temp-dir>/abc.script
ABC: ======== ABC command line "source <abc-temp-dir>/abc.script"
ABC: + read_blif <abc-temp-dir>/input.blif 
ABC: + read_library <abc-temp-dir>/stdcells.genlib 
ABC: + strash 
ABC: + &get -n 
ABC: + &fraig -x 
ABC: + &put 
ABC: + scorr 
ABC: Warning: The network is combinational (run "fraig" or "fraig_sweep").
ABC: + dc2 
ABC: + dretime 
ABC: + strash 
ABC: + &get -n 
ABC: + &dch -f 
ABC: + &nf 
ABC: + &put 
ABC: + write_blif <abc-temp-dir>/output.blif 

10.22.2.2. Re-integrating ABC results.
ABC RESULTS:               AND cells:       65
ABC RESULTS:            ANDNOT cells:       24
ABC RESULTS:              NAND cells:       50
ABC RESULTS:               NOR cells:       24
ABC RESULTS:               NOT cells:        5
ABC RESULTS:                OR cells:        4
ABC RESULTS:        internal signals:     1013
ABC RESULTS:           input signals:       55
ABC RESULTS:          output signals:       45
Removing temp directory.

10.22.3. Extracting gate netlist of module `$paramod\noc_router\ROUTER_X=s2'00\ROUTER_Y=s2'11' to `<abc-temp-dir>/input.blif'..
Replacing 20 occurrences of constant undef bits with constant zero bits

10.22.3.1. Executed ABC.
Extracted 1056 gates and 1113 wires to a netlist network with 55 inputs and 45 outputs.
Running ABC script: <abc-temp-dir>/abc.script
ABC: ======== ABC command line "source <abc-temp-dir>/abc.script"
ABC: + read_blif <abc-temp-dir>/input.blif 
ABC: + read_library <abc-temp-dir>/stdcells.genlib 
ABC: + strash 
ABC: + &get -n 
ABC: + &fraig -x 
ABC: + &put 
ABC: + scorr 
ABC: Warning: The network is combinational (run "fraig" or "fraig_sweep").
ABC: + dc2 
ABC: + dretime 
ABC: + strash 
ABC: + &get -n 
ABC: + &dch -f 
ABC: + &nf 
ABC: + &put 
ABC: + write_blif <abc-temp-dir>/output.blif 

10.22.3.2. Re-integrating ABC results.
ABC RESULTS:               AND cells:       65
ABC RESULTS:            ANDNOT cells:       24
ABC RESULTS:              NAND cells:       50
ABC RESULTS:               NOR cells:       24
ABC RESULTS:               NOT cells:        5
ABC RESULTS:                OR cells:        4
ABC RESULTS:        internal signals:     1013
ABC RESULTS:           input signals:       55
ABC RESULTS:          output signals:       45
Removing temp directory.

10.22.4. Extracting gate netlist of module `$paramod\noc_router\ROUTER_X=s2'01\ROUTER_Y=s2'00' to `<abc-temp-dir>/input.blif'..
Replacing 20 occurrences of constant undef bits with constant zero bits

10.22.4.1. Executed ABC.
Extracted 1056 gates and 1113 wires to a netlist network with 55 inputs and 45 outputs.
Running ABC script: <abc-temp-dir>/abc.script
ABC: ======== ABC command line "source <abc-temp-dir>/abc.script"
ABC: + read_blif <abc-temp-dir>/input.blif 
ABC: + read_library <abc-temp-dir>/stdcells.genlib 
ABC: + strash 
ABC: + &get -n 
ABC: + &fraig -x 
ABC: + &put 
ABC: + scorr 
ABC: Warning: The network is combinational (run "fraig" or "fraig_sweep").
ABC: + dc2 
ABC: + dretime 
ABC: + strash 
ABC: + &get -n 
ABC: + &dch -f 
ABC: + &nf 
ABC: + &put 
ABC: + write_blif <abc-temp-dir>/output.blif 

10.22.4.2. Re-integrating ABC results.
ABC RESULTS:               AND cells:       65
ABC RESULTS:            ANDNOT cells:       24
ABC RESULTS:              NAND cells:       50
ABC RESULTS:               NOR cells:       24
ABC RESULTS:               NOT cells:        5
ABC RESULTS:                OR cells:        4
ABC RESULTS:        internal signals:     1013
ABC RESULTS:           input signals:       55
ABC RESULTS:          output signals:       45
Removing temp directory.

10.22.5. Extracting gate netlist of module `$paramod\noc_router\ROUTER_X=s2'01\ROUTER_Y=s2'01' to `<abc-temp-dir>/input.blif'..
Replacing 20 occurrences of constant undef bits with constant zero bits

10.22.5.1. Executed ABC.
Extracted 1056 gates and 1113 wires to a netlist network with 55 inputs and 45 outputs.
Running ABC script: <abc-temp-dir>/abc.script
ABC: ======== ABC command line "source <abc-temp-dir>/abc.script"
ABC: + read_blif <abc-temp-dir>/input.blif 
ABC: + read_library <abc-temp-dir>/stdcells.genlib 
ABC: + strash 
ABC: + &get -n 
ABC: + &fraig -x 
ABC: + &put 
ABC: + scorr 
ABC: Warning: The network is combinational (run "fraig" or "fraig_sweep").
ABC: + dc2 
ABC: + dretime 
ABC: + strash 
ABC: + &get -n 
ABC: + &dch -f 
ABC: + &nf 
ABC: + &put 
ABC: + write_blif <abc-temp-dir>/output.blif 

10.22.5.2. Re-integrating ABC results.
ABC RESULTS:               AND cells:       65
ABC RESULTS:            ANDNOT cells:       24
ABC RESULTS:              NAND cells:       50
ABC RESULTS:               NOR cells:       24
ABC RESULTS:               NOT cells:        5
ABC RESULTS:                OR cells:        4
ABC RESULTS:        internal signals:     1013
ABC RESULTS:           input signals:       55
ABC RESULTS:          output signals:       45
Removing temp directory.

10.22.6. Extracting gate netlist of module `$paramod\noc_router\ROUTER_X=s2'01\ROUTER_Y=s2'10' to `<abc-temp-dir>/input.blif'..
Replacing 20 occurrences of constant undef bits with constant zero bits

10.22.6.1. Executed ABC.
Extracted 1056 gates and 1113 wires to a netlist network with 55 inputs and 45 outputs.
Running ABC script: <abc-temp-dir>/abc.script
ABC: ======== ABC command line "source <abc-temp-dir>/abc.script"
ABC: + read_blif <abc-temp-dir>/input.blif 
ABC: + read_library <abc-temp-dir>/stdcells.genlib 
ABC: + strash 
ABC: + &get -n 
ABC: + &fraig -x 
ABC: + &put 
ABC: + scorr 
ABC: Warning: The network is combinational (run "fraig" or "fraig_sweep").
ABC: + dc2 
ABC: + dretime 
ABC: + strash 
ABC: + &get -n 
ABC: + &dch -f 
ABC: + &nf 
ABC: + &put 
ABC: + write_blif <abc-temp-dir>/output.blif 

10.22.6.2. Re-integrating ABC results.
ABC RESULTS:               AND cells:       65
ABC RESULTS:            ANDNOT cells:       24
ABC RESULTS:              NAND cells:       50
ABC RESULTS:               NOR cells:       24
ABC RESULTS:               NOT cells:        5
ABC RESULTS:                OR cells:        4
ABC RESULTS:        internal signals:     1013
ABC RESULTS:           input signals:       55
ABC RESULTS:          output signals:       45
Removing temp directory.

10.22.7. Extracting gate netlist of module `$paramod\noc_router\ROUTER_X=s2'01\ROUTER_Y=s2'11' to `<abc-temp-dir>/input.blif'..
Replacing 20 occurrences of constant undef bits with constant zero bits

10.22.7.1. Executed ABC.
Extracted 1056 gates and 1113 wires to a netlist network with 55 inputs and 45 outputs.
Running ABC script: <abc-temp-dir>/abc.script
ABC: ======== ABC command line "source <abc-temp-dir>/abc.script"
ABC: + read_blif <abc-temp-dir>/input.blif 
ABC: + read_library <abc-temp-dir>/stdcells.genlib 
ABC: + strash 
ABC: + &get -n 
ABC: + &fraig -x 
ABC: + &put 
ABC: + scorr 
ABC: Warning: The network is combinational (run "fraig" or "fraig_sweep").
ABC: + dc2 
ABC: + dretime 
ABC: + strash 
ABC: + &get -n 
ABC: + &dch -f 
ABC: + &nf 
ABC: + &put 
ABC: + write_blif <abc-temp-dir>/output.blif 

10.22.7.2. Re-integrating ABC results.
ABC RESULTS:               AND cells:       65
ABC RESULTS:            ANDNOT cells:       24
ABC RESULTS:              NAND cells:       50
ABC RESULTS:               NOR cells:       24
ABC RESULTS:               NOT cells:        5
ABC RESULTS:                OR cells:        4
ABC RESULTS:        internal signals:     1013
ABC RESULTS:           input signals:       55
ABC RESULTS:          output signals:       45
Removing temp directory.

10.22.8. Extracting gate netlist of module `$paramod\noc_router\ROUTER_X=s2'10\ROUTER_Y=s2'00' to `<abc-temp-dir>/input.blif'..
Replacing 20 occurrences of constant undef bits with constant zero bits

10.22.8.1. Executed ABC.
Extracted 1056 gates and 1113 wires to a netlist network with 55 inputs and 45 outputs.
Running ABC script: <abc-temp-dir>/abc.script
ABC: ======== ABC command line "source <abc-temp-dir>/abc.script"
ABC: + read_blif <abc-temp-dir>/input.blif 
ABC: + read_library <abc-temp-dir>/stdcells.genlib 
ABC: + strash 
ABC: + &get -n 
ABC: + &fraig -x 
ABC: + &put 
ABC: + scorr 
ABC: Warning: The network is combinational (run "fraig" or "fraig_sweep").
ABC: + dc2 
ABC: + dretime 
ABC: + strash 
ABC: + &get -n 
ABC: + &dch -f 
ABC: + &nf 
ABC: + &put 
ABC: + write_blif <abc-temp-dir>/output.blif 

10.22.8.2. Re-integrating ABC results.
ABC RESULTS:               AND cells:       65
ABC RESULTS:            ANDNOT cells:       24
ABC RESULTS:              NAND cells:       50
ABC RESULTS:               NOR cells:       24
ABC RESULTS:               NOT cells:        5
ABC RESULTS:                OR cells:        4
ABC RESULTS:        internal signals:     1013
ABC RESULTS:           input signals:       55
ABC RESULTS:          output signals:       45
Removing temp directory.

10.22.9. Extracting gate netlist of module `$paramod\noc_router\ROUTER_X=s2'10\ROUTER_Y=s2'01' to `<abc-temp-dir>/input.blif'..
Replacing 20 occurrences of constant undef bits with constant zero bits

10.22.9.1. Executed ABC.
Extracted 1056 gates and 1113 wires to a netlist network with 55 inputs and 45 outputs.
Running ABC script: <abc-temp-dir>/abc.script
ABC: ======== ABC command line "source <abc-temp-dir>/abc.script"
ABC: + read_blif <abc-temp-dir>/input.blif 
ABC: + read_library <abc-temp-dir>/stdcells.genlib 
ABC: + strash 
ABC: + &get -n 
ABC: + &fraig -x 
ABC: + &put 
ABC: + scorr 
ABC: Warning: The network is combinational (run "fraig" or "fraig_sweep").
ABC: + dc2 
ABC: + dretime 
ABC: + strash 
ABC: + &get -n 
ABC: + &dch -f 
ABC: + &nf 
ABC: + &put 
ABC: + write_blif <abc-temp-dir>/output.blif 

10.22.9.2. Re-integrating ABC results.
ABC RESULTS:               AND cells:       65
ABC RESULTS:            ANDNOT cells:       24
ABC RESULTS:              NAND cells:       50
ABC RESULTS:               NOR cells:       24
ABC RESULTS:               NOT cells:        5
ABC RESULTS:                OR cells:        4
ABC RESULTS:        internal signals:     1013
ABC RESULTS:           input signals:       55
ABC RESULTS:          output signals:       45
Removing temp directory.

10.22.10. Extracting gate netlist of module `$paramod\noc_router\ROUTER_X=s2'10\ROUTER_Y=s2'10' to `<abc-temp-dir>/input.blif'..
Replacing 20 occurrences of constant undef bits with constant zero bits

10.22.10.1. Executed ABC.
Extracted 1056 gates and 1113 wires to a netlist network with 55 inputs and 45 outputs.
Running ABC script: <abc-temp-dir>/abc.script
ABC: ======== ABC command line "source <abc-temp-dir>/abc.script"
ABC: + read_blif <abc-temp-dir>/input.blif 
ABC: + read_library <abc-temp-dir>/stdcells.genlib 
ABC: + strash 
ABC: + &get -n 
ABC: + &fraig -x 
ABC: + &put 
ABC: + scorr 
ABC: Warning: The network is combinational (run "fraig" or "fraig_sweep").
ABC: + dc2 
ABC: + dretime 
ABC: + strash 
ABC: + &get -n 
ABC: + &dch -f 
ABC: + &nf 
ABC: + &put 
ABC: + write_blif <abc-temp-dir>/output.blif 

10.22.10.2. Re-integrating ABC results.
ABC RESULTS:               AND cells:       65
ABC RESULTS:            ANDNOT cells:       24
ABC RESULTS:              NAND cells:       50
ABC RESULTS:               NOR cells:       24
ABC RESULTS:               NOT cells:        5
ABC RESULTS:                OR cells:        4
ABC RESULTS:        internal signals:     1013
ABC RESULTS:           input signals:       55
ABC RESULTS:          output signals:       45
Removing temp directory.

10.22.11. Extracting gate netlist of module `$paramod\noc_router\ROUTER_X=s2'10\ROUTER_Y=s2'11' to `<abc-temp-dir>/input.blif'..
Replacing 20 occurrences of constant undef bits with constant zero bits

10.22.11.1. Executed ABC.
Extracted 1056 gates and 1113 wires to a netlist network with 55 inputs and 45 outputs.
Running ABC script: <abc-temp-dir>/abc.script
ABC: ======== ABC command line "source <abc-temp-dir>/abc.script"
ABC: + read_blif <abc-temp-dir>/input.blif 
ABC: + read_library <abc-temp-dir>/stdcells.genlib 
ABC: + strash 
ABC: + &get -n 
ABC: + &fraig -x 
ABC: + &put 
ABC: + scorr 
ABC: Warning: The network is combinational (run "fraig" or "fraig_sweep").
ABC: + dc2 
ABC: + dretime 
ABC: + strash 
ABC: + &get -n 
ABC: + &dch -f 
ABC: + &nf 
ABC: + &put 
ABC: + write_blif <abc-temp-dir>/output.blif 

10.22.11.2. Re-integrating ABC results.
ABC RESULTS:               AND cells:       65
ABC RESULTS:            ANDNOT cells:       24
ABC RESULTS:              NAND cells:       50
ABC RESULTS:               NOR cells:       24
ABC RESULTS:               NOT cells:        5
ABC RESULTS:                OR cells:        4
ABC RESULTS:        internal signals:     1013
ABC RESULTS:           input signals:       55
ABC RESULTS:          output signals:       45
Removing temp directory.

10.22.12. Extracting gate netlist of module `$paramod\noc_router\ROUTER_X=s2'11\ROUTER_Y=s2'00' to `<abc-temp-dir>/input.blif'..
Replacing 20 occurrences of constant undef bits with constant zero bits

10.22.12.1. Executed ABC.
Extracted 1056 gates and 1113 wires to a netlist network with 55 inputs and 45 outputs.
Running ABC script: <abc-temp-dir>/abc.script
ABC: ======== ABC command line "source <abc-temp-dir>/abc.script"
ABC: + read_blif <abc-temp-dir>/input.blif 
ABC: + read_library <abc-temp-dir>/stdcells.genlib 
ABC: + strash 
ABC: + &get -n 
ABC: + &fraig -x 
ABC: + &put 
ABC: + scorr 
ABC: Warning: The network is combinational (run "fraig" or "fraig_sweep").
ABC: + dc2 
ABC: + dretime 
ABC: + strash 
ABC: + &get -n 
ABC: + &dch -f 
ABC: + &nf 
ABC: + &put 
ABC: + write_blif <abc-temp-dir>/output.blif 

10.22.12.2. Re-integrating ABC results.
ABC RESULTS:               AND cells:       65
ABC RESULTS:            ANDNOT cells:       24
ABC RESULTS:              NAND cells:       50
ABC RESULTS:               NOR cells:       24
ABC RESULTS:               NOT cells:        5
ABC RESULTS:                OR cells:        4
ABC RESULTS:        internal signals:     1013
ABC RESULTS:           input signals:       55
ABC RESULTS:          output signals:       45
Removing temp directory.

10.22.13. Extracting gate netlist of module `$paramod\noc_router\ROUTER_X=s2'11\ROUTER_Y=s2'01' to `<abc-temp-dir>/input.blif'..
Replacing 20 occurrences of constant undef bits with constant zero bits

10.22.13.1. Executed ABC.
Extracted 1056 gates and 1113 wires to a netlist network with 55 inputs and 45 outputs.
Running ABC script: <abc-temp-dir>/abc.script
ABC: ======== ABC command line "source <abc-temp-dir>/abc.script"
ABC: + read_blif <abc-temp-dir>/input.blif 
ABC: + read_library <abc-temp-dir>/stdcells.genlib 
ABC: + strash 
ABC: + &get -n 
ABC: + &fraig -x 
ABC: + &put 
ABC: + scorr 
ABC: Warning: The network is combinational (run "fraig" or "fraig_sweep").
ABC: + dc2 
ABC: + dretime 
ABC: + strash 
ABC: + &get -n 
ABC: + &dch -f 
ABC: + &nf 
ABC: + &put 
ABC: + write_blif <abc-temp-dir>/output.blif 

10.22.13.2. Re-integrating ABC results.
ABC RESULTS:               AND cells:       65
ABC RESULTS:            ANDNOT cells:       24
ABC RESULTS:              NAND cells:       50
ABC RESULTS:               NOR cells:       24
ABC RESULTS:               NOT cells:        5
ABC RESULTS:                OR cells:        4
ABC RESULTS:        internal signals:     1013
ABC RESULTS:           input signals:       55
ABC RESULTS:          output signals:       45
Removing temp directory.

10.22.14. Extracting gate netlist of module `$paramod\noc_router\ROUTER_X=s2'11\ROUTER_Y=s2'10' to `<abc-temp-dir>/input.blif'..
Replacing 20 occurrences of constant undef bits with constant zero bits

10.22.14.1. Executed ABC.
Extracted 1056 gates and 1113 wires to a netlist network with 55 inputs and 45 outputs.
Running ABC script: <abc-temp-dir>/abc.script
ABC: ======== ABC command line "source <abc-temp-dir>/abc.script"
ABC: + read_blif <abc-temp-dir>/input.blif 
ABC: + read_library <abc-temp-dir>/stdcells.genlib 
ABC: + strash 
ABC: + &get -n 
ABC: + &fraig -x 
ABC: + &put 
ABC: + scorr 
ABC: Warning: The network is combinational (run "fraig" or "fraig_sweep").
ABC: + dc2 
ABC: + dretime 
ABC: + strash 
ABC: + &get -n 
ABC: + &dch -f 
ABC: + &nf 
ABC: + &put 
ABC: + write_blif <abc-temp-dir>/output.blif 

10.22.14.2. Re-integrating ABC results.
ABC RESULTS:               AND cells:       65
ABC RESULTS:            ANDNOT cells:       24
ABC RESULTS:              NAND cells:       50
ABC RESULTS:               NOR cells:       24
ABC RESULTS:               NOT cells:        5
ABC RESULTS:                OR cells:        4
ABC RESULTS:        internal signals:     1013
ABC RESULTS:           input signals:       55
ABC RESULTS:          output signals:       45
Removing temp directory.

10.22.15. Extracting gate netlist of module `$paramod\noc_router\ROUTER_X=s2'11\ROUTER_Y=s2'11' to `<abc-temp-dir>/input.blif'..
Replacing 20 occurrences of constant undef bits with constant zero bits

10.22.15.1. Executed ABC.
Extracted 1056 gates and 1113 wires to a netlist network with 55 inputs and 45 outputs.
Running ABC script: <abc-temp-dir>/abc.script
ABC: ======== ABC command line "source <abc-temp-dir>/abc.script"
ABC: + read_blif <abc-temp-dir>/input.blif 
ABC: + read_library <abc-temp-dir>/stdcells.genlib 
ABC: + strash 
ABC: + &get -n 
ABC: + &fraig -x 
ABC: + &put 
ABC: + scorr 
ABC: Warning: The network is combinational (run "fraig" or "fraig_sweep").
ABC: + dc2 
ABC: + dretime 
ABC: + strash 
ABC: + &get -n 
ABC: + &dch -f 
ABC: + &nf 
ABC: + &put 
ABC: + write_blif <abc-temp-dir>/output.blif 

10.22.15.2. Re-integrating ABC results.
ABC RESULTS:               AND cells:       65
ABC RESULTS:            ANDNOT cells:       24
ABC RESULTS:              NAND cells:       50
ABC RESULTS:               NOR cells:       24
ABC RESULTS:               NOT cells:        5
ABC RESULTS:                OR cells:        4
ABC RESULTS:        internal signals:     1013
ABC RESULTS:           input signals:       55
ABC RESULTS:          output signals:       45
Removing temp directory.

10.22.16. Extracting gate netlist of module `\noc_mesh' to `<abc-temp-dir>/input.blif'..

10.22.16.1. Executed ABC.
Extracted 0 gates and 0 wires to a netlist network with 0 inputs and 0 outputs.
Don't call ABC as there is nothing to map.
Removing temp directory.

10.22.17. Extracting gate netlist of module `$paramod\noc_router\ROUTER_X=s2'00\ROUTER_Y=s2'00' to `<abc-temp-dir>/input.blif'..
Replacing 20 occurrences of constant undef bits with constant zero bits

10.22.17.1. Executed ABC.
Extracted 1056 gates and 1113 wires to a netlist network with 55 inputs and 45 outputs.
Running ABC script: <abc-temp-dir>/abc.script
ABC: ======== ABC command line "source <abc-temp-dir>/abc.script"
ABC: + read_blif <abc-temp-dir>/input.blif 
ABC: + read_library <abc-temp-dir>/stdcells.genlib 
ABC: + strash 
ABC: + &get -n 
ABC: + &fraig -x 
ABC: + &put 
ABC: + scorr 
ABC: Warning: The network is combinational (run "fraig" or "fraig_sweep").
ABC: + dc2 
ABC: + dretime 
ABC: + strash 
ABC: + &get -n 
ABC: + &dch -f 
ABC: + &nf 
ABC: + &put 
ABC: + write_blif <abc-temp-dir>/output.blif 

10.22.17.2. Re-integrating ABC results.
ABC RESULTS:               AND cells:       65
ABC RESULTS:            ANDNOT cells:       24
ABC RESULTS:              NAND cells:       50
ABC RESULTS:               NOR cells:       24
ABC RESULTS:               NOT cells:        5
ABC RESULTS:                OR cells:        4
ABC RESULTS:        internal signals:     1013
ABC RESULTS:           input signals:       55
ABC RESULTS:          output signals:       45
Removing temp directory.

10.22.18. Extracting gate netlist of module `\crossbar_5x5' to `<abc-temp-dir>/input.blif'..

10.22.18.1. Executed ABC.
Extracted 1600 gates and 1946 wires to a netlist network with 345 inputs and 320 outputs.
Running ABC script: <abc-temp-dir>/abc.script
ABC: ======== ABC command line "source <abc-temp-dir>/abc.script"
ABC: + read_blif <abc-temp-dir>/input.blif 
ABC: + read_library <abc-temp-dir>/stdcells.genlib 
ABC: + strash 
ABC: + &get -n 
ABC: + &fraig -x 
ABC: + &put 
ABC: + scorr 
ABC: Warning: The network is combinational (run "fraig" or "fraig_sweep").
ABC: + dc2 
ABC: + dretime 
ABC: + strash 
ABC: + &get -n 
ABC: + &dch -f 
ABC: + &nf 
ABC: + &put 
ABC: + write_blif <abc-temp-dir>/output.blif 

10.22.18.2. Re-integrating ABC results.
ABC RESULTS:            ANDNOT cells:        5
ABC RESULTS:               MUX cells:      960
ABC RESULTS:              NAND cells:      960
ABC RESULTS:        internal signals:     1281
ABC RESULTS:           input signals:      345
ABC RESULTS:          output signals:      320
Removing temp directory.

10.22.19. Extracting gate netlist of module `\switch_allocator' to `<abc-temp-dir>/input.blif'..

10.22.19.1. Executed ABC.
Extracted 0 gates and 0 wires to a netlist network with 0 inputs and 0 outputs.
Don't call ABC as there is nothing to map.
Removing temp directory.

10.22.20. Extracting gate netlist of module `\round_robin' to `<abc-temp-dir>/input.blif'..
Replacing 40 occurrences of constant undef bits with constant zero bits

10.22.20.1. Executed ABC.
Extracted 1041 gates and 1059 wires to a netlist network with 15 inputs and 15 outputs.
Running ABC script: <abc-temp-dir>/abc.script
ABC: ======== ABC command line "source <abc-temp-dir>/abc.script"
ABC: + read_blif <abc-temp-dir>/input.blif 
ABC: + read_library <abc-temp-dir>/stdcells.genlib 
ABC: + strash 
ABC: + &get -n 
ABC: + &fraig -x 
ABC: + &put 
ABC: + scorr 
ABC: Warning: The network is combinational (run "fraig" or "fraig_sweep").
ABC: + dc2 
ABC: + dretime 
ABC: + strash 
ABC: + &get -n 
ABC: + &dch -f 
ABC: + &nf 
ABC: + &put 
ABC: + write_blif <abc-temp-dir>/output.blif 

10.22.20.2. Re-integrating ABC results.
ABC RESULTS:               AND cells:       49
ABC RESULTS:            ANDNOT cells:       21
ABC RESULTS:               MUX cells:       12
ABC RESULTS:              NAND cells:       45
ABC RESULTS:               NOR cells:        6
ABC RESULTS:               NOT cells:        2
ABC RESULTS:                OR cells:        8
ABC RESULTS:             ORNOT cells:       11
ABC RESULTS:              XNOR cells:        1
ABC RESULTS:        internal signals:     1029
ABC RESULTS:           input signals:       15
ABC RESULTS:          output signals:       15
Removing temp directory.

10.22.21. Extracting gate netlist of module `\xy_routing' to `<abc-temp-dir>/input.blif'..

10.22.21.1. Executed ABC.
Extracted 31 gates and 41 wires to a netlist network with 8 inputs and 3 outputs.
Running ABC script: <abc-temp-dir>/abc.script
ABC: ======== ABC command line "source <abc-temp-dir>/abc.script"
ABC: + read_blif <abc-temp-dir>/input.blif 
ABC: + read_library <abc-temp-dir>/stdcells.genlib 
ABC: + strash 
ABC: + &get -n 
ABC: + &fraig -x 
ABC: + &put 
ABC: + scorr 
ABC: Warning: The network is combinational (run "fraig" or "fraig_sweep").
ABC: + dc2 
ABC: + dretime 
ABC: + strash 
ABC: + &get -n 
ABC: + &dch -f 
ABC: + &nf 
ABC: + &put 
ABC: + write_blif <abc-temp-dir>/output.blif 

10.22.21.2. Re-integrating ABC results.
ABC RESULTS:               AND cells:        5
ABC RESULTS:            ANDNOT cells:        3
ABC RESULTS:              NAND cells:        5
ABC RESULTS:               NOT cells:        1
ABC RESULTS:                OR cells:        1
ABC RESULTS:             ORNOT cells:        4
ABC RESULTS:              XNOR cells:        1
ABC RESULTS:        internal signals:       30
ABC RESULTS:           input signals:        8
ABC RESULTS:          output signals:        3
Removing temp directory.

10.22.22. Extracting gate netlist of module `\fifo_buffer' to `<abc-temp-dir>/input.blif'..

10.22.22.1. Executed ABC.
Extracted 434 gates and 700 wires to a netlist network with 266 inputs and 80 outputs.
Running ABC script: <abc-temp-dir>/abc.script
ABC: ======== ABC command line "source <abc-temp-dir>/abc.script"
ABC: + read_blif <abc-temp-dir>/input.blif 
ABC: + read_library <abc-temp-dir>/stdcells.genlib 
ABC: + strash 
ABC: + &get -n 
ABC: + &fraig -x 
ABC: + &put 
ABC: + scorr 
ABC: Warning: The network is combinational (run "fraig" or "fraig_sweep").
ABC: + dc2 
ABC: + dretime 
ABC: + strash 
ABC: + &get -n 
ABC: + &dch -f 
ABC: + &nf 
ABC: + &put 
ABC: + write_blif <abc-temp-dir>/output.blif 

10.22.22.2. Re-integrating ABC results.
ABC RESULTS:               AND cells:      137
ABC RESULTS:            ANDNOT cells:        6
ABC RESULTS:               MUX cells:        1
ABC RESULTS:              NAND cells:      320
ABC RESULTS:               NOR cells:        4
ABC RESULTS:               NOT cells:        3
ABC RESULTS:                OR cells:        1
ABC RESULTS:             ORNOT cells:        1
ABC RESULTS:              XNOR cells:        1
ABC RESULTS:               XOR cells:        3
ABC RESULTS:        internal signals:      354
ABC RESULTS:           input signals:      266
ABC RESULTS:          output signals:       80
Removing temp directory.
Removing global temp directory.

10.23. Executing OPT pass (performing simple optimizations).

10.23.1. Executing OPT_EXPR pass (perform const folding).
Optimizing module $paramod\noc_router\ROUTER_X=s2'00\ROUTER_Y=s2'01.
Optimizing module $paramod\noc_router\ROUTER_X=s2'00\ROUTER_Y=s2'10.
Optimizing module $paramod\noc_router\ROUTER_X=s2'00\ROUTER_Y=s2'11.
Optimizing module $paramod\noc_router\ROUTER_X=s2'01\ROUTER_Y=s2'00.
Optimizing module $paramod\noc_router\ROUTER_X=s2'01\ROUTER_Y=s2'01.
Optimizing module $paramod\noc_router\ROUTER_X=s2'01\ROUTER_Y=s2'10.
Optimizing module $paramod\noc_router\ROUTER_X=s2'01\ROUTER_Y=s2'11.
Optimizing module $paramod\noc_router\ROUTER_X=s2'10\ROUTER_Y=s2'00.
Optimizing module $paramod\noc_router\ROUTER_X=s2'10\ROUTER_Y=s2'01.
Optimizing module $paramod\noc_router\ROUTER_X=s2'10\ROUTER_Y=s2'10.
Optimizing module $paramod\noc_router\ROUTER_X=s2'10\ROUTER_Y=s2'11.
Optimizing module $paramod\noc_router\ROUTER_X=s2'11\ROUTER_Y=s2'00.
Optimizing module $paramod\noc_router\ROUTER_X=s2'11\ROUTER_Y=s2'01.
Optimizing module $paramod\noc_router\ROUTER_X=s2'11\ROUTER_Y=s2'10.
Optimizing module $paramod\noc_router\ROUTER_X=s2'11\ROUTER_Y=s2'11.
Optimizing module noc_mesh.
Optimizing module $paramod\noc_router\ROUTER_X=s2'00\ROUTER_Y=s2'00.
Optimizing module crossbar_5x5.
Optimizing module switch_allocator.
Optimizing module round_robin.
Optimizing module xy_routing.
Optimizing module fifo_buffer.

10.23.2. Executing OPT_MERGE pass (detect identical cells).
Finding identical cells in module `$paramod\noc_router\ROUTER_X=s2'00\ROUTER_Y=s2'01'.
Computing hashes of 184 cells of `$paramod\noc_router\ROUTER_X=s2'00\ROUTER_Y=s2'01'.
Finding duplicate cells in `$paramod\noc_router\ROUTER_X=s2'00\ROUTER_Y=s2'01'.
Finding identical cells in module `$paramod\noc_router\ROUTER_X=s2'00\ROUTER_Y=s2'10'.
Computing hashes of 184 cells of `$paramod\noc_router\ROUTER_X=s2'00\ROUTER_Y=s2'10'.
Finding duplicate cells in `$paramod\noc_router\ROUTER_X=s2'00\ROUTER_Y=s2'10'.
Finding identical cells in module `$paramod\noc_router\ROUTER_X=s2'00\ROUTER_Y=s2'11'.
Computing hashes of 184 cells of `$paramod\noc_router\ROUTER_X=s2'00\ROUTER_Y=s2'11'.
Finding duplicate cells in `$paramod\noc_router\ROUTER_X=s2'00\ROUTER_Y=s2'11'.
Finding identical cells in module `$paramod\noc_router\ROUTER_X=s2'01\ROUTER_Y=s2'00'.
Computing hashes of 184 cells of `$paramod\noc_router\ROUTER_X=s2'01\ROUTER_Y=s2'00'.
Finding duplicate cells in `$paramod\noc_router\ROUTER_X=s2'01\ROUTER_Y=s2'00'.
Finding identical cells in module `$paramod\noc_router\ROUTER_X=s2'01\ROUTER_Y=s2'01'.
Computing hashes of 184 cells of `$paramod\noc_router\ROUTER_X=s2'01\ROUTER_Y=s2'01'.
Finding duplicate cells in `$paramod\noc_router\ROUTER_X=s2'01\ROUTER_Y=s2'01'.
Finding identical cells in module `$paramod\noc_router\ROUTER_X=s2'01\ROUTER_Y=s2'10'.
Computing hashes of 184 cells of `$paramod\noc_router\ROUTER_X=s2'01\ROUTER_Y=s2'10'.
Finding duplicate cells in `$paramod\noc_router\ROUTER_X=s2'01\ROUTER_Y=s2'10'.
Finding identical cells in module `$paramod\noc_router\ROUTER_X=s2'01\ROUTER_Y=s2'11'.
Computing hashes of 184 cells of `$paramod\noc_router\ROUTER_X=s2'01\ROUTER_Y=s2'11'.
Finding duplicate cells in `$paramod\noc_router\ROUTER_X=s2'01\ROUTER_Y=s2'11'.
Finding identical cells in module `$paramod\noc_router\ROUTER_X=s2'10\ROUTER_Y=s2'00'.
Computing hashes of 184 cells of `$paramod\noc_router\ROUTER_X=s2'10\ROUTER_Y=s2'00'.
Finding duplicate cells in `$paramod\noc_router\ROUTER_X=s2'10\ROUTER_Y=s2'00'.
Finding identical cells in module `$paramod\noc_router\ROUTER_X=s2'10\ROUTER_Y=s2'01'.
Computing hashes of 184 cells of `$paramod\noc_router\ROUTER_X=s2'10\ROUTER_Y=s2'01'.
Finding duplicate cells in `$paramod\noc_router\ROUTER_X=s2'10\ROUTER_Y=s2'01'.
Finding identical cells in module `$paramod\noc_router\ROUTER_X=s2'10\ROUTER_Y=s2'10'.
Computing hashes of 184 cells of `$paramod\noc_router\ROUTER_X=s2'10\ROUTER_Y=s2'10'.
Finding duplicate cells in `$paramod\noc_router\ROUTER_X=s2'10\ROUTER_Y=s2'10'.
Finding identical cells in module `$paramod\noc_router\ROUTER_X=s2'10\ROUTER_Y=s2'11'.
Computing hashes of 184 cells of `$paramod\noc_router\ROUTER_X=s2'10\ROUTER_Y=s2'11'.
Finding duplicate cells in `$paramod\noc_router\ROUTER_X=s2'10\ROUTER_Y=s2'11'.
Finding identical cells in module `$paramod\noc_router\ROUTER_X=s2'11\ROUTER_Y=s2'00'.
Computing hashes of 184 cells of `$paramod\noc_router\ROUTER_X=s2'11\ROUTER_Y=s2'00'.
Finding duplicate cells in `$paramod\noc_router\ROUTER_X=s2'11\ROUTER_Y=s2'00'.
Finding identical cells in module `$paramod\noc_router\ROUTER_X=s2'11\ROUTER_Y=s2'01'.
Computing hashes of 184 cells of `$paramod\noc_router\ROUTER_X=s2'11\ROUTER_Y=s2'01'.
Finding duplicate cells in `$paramod\noc_router\ROUTER_X=s2'11\ROUTER_Y=s2'01'.
Finding identical cells in module `$paramod\noc_router\ROUTER_X=s2'11\ROUTER_Y=s2'10'.
Computing hashes of 184 cells of `$paramod\noc_router\ROUTER_X=s2'11\ROUTER_Y=s2'10'.
Finding duplicate cells in `$paramod\noc_router\ROUTER_X=s2'11\ROUTER_Y=s2'10'.
Finding identical cells in module `$paramod\noc_router\ROUTER_X=s2'11\ROUTER_Y=s2'11'.
Computing hashes of 184 cells of `$paramod\noc_router\ROUTER_X=s2'11\ROUTER_Y=s2'11'.
Finding duplicate cells in `$paramod\noc_router\ROUTER_X=s2'11\ROUTER_Y=s2'11'.
Finding identical cells in module `\noc_mesh'.
Computing hashes of 16 cells of `\noc_mesh'.
Finding duplicate cells in `\noc_mesh'.
Finding identical cells in module `$paramod\noc_router\ROUTER_X=s2'00\ROUTER_Y=s2'00'.
Computing hashes of 184 cells of `$paramod\noc_router\ROUTER_X=s2'00\ROUTER_Y=s2'00'.
Finding duplicate cells in `$paramod\noc_router\ROUTER_X=s2'00\ROUTER_Y=s2'00'.
Finding identical cells in module `\crossbar_5x5'.
Computing hashes of 1925 cells of `\crossbar_5x5'.
Finding duplicate cells in `\crossbar_5x5'.
Finding identical cells in module `\switch_allocator'.
Computing hashes of 5 cells of `\switch_allocator'.
Finding duplicate cells in `\switch_allocator'.
Finding identical cells in module `\round_robin'.
Computing hashes of 164 cells of `\round_robin'.
Finding duplicate cells in `\round_robin'.
Finding identical cells in module `\xy_routing'.
Computing hashes of 20 cells of `\xy_routing'.
Finding duplicate cells in `\xy_routing'.
Finding identical cells in module `\fifo_buffer'.
Computing hashes of 740 cells of `\fifo_buffer'.
Finding duplicate cells in `\fifo_buffer'.
Removed a total of 0 cells.

10.23.3. Executing OPT_DFF pass (perform DFF optimizations).

10.23.4. Executing OPT_CLEAN pass (remove unused cells and wires).
Finding unused cells or wires in module $paramod\noc_router\ROUTER_X=s2'00\ROUTER_Y=s2'01..
Finding unused cells or wires in module $paramod\noc_router\ROUTER_X=s2'00\ROUTER_Y=s2'10..
Finding unused cells or wires in module $paramod\noc_router\ROUTER_X=s2'00\ROUTER_Y=s2'11..
Finding unused cells or wires in module $paramod\noc_router\ROUTER_X=s2'01\ROUTER_Y=s2'00..
Finding unused cells or wires in module $paramod\noc_router\ROUTER_X=s2'01\ROUTER_Y=s2'01..
Finding unused cells or wires in module $paramod\noc_router\ROUTER_X=s2'01\ROUTER_Y=s2'10..
Finding unused cells or wires in module $paramod\noc_router\ROUTER_X=s2'01\ROUTER_Y=s2'11..
Finding unused cells or wires in module $paramod\noc_router\ROUTER_X=s2'10\ROUTER_Y=s2'00..
Finding unused cells or wires in module $paramod\noc_router\ROUTER_X=s2'10\ROUTER_Y=s2'01..
Finding unused cells or wires in module $paramod\noc_router\ROUTER_X=s2'10\ROUTER_Y=s2'10..
Finding unused cells or wires in module $paramod\noc_router\ROUTER_X=s2'10\ROUTER_Y=s2'11..
Finding unused cells or wires in module $paramod\noc_router\ROUTER_X=s2'11\ROUTER_Y=s2'00..
Finding unused cells or wires in module $paramod\noc_router\ROUTER_X=s2'11\ROUTER_Y=s2'01..
Finding unused cells or wires in module $paramod\noc_router\ROUTER_X=s2'11\ROUTER_Y=s2'10..
Finding unused cells or wires in module $paramod\noc_router\ROUTER_X=s2'11\ROUTER_Y=s2'11..
Finding unused cells or wires in module \noc_mesh..
Finding unused cells or wires in module $paramod\noc_router\ROUTER_X=s2'00\ROUTER_Y=s2'00..
Finding unused cells or wires in module \crossbar_5x5..
Finding unused cells or wires in module \switch_allocator..
Finding unused cells or wires in module \round_robin..
Finding unused cells or wires in module \xy_routing..
Finding unused cells or wires in module \fifo_buffer..
Removed 0 unused cells and 7713 unused wires.
<suppressed ~20 debug messages>

10.23.5. Finished fast OPT passes.

10.24. Executing HIERARCHY pass (managing design hierarchy).
Attribute `top' found on module `noc_mesh'. Setting top module to noc_mesh.

10.24.1. Analyzing design hierarchy..
Top module:  \noc_mesh
Used module:     $paramod\noc_router\ROUTER_X=s2'11\ROUTER_Y=s2'11
Used module:         \xy_routing
Used module:         \fifo_buffer
Used module:         \crossbar_5x5
Used module:         \switch_allocator
Used module:             \round_robin
Used module:     $paramod\noc_router\ROUTER_X=s2'11\ROUTER_Y=s2'10
Used module:     $paramod\noc_router\ROUTER_X=s2'11\ROUTER_Y=s2'01
Used module:     $paramod\noc_router\ROUTER_X=s2'11\ROUTER_Y=s2'00
Used module:     $paramod\noc_router\ROUTER_X=s2'10\ROUTER_Y=s2'11
Used module:     $paramod\noc_router\ROUTER_X=s2'10\ROUTER_Y=s2'10
Used module:     $paramod\noc_router\ROUTER_X=s2'10\ROUTER_Y=s2'01
Used module:     $paramod\noc_router\ROUTER_X=s2'10\ROUTER_Y=s2'00
Used module:     $paramod\noc_router\ROUTER_X=s2'01\ROUTER_Y=s2'11
Used module:     $paramod\noc_router\ROUTER_X=s2'01\ROUTER_Y=s2'10
Used module:     $paramod\noc_router\ROUTER_X=s2'01\ROUTER_Y=s2'01
Used module:     $paramod\noc_router\ROUTER_X=s2'01\ROUTER_Y=s2'00
Used module:     $paramod\noc_router\ROUTER_X=s2'00\ROUTER_Y=s2'11
Used module:     $paramod\noc_router\ROUTER_X=s2'00\ROUTER_Y=s2'10
Used module:     $paramod\noc_router\ROUTER_X=s2'00\ROUTER_Y=s2'01
Used module:     $paramod\noc_router\ROUTER_X=s2'00\ROUTER_Y=s2'00

10.24.2. Analyzing design hierarchy..
Top module:  \noc_mesh
Used module:     $paramod\noc_router\ROUTER_X=s2'11\ROUTER_Y=s2'11
Used module:         \xy_routing
Used module:         \fifo_buffer
Used module:         \crossbar_5x5
Used module:         \switch_allocator
Used module:             \round_robin
Used module:     $paramod\noc_router\ROUTER_X=s2'11\ROUTER_Y=s2'10
Used module:     $paramod\noc_router\ROUTER_X=s2'11\ROUTER_Y=s2'01
Used module:     $paramod\noc_router\ROUTER_X=s2'11\ROUTER_Y=s2'00
Used module:     $paramod\noc_router\ROUTER_X=s2'10\ROUTER_Y=s2'11
Used module:     $paramod\noc_router\ROUTER_X=s2'10\ROUTER_Y=s2'10
Used module:     $paramod\noc_router\ROUTER_X=s2'10\ROUTER_Y=s2'01
Used module:     $paramod\noc_router\ROUTER_X=s2'10\ROUTER_Y=s2'00
Used module:     $paramod\noc_router\ROUTER_X=s2'01\ROUTER_Y=s2'11
Used module:     $paramod\noc_router\ROUTER_X=s2'01\ROUTER_Y=s2'10
Used module:     $paramod\noc_router\ROUTER_X=s2'01\ROUTER_Y=s2'01
Used module:     $paramod\noc_router\ROUTER_X=s2'01\ROUTER_Y=s2'00
Used module:     $paramod\noc_router\ROUTER_X=s2'00\ROUTER_Y=s2'11
Used module:     $paramod\noc_router\ROUTER_X=s2'00\ROUTER_Y=s2'10
Used module:     $paramod\noc_router\ROUTER_X=s2'00\ROUTER_Y=s2'01
Used module:     $paramod\noc_router\ROUTER_X=s2'00\ROUTER_Y=s2'00
Removed 0 unused modules.

10.25. Printing statistics.

=== $paramod\noc_router\ROUTER_X=s2'00\ROUTER_Y=s2'01 ===

        +----------Local Count, excluding submodules.
        | 
      147 wires
     1194 wire bits
       15 public wires
     1062 public wire bits
        8 ports
      662 port bits
      172 cells
       24   $_ANDNOT_
       65   $_AND_
       50   $_NAND_
       24   $_NOR_
        5   $_NOT_
        4   $_OR_
       12 submodules
        1   crossbar_5x5
        5   fifo_buffer
        1   switch_allocator
        5   xy_routing

=== $paramod\noc_router\ROUTER_X=s2'00\ROUTER_Y=s2'10 ===

        +----------Local Count, excluding submodules.
        | 
      147 wires
     1194 wire bits
       15 public wires
     1062 public wire bits
        8 ports
      662 port bits
      172 cells
       24   $_ANDNOT_
       65   $_AND_
       50   $_NAND_
       24   $_NOR_
        5   $_NOT_
        4   $_OR_
       12 submodules
        1   crossbar_5x5
        5   fifo_buffer
        1   switch_allocator
        5   xy_routing

=== $paramod\noc_router\ROUTER_X=s2'00\ROUTER_Y=s2'11 ===

        +----------Local Count, excluding submodules.
        | 
      147 wires
     1194 wire bits
       15 public wires
     1062 public wire bits
        8 ports
      662 port bits
      172 cells
       24   $_ANDNOT_
       65   $_AND_
       50   $_NAND_
       24   $_NOR_
        5   $_NOT_
        4   $_OR_
       12 submodules
        1   crossbar_5x5
        5   fifo_buffer
        1   switch_allocator
        5   xy_routing

=== $paramod\noc_router\ROUTER_X=s2'01\ROUTER_Y=s2'00 ===

        +----------Local Count, excluding submodules.
        | 
      147 wires
     1194 wire bits
       15 public wires
     1062 public wire bits
        8 ports
      662 port bits
      172 cells
       24   $_ANDNOT_
       65   $_AND_
       50   $_NAND_
       24   $_NOR_
        5   $_NOT_
        4   $_OR_
       12 submodules
        1   crossbar_5x5
        5   fifo_buffer
        1   switch_allocator
        5   xy_routing

=== $paramod\noc_router\ROUTER_X=s2'01\ROUTER_Y=s2'01 ===

        +----------Local Count, excluding submodules.
        | 
      147 wires
     1194 wire bits
       15 public wires
     1062 public wire bits
        8 ports
      662 port bits
      172 cells
       24   $_ANDNOT_
       65   $_AND_
       50   $_NAND_
       24   $_NOR_
        5   $_NOT_
        4   $_OR_
       12 submodules
        1   crossbar_5x5
        5   fifo_buffer
        1   switch_allocator
        5   xy_routing

=== $paramod\noc_router\ROUTER_X=s2'01\ROUTER_Y=s2'10 ===

        +----------Local Count, excluding submodules.
        | 
      147 wires
     1194 wire bits
       15 public wires
     1062 public wire bits
        8 ports
      662 port bits
      172 cells
       24   $_ANDNOT_
       65   $_AND_
       50   $_NAND_
       24   $_NOR_
        5   $_NOT_
        4   $_OR_
       12 submodules
        1   crossbar_5x5
        5   fifo_buffer
        1   switch_allocator
        5   xy_routing

=== $paramod\noc_router\ROUTER_X=s2'01\ROUTER_Y=s2'11 ===

        +----------Local Count, excluding submodules.
        | 
      147 wires
     1194 wire bits
       15 public wires
     1062 public wire bits
        8 ports
      662 port bits
      172 cells
       24   $_ANDNOT_
       65   $_AND_
       50   $_NAND_
       24   $_NOR_
        5   $_NOT_
        4   $_OR_
       12 submodules
        1   crossbar_5x5
        5   fifo_buffer
        1   switch_allocator
        5   xy_routing

=== $paramod\noc_router\ROUTER_X=s2'10\ROUTER_Y=s2'00 ===

        +----------Local Count, excluding submodules.
        | 
      147 wires
     1194 wire bits
       15 public wires
     1062 public wire bits
        8 ports
      662 port bits
      172 cells
       24   $_ANDNOT_
       65   $_AND_
       50   $_NAND_
       24   $_NOR_
        5   $_NOT_
        4   $_OR_
       12 submodules
        1   crossbar_5x5
        5   fifo_buffer
        1   switch_allocator
        5   xy_routing

=== $paramod\noc_router\ROUTER_X=s2'10\ROUTER_Y=s2'01 ===

        +----------Local Count, excluding submodules.
        | 
      147 wires
     1194 wire bits
       15 public wires
     1062 public wire bits
        8 ports
      662 port bits
      172 cells
       24   $_ANDNOT_
       65   $_AND_
       50   $_NAND_
       24   $_NOR_
        5   $_NOT_
        4   $_OR_
       12 submodules
        1   crossbar_5x5
        5   fifo_buffer
        1   switch_allocator
        5   xy_routing

=== $paramod\noc_router\ROUTER_X=s2'10\ROUTER_Y=s2'10 ===

        +----------Local Count, excluding submodules.
        | 
      147 wires
     1194 wire bits
       15 public wires
     1062 public wire bits
        8 ports
      662 port bits
      172 cells
       24   $_ANDNOT_
       65   $_AND_
       50   $_NAND_
       24   $_NOR_
        5   $_NOT_
        4   $_OR_
       12 submodules
        1   crossbar_5x5
        5   fifo_buffer
        1   switch_allocator
        5   xy_routing

=== $paramod\noc_router\ROUTER_X=s2'10\ROUTER_Y=s2'11 ===

        +----------Local Count, excluding submodules.
        | 
      147 wires
     1194 wire bits
       15 public wires
     1062 public wire bits
        8 ports
      662 port bits
      172 cells
       24   $_ANDNOT_
       65   $_AND_
       50   $_NAND_
       24   $_NOR_
        5   $_NOT_
        4   $_OR_
       12 submodules
        1   crossbar_5x5
        5   fifo_buffer
        1   switch_allocator
        5   xy_routing

=== $paramod\noc_router\ROUTER_X=s2'11\ROUTER_Y=s2'00 ===

        +----------Local Count, excluding submodules.
        | 
      147 wires
     1194 wire bits
       15 public wires
     1062 public wire bits
        8 ports
      662 port bits
      172 cells
       24   $_ANDNOT_
       65   $_AND_
       50   $_NAND_
       24   $_NOR_
        5   $_NOT_
        4   $_OR_
       12 submodules
        1   crossbar_5x5
        5   fifo_buffer
        1   switch_allocator
        5   xy_routing

=== $paramod\noc_router\ROUTER_X=s2'11\ROUTER_Y=s2'01 ===

        +----------Local Count, excluding submodules.
        | 
      147 wires
     1194 wire bits
       15 public wires
     1062 public wire bits
        8 ports
      662 port bits
      172 cells
       24   $_ANDNOT_
       65   $_AND_
       50   $_NAND_
       24   $_NOR_
        5   $_NOT_
        4   $_OR_
       12 submodules
        1   crossbar_5x5
        5   fifo_buffer
        1   switch_allocator
        5   xy_routing

=== $paramod\noc_router\ROUTER_X=s2'11\ROUTER_Y=s2'10 ===

        +----------Local Count, excluding submodules.
        | 
      147 wires
     1194 wire bits
       15 public wires
     1062 public wire bits
        8 ports
      662 port bits
      172 cells
       24   $_ANDNOT_
       65   $_AND_
       50   $_NAND_
       24   $_NOR_
        5   $_NOT_
        4   $_OR_
       12 submodules
        1   crossbar_5x5
        5   fifo_buffer
        1   switch_allocator
        5   xy_routing

=== $paramod\noc_router\ROUTER_X=s2'11\ROUTER_Y=s2'11 ===

        +----------Local Count, excluding submodules.
        | 
      147 wires
     1194 wire bits
       15 public wires
     1062 public wire bits
        8 ports
      662 port bits
      172 cells
       24   $_ANDNOT_
       65   $_AND_
       50   $_NAND_
       24   $_NOR_
        5   $_NOT_
        4   $_OR_
       12 submodules
        1   crossbar_5x5
        5   fifo_buffer
        1   switch_allocator
        5   xy_routing

=== noc_mesh ===

        +----------Local Count, excluding submodules.
        | 
       14 wires
    12674 wire bits
       14 public wires
    12674 public wire bits
        8 ports
     2114 port bits
       16 submodules
        1   $paramod\noc_router\ROUTER_X=s2'00\ROUTER_Y=s2'00
        1   $paramod\noc_router\ROUTER_X=s2'00\ROUTER_Y=s2'01
        1   $paramod\noc_router\ROUTER_X=s2'00\ROUTER_Y=s2'10
        1   $paramod\noc_router\ROUTER_X=s2'00\ROUTER_Y=s2'11
        1   $paramod\noc_router\ROUTER_X=s2'01\ROUTER_Y=s2'00
        1   $paramod\noc_router\ROUTER_X=s2'01\ROUTER_Y=s2'01
        1   $paramod\noc_router\ROUTER_X=s2'01\ROUTER_Y=s2'10
        1   $paramod\noc_router\ROUTER_X=s2'01\ROUTER_Y=s2'11
        1   $paramod\noc_router\ROUTER_X=s2'10\ROUTER_Y=s2'00
        1   $paramod\noc_router\ROUTER_X=s2'10\ROUTER_Y=s2'01
        1   $paramod\noc_router\ROUTER_X=s2'10\ROUTER_Y=s2'10
        1   $paramod\noc_router\ROUTER_X=s2'10\ROUTER_Y=s2'11
        1   $paramod\noc_router\ROUTER_X=s2'11\ROUTER_Y=s2'00
        1   $paramod\noc_router\ROUTER_X=s2'11\ROUTER_Y=s2'01
        1   $paramod\noc_router\ROUTER_X=s2'11\ROUTER_Y=s2'10
        1   $paramod\noc_router\ROUTER_X=s2'11\ROUTER_Y=s2'11

=== $paramod\noc_router\ROUTER_X=s2'00\ROUTER_Y=s2'00 ===

        +----------Local Count, excluding submodules.
        | 
      147 wires
     1194 wire bits
       15 public wires
     1062 public wire bits
        8 ports
      662 port bits
      172 cells
       24   $_ANDNOT_
       65   $_AND_
       50   $_NAND_
       24   $_NOR_
        5   $_NOT_
        4   $_OR_
       12 submodules
        1   crossbar_5x5
        5   fifo_buffer
        1   switch_allocator
        5   xy_routing

=== crossbar_5x5 ===

        +----------Local Count, excluding submodules.
        | 
     1610 wires
     2334 wire bits
        5 public wires
      729 public wire bits
        3 ports
      665 port bits
     1925 cells
        5   $_ANDNOT_
      960   $_MUX_
      960   $_NAND_

=== switch_allocator ===

        +----------Local Count, excluding submodules.
        | 
        5 wires
       57 wire bits
        5 public wires
       57 public wire bits
        5 ports
       57 port bits
        5 submodules
        5   round_robin

=== round_robin ===

        +----------Local Count, excluding submodules.
        | 
      154 wires
      172 wire bits
        8 public wires
       22 public wire bits
        5 ports
       13 port bits
      164 cells
       21   $_ANDNOT_
       49   $_AND_
        3   $_DFFE_PN0P_
        6   $_DFF_PN0_
       12   $_MUX_
       45   $_NAND_
        6   $_NOR_
        2   $_NOT_
       11   $_ORNOT_
        8   $_OR_
        1   $_XNOR_

=== xy_routing ===

        +----------Local Count, excluding submodules.
        | 
       22 wires
       28 wire bits
        5 public wires
       11 public wire bits
        5 ports
       11 port bits
       20 cells
        3   $_ANDNOT_
        5   $_AND_
        5   $_NAND_
        1   $_NOT_
        4   $_ORNOT_
        1   $_OR_
        1   $_XNOR_

=== fifo_buffer ===

        +----------Local Count, excluding submodules.
        | 
      424 wires
      812 wire bits
       15 public wires
      397 public wire bits
        8 ports
      134 port bits
      740 cells
        6   $_ANDNOT_
      137   $_AND_
        7   $_DFFE_PN0P_
      256   $_DFFE_PP_
        1   $_MUX_
      320   $_NAND_
        4   $_NOR_
        3   $_NOT_
        1   $_ORNOT_
        1   $_OR_
        1   $_XNOR_
        3   $_XOR_

=== design hierarchy ===

        +----------Count including submodules.
        | 
   107472 noc_mesh
      172 $paramod\noc_router\ROUTER_X=s2'00\ROUTER_Y=s2'00
     1925   crossbar_5x5
      740   fifo_buffer
      164     round_robin
       20   xy_routing
      172 $paramod\noc_router\ROUTER_X=s2'00\ROUTER_Y=s2'01
     1925   crossbar_5x5
      740   fifo_buffer
      164     round_robin
       20   xy_routing
      172 $paramod\noc_router\ROUTER_X=s2'00\ROUTER_Y=s2'10
     1925   crossbar_5x5
      740   fifo_buffer
      164     round_robin
       20   xy_routing
      172 $paramod\noc_router\ROUTER_X=s2'00\ROUTER_Y=s2'11
     1925   crossbar_5x5
      740   fifo_buffer
      164     round_robin
       20   xy_routing
      172 $paramod\noc_router\ROUTER_X=s2'01\ROUTER_Y=s2'00
     1925   crossbar_5x5
      740   fifo_buffer
      164     round_robin
       20   xy_routing
      172 $paramod\noc_router\ROUTER_X=s2'01\ROUTER_Y=s2'01
     1925   crossbar_5x5
      740   fifo_buffer
      164     round_robin
       20   xy_routing
      172 $paramod\noc_router\ROUTER_X=s2'01\ROUTER_Y=s2'10
     1925   crossbar_5x5
      740   fifo_buffer
      164     round_robin
       20   xy_routing
      172 $paramod\noc_router\ROUTER_X=s2'01\ROUTER_Y=s2'11
     1925   crossbar_5x5
      740   fifo_buffer
      164     round_robin
       20   xy_routing
      172 $paramod\noc_router\ROUTER_X=s2'10\ROUTER_Y=s2'00
     1925   crossbar_5x5
      740   fifo_buffer
      164     round_robin
       20   xy_routing
      172 $paramod\noc_router\ROUTER_X=s2'10\ROUTER_Y=s2'01
     1925   crossbar_5x5
      740   fifo_buffer
      164     round_robin
       20   xy_routing
      172 $paramod\noc_router\ROUTER_X=s2'10\ROUTER_Y=s2'10
     1925   crossbar_5x5
      740   fifo_buffer
      164     round_robin
       20   xy_routing
      172 $paramod\noc_router\ROUTER_X=s2'10\ROUTER_Y=s2'11
     1925   crossbar_5x5
      740   fifo_buffer
      164     round_robin
       20   xy_routing
      172 $paramod\noc_router\ROUTER_X=s2'11\ROUTER_Y=s2'00
     1925   crossbar_5x5
      740   fifo_buffer
      164     round_robin
       20   xy_routing
      172 $paramod\noc_router\ROUTER_X=s2'11\ROUTER_Y=s2'01
     1925   crossbar_5x5
      740   fifo_buffer
      164     round_robin
       20   xy_routing
      172 $paramod\noc_router\ROUTER_X=s2'11\ROUTER_Y=s2'10
     1925   crossbar_5x5
      740   fifo_buffer
      164     round_robin
       20   xy_routing
      172 $paramod\noc_router\ROUTER_X=s2'11\ROUTER_Y=s2'11
     1925   crossbar_5x5
      740   fifo_buffer
      164     round_robin
       20   xy_routing

        +----------Count including submodules.
        | 
    76206 wires
   150994 wire bits
     2654 public wires
    76642 public wire bits
     1704 ports
    36898 port bits
        - memories
        - memory bits
        - processes
   107472 cells
     2864   $_ANDNOT_
    16320   $_AND_
      800   $_DFFE_PN0P_
    20480   $_DFFE_PP_
      480   $_DFF_PN0_
    16400   $_MUX_
    45760   $_NAND_
     1184   $_NOR_
      560   $_NOT_
     1280   $_ORNOT_
      864   $_OR_
      240   $_XNOR_
      240   $_XOR_
       16 submodules
        1   $paramod\noc_router\ROUTER_X=s2'00\ROUTER_Y=s2'00
        1   $paramod\noc_router\ROUTER_X=s2'00\ROUTER_Y=s2'01
        1   $paramod\noc_router\ROUTER_X=s2'00\ROUTER_Y=s2'10
        1   $paramod\noc_router\ROUTER_X=s2'00\ROUTER_Y=s2'11
        1   $paramod\noc_router\ROUTER_X=s2'01\ROUTER_Y=s2'00
        1   $paramod\noc_router\ROUTER_X=s2'01\ROUTER_Y=s2'01
        1   $paramod\noc_router\ROUTER_X=s2'01\ROUTER_Y=s2'10
        1   $paramod\noc_router\ROUTER_X=s2'01\ROUTER_Y=s2'11
        1   $paramod\noc_router\ROUTER_X=s2'10\ROUTER_Y=s2'00
        1   $paramod\noc_router\ROUTER_X=s2'10\ROUTER_Y=s2'01
        1   $paramod\noc_router\ROUTER_X=s2'10\ROUTER_Y=s2'10
        1   $paramod\noc_router\ROUTER_X=s2'10\ROUTER_Y=s2'11
        1   $paramod\noc_router\ROUTER_X=s2'11\ROUTER_Y=s2'00
        1   $paramod\noc_router\ROUTER_X=s2'11\ROUTER_Y=s2'01
        1   $paramod\noc_router\ROUTER_X=s2'11\ROUTER_Y=s2'10
        1   $paramod\noc_router\ROUTER_X=s2'11\ROUTER_Y=s2'11

10.26. Executing CHECK pass (checking for obvious problems).
Checking module $paramod\noc_router\ROUTER_X=s2'00\ROUTER_Y=s2'01...
Checking module $paramod\noc_router\ROUTER_X=s2'00\ROUTER_Y=s2'10...
Checking module $paramod\noc_router\ROUTER_X=s2'00\ROUTER_Y=s2'11...
Checking module $paramod\noc_router\ROUTER_X=s2'01\ROUTER_Y=s2'00...
Checking module $paramod\noc_router\ROUTER_X=s2'01\ROUTER_Y=s2'01...
Checking module $paramod\noc_router\ROUTER_X=s2'01\ROUTER_Y=s2'10...
Checking module $paramod\noc_router\ROUTER_X=s2'01\ROUTER_Y=s2'11...
Checking module $paramod\noc_router\ROUTER_X=s2'10\ROUTER_Y=s2'00...
Checking module $paramod\noc_router\ROUTER_X=s2'10\ROUTER_Y=s2'01...
Checking module $paramod\noc_router\ROUTER_X=s2'10\ROUTER_Y=s2'10...
Checking module $paramod\noc_router\ROUTER_X=s2'10\ROUTER_Y=s2'11...
Checking module $paramod\noc_router\ROUTER_X=s2'11\ROUTER_Y=s2'00...
Checking module $paramod\noc_router\ROUTER_X=s2'11\ROUTER_Y=s2'01...
Checking module $paramod\noc_router\ROUTER_X=s2'11\ROUTER_Y=s2'10...
Checking module $paramod\noc_router\ROUTER_X=s2'11\ROUTER_Y=s2'11...
Checking module noc_mesh...
Checking module $paramod\noc_router\ROUTER_X=s2'00\ROUTER_Y=s2'00...
Checking module crossbar_5x5...
Checking module switch_allocator...
Checking module round_robin...
Checking module xy_routing...
Checking module fifo_buffer...
Found and reported 0 problems.

11. Executing CHECK pass (checking for obvious problems).
Checking module $paramod\noc_router\ROUTER_X=s2'00\ROUTER_Y=s2'01...
Checking module $paramod\noc_router\ROUTER_X=s2'00\ROUTER_Y=s2'10...
Checking module $paramod\noc_router\ROUTER_X=s2'00\ROUTER_Y=s2'11...
Checking module $paramod\noc_router\ROUTER_X=s2'01\ROUTER_Y=s2'00...
Checking module $paramod\noc_router\ROUTER_X=s2'01\ROUTER_Y=s2'01...
Checking module $paramod\noc_router\ROUTER_X=s2'01\ROUTER_Y=s2'10...
Checking module $paramod\noc_router\ROUTER_X=s2'01\ROUTER_Y=s2'11...
Checking module $paramod\noc_router\ROUTER_X=s2'10\ROUTER_Y=s2'00...
Checking module $paramod\noc_router\ROUTER_X=s2'10\ROUTER_Y=s2'01...
Checking module $paramod\noc_router\ROUTER_X=s2'10\ROUTER_Y=s2'10...
Checking module $paramod\noc_router\ROUTER_X=s2'10\ROUTER_Y=s2'11...
Checking module $paramod\noc_router\ROUTER_X=s2'11\ROUTER_Y=s2'00...
Checking module $paramod\noc_router\ROUTER_X=s2'11\ROUTER_Y=s2'01...
Checking module $paramod\noc_router\ROUTER_X=s2'11\ROUTER_Y=s2'10...
Checking module $paramod\noc_router\ROUTER_X=s2'11\ROUTER_Y=s2'11...
Checking module noc_mesh...
Checking module $paramod\noc_router\ROUTER_X=s2'00\ROUTER_Y=s2'00...
Checking module crossbar_5x5...
Checking module switch_allocator...
Checking module round_robin...
Checking module xy_routing...
Checking module fifo_buffer...
Found and reported 0 problems.

12. Printing statistics.

=== $paramod\noc_router\ROUTER_X=s2'00\ROUTER_Y=s2'01 ===

        +----------Local Count, excluding submodules.
        | 
      147 wires
     1194 wire bits
       15 public wires
     1062 public wire bits
        8 ports
      662 port bits
      172 cells
       24   $_ANDNOT_
       65   $_AND_
       50   $_NAND_
       24   $_NOR_
        5   $_NOT_
        4   $_OR_
       12 submodules
        1   crossbar_5x5
        5   fifo_buffer
        1   switch_allocator
        5   xy_routing

=== $paramod\noc_router\ROUTER_X=s2'00\ROUTER_Y=s2'10 ===

        +----------Local Count, excluding submodules.
        | 
      147 wires
     1194 wire bits
       15 public wires
     1062 public wire bits
        8 ports
      662 port bits
      172 cells
       24   $_ANDNOT_
       65   $_AND_
       50   $_NAND_
       24   $_NOR_
        5   $_NOT_
        4   $_OR_
       12 submodules
        1   crossbar_5x5
        5   fifo_buffer
        1   switch_allocator
        5   xy_routing

=== $paramod\noc_router\ROUTER_X=s2'00\ROUTER_Y=s2'11 ===

        +----------Local Count, excluding submodules.
        | 
      147 wires
     1194 wire bits
       15 public wires
     1062 public wire bits
        8 ports
      662 port bits
      172 cells
       24   $_ANDNOT_
       65   $_AND_
       50   $_NAND_
       24   $_NOR_
        5   $_NOT_
        4   $_OR_
       12 submodules
        1   crossbar_5x5
        5   fifo_buffer
        1   switch_allocator
        5   xy_routing

=== $paramod\noc_router\ROUTER_X=s2'01\ROUTER_Y=s2'00 ===

        +----------Local Count, excluding submodules.
        | 
      147 wires
     1194 wire bits
       15 public wires
     1062 public wire bits
        8 ports
      662 port bits
      172 cells
       24   $_ANDNOT_
       65   $_AND_
       50   $_NAND_
       24   $_NOR_
        5   $_NOT_
        4   $_OR_
       12 submodules
        1   crossbar_5x5
        5   fifo_buffer
        1   switch_allocator
        5   xy_routing

=== $paramod\noc_router\ROUTER_X=s2'01\ROUTER_Y=s2'01 ===

        +----------Local Count, excluding submodules.
        | 
      147 wires
     1194 wire bits
       15 public wires
     1062 public wire bits
        8 ports
      662 port bits
      172 cells
       24   $_ANDNOT_
       65   $_AND_
       50   $_NAND_
       24   $_NOR_
        5   $_NOT_
        4   $_OR_
       12 submodules
        1   crossbar_5x5
        5   fifo_buffer
        1   switch_allocator
        5   xy_routing

=== $paramod\noc_router\ROUTER_X=s2'01\ROUTER_Y=s2'10 ===

        +----------Local Count, excluding submodules.
        | 
      147 wires
     1194 wire bits
       15 public wires
     1062 public wire bits
        8 ports
      662 port bits
      172 cells
       24   $_ANDNOT_
       65   $_AND_
       50   $_NAND_
       24   $_NOR_
        5   $_NOT_
        4   $_OR_
       12 submodules
        1   crossbar_5x5
        5   fifo_buffer
        1   switch_allocator
        5   xy_routing

=== $paramod\noc_router\ROUTER_X=s2'01\ROUTER_Y=s2'11 ===

        +----------Local Count, excluding submodules.
        | 
      147 wires
     1194 wire bits
       15 public wires
     1062 public wire bits
        8 ports
      662 port bits
      172 cells
       24   $_ANDNOT_
       65   $_AND_
       50   $_NAND_
       24   $_NOR_
        5   $_NOT_
        4   $_OR_
       12 submodules
        1   crossbar_5x5
        5   fifo_buffer
        1   switch_allocator
        5   xy_routing

=== $paramod\noc_router\ROUTER_X=s2'10\ROUTER_Y=s2'00 ===

        +----------Local Count, excluding submodules.
        | 
      147 wires
     1194 wire bits
       15 public wires
     1062 public wire bits
        8 ports
      662 port bits
      172 cells
       24   $_ANDNOT_
       65   $_AND_
       50   $_NAND_
       24   $_NOR_
        5   $_NOT_
        4   $_OR_
       12 submodules
        1   crossbar_5x5
        5   fifo_buffer
        1   switch_allocator
        5   xy_routing

=== $paramod\noc_router\ROUTER_X=s2'10\ROUTER_Y=s2'01 ===

        +----------Local Count, excluding submodules.
        | 
      147 wires
     1194 wire bits
       15 public wires
     1062 public wire bits
        8 ports
      662 port bits
      172 cells
       24   $_ANDNOT_
       65   $_AND_
       50   $_NAND_
       24   $_NOR_
        5   $_NOT_
        4   $_OR_
       12 submodules
        1   crossbar_5x5
        5   fifo_buffer
        1   switch_allocator
        5   xy_routing

=== $paramod\noc_router\ROUTER_X=s2'10\ROUTER_Y=s2'10 ===

        +----------Local Count, excluding submodules.
        | 
      147 wires
     1194 wire bits
       15 public wires
     1062 public wire bits
        8 ports
      662 port bits
      172 cells
       24   $_ANDNOT_
       65   $_AND_
       50   $_NAND_
       24   $_NOR_
        5   $_NOT_
        4   $_OR_
       12 submodules
        1   crossbar_5x5
        5   fifo_buffer
        1   switch_allocator
        5   xy_routing

=== $paramod\noc_router\ROUTER_X=s2'10\ROUTER_Y=s2'11 ===

        +----------Local Count, excluding submodules.
        | 
      147 wires
     1194 wire bits
       15 public wires
     1062 public wire bits
        8 ports
      662 port bits
      172 cells
       24   $_ANDNOT_
       65   $_AND_
       50   $_NAND_
       24   $_NOR_
        5   $_NOT_
        4   $_OR_
       12 submodules
        1   crossbar_5x5
        5   fifo_buffer
        1   switch_allocator
        5   xy_routing

=== $paramod\noc_router\ROUTER_X=s2'11\ROUTER_Y=s2'00 ===

        +----------Local Count, excluding submodules.
        | 
      147 wires
     1194 wire bits
       15 public wires
     1062 public wire bits
        8 ports
      662 port bits
      172 cells
       24   $_ANDNOT_
       65   $_AND_
       50   $_NAND_
       24   $_NOR_
        5   $_NOT_
        4   $_OR_
       12 submodules
        1   crossbar_5x5
        5   fifo_buffer
        1   switch_allocator
        5   xy_routing

=== $paramod\noc_router\ROUTER_X=s2'11\ROUTER_Y=s2'01 ===

        +----------Local Count, excluding submodules.
        | 
      147 wires
     1194 wire bits
       15 public wires
     1062 public wire bits
        8 ports
      662 port bits
      172 cells
       24   $_ANDNOT_
       65   $_AND_
       50   $_NAND_
       24   $_NOR_
        5   $_NOT_
        4   $_OR_
       12 submodules
        1   crossbar_5x5
        5   fifo_buffer
        1   switch_allocator
        5   xy_routing

=== $paramod\noc_router\ROUTER_X=s2'11\ROUTER_Y=s2'10 ===

        +----------Local Count, excluding submodules.
        | 
      147 wires
     1194 wire bits
       15 public wires
     1062 public wire bits
        8 ports
      662 port bits
      172 cells
       24   $_ANDNOT_
       65   $_AND_
       50   $_NAND_
       24   $_NOR_
        5   $_NOT_
        4   $_OR_
       12 submodules
        1   crossbar_5x5
        5   fifo_buffer
        1   switch_allocator
        5   xy_routing

=== $paramod\noc_router\ROUTER_X=s2'11\ROUTER_Y=s2'11 ===

        +----------Local Count, excluding submodules.
        | 
      147 wires
     1194 wire bits
       15 public wires
     1062 public wire bits
        8 ports
      662 port bits
      172 cells
       24   $_ANDNOT_
       65   $_AND_
       50   $_NAND_
       24   $_NOR_
        5   $_NOT_
        4   $_OR_
       12 submodules
        1   crossbar_5x5
        5   fifo_buffer
        1   switch_allocator
        5   xy_routing

=== noc_mesh ===

        +----------Local Count, excluding submodules.
        | 
       14 wires
    12674 wire bits
       14 public wires
    12674 public wire bits
        8 ports
     2114 port bits
       16 submodules
        1   $paramod\noc_router\ROUTER_X=s2'00\ROUTER_Y=s2'00
        1   $paramod\noc_router\ROUTER_X=s2'00\ROUTER_Y=s2'01
        1   $paramod\noc_router\ROUTER_X=s2'00\ROUTER_Y=s2'10
        1   $paramod\noc_router\ROUTER_X=s2'00\ROUTER_Y=s2'11
        1   $paramod\noc_router\ROUTER_X=s2'01\ROUTER_Y=s2'00
        1   $paramod\noc_router\ROUTER_X=s2'01\ROUTER_Y=s2'01
        1   $paramod\noc_router\ROUTER_X=s2'01\ROUTER_Y=s2'10
        1   $paramod\noc_router\ROUTER_X=s2'01\ROUTER_Y=s2'11
        1   $paramod\noc_router\ROUTER_X=s2'10\ROUTER_Y=s2'00
        1   $paramod\noc_router\ROUTER_X=s2'10\ROUTER_Y=s2'01
        1   $paramod\noc_router\ROUTER_X=s2'10\ROUTER_Y=s2'10
        1   $paramod\noc_router\ROUTER_X=s2'10\ROUTER_Y=s2'11
        1   $paramod\noc_router\ROUTER_X=s2'11\ROUTER_Y=s2'00
        1   $paramod\noc_router\ROUTER_X=s2'11\ROUTER_Y=s2'01
        1   $paramod\noc_router\ROUTER_X=s2'11\ROUTER_Y=s2'10
        1   $paramod\noc_router\ROUTER_X=s2'11\ROUTER_Y=s2'11

=== $paramod\noc_router\ROUTER_X=s2'00\ROUTER_Y=s2'00 ===

        +----------Local Count, excluding submodules.
        | 
      147 wires
     1194 wire bits
       15 public wires
     1062 public wire bits
        8 ports
      662 port bits
      172 cells
       24   $_ANDNOT_
       65   $_AND_
       50   $_NAND_
       24   $_NOR_
        5   $_NOT_
        4   $_OR_
       12 submodules
        1   crossbar_5x5
        5   fifo_buffer
        1   switch_allocator
        5   xy_routing

=== crossbar_5x5 ===

        +----------Local Count, excluding submodules.
        | 
     1610 wires
     2334 wire bits
        5 public wires
      729 public wire bits
        3 ports
      665 port bits
     1925 cells
        5   $_ANDNOT_
      960   $_MUX_
      960   $_NAND_

=== switch_allocator ===

        +----------Local Count, excluding submodules.
        | 
        5 wires
       57 wire bits
        5 public wires
       57 public wire bits
        5 ports
       57 port bits
        5 submodules
        5   round_robin

=== round_robin ===

        +----------Local Count, excluding submodules.
        | 
      154 wires
      172 wire bits
        8 public wires
       22 public wire bits
        5 ports
       13 port bits
      164 cells
       21   $_ANDNOT_
       49   $_AND_
        3   $_DFFE_PN0P_
        6   $_DFF_PN0_
       12   $_MUX_
       45   $_NAND_
        6   $_NOR_
        2   $_NOT_
       11   $_ORNOT_
        8   $_OR_
        1   $_XNOR_

=== xy_routing ===

        +----------Local Count, excluding submodules.
        | 
       22 wires
       28 wire bits
        5 public wires
       11 public wire bits
        5 ports
       11 port bits
       20 cells
        3   $_ANDNOT_
        5   $_AND_
        5   $_NAND_
        1   $_NOT_
        4   $_ORNOT_
        1   $_OR_
        1   $_XNOR_

=== fifo_buffer ===

        +----------Local Count, excluding submodules.
        | 
      424 wires
      812 wire bits
       15 public wires
      397 public wire bits
        8 ports
      134 port bits
      740 cells
        6   $_ANDNOT_
      137   $_AND_
        7   $_DFFE_PN0P_
      256   $_DFFE_PP_
        1   $_MUX_
      320   $_NAND_
        4   $_NOR_
        3   $_NOT_
        1   $_ORNOT_
        1   $_OR_
        1   $_XNOR_
        3   $_XOR_

=== design hierarchy ===

        +----------Count including submodules.
        | 
   107472 noc_mesh
      172 $paramod\noc_router\ROUTER_X=s2'00\ROUTER_Y=s2'00
     1925   crossbar_5x5
      740   fifo_buffer
      164     round_robin
       20   xy_routing
      172 $paramod\noc_router\ROUTER_X=s2'00\ROUTER_Y=s2'01
     1925   crossbar_5x5
      740   fifo_buffer
      164     round_robin
       20   xy_routing
      172 $paramod\noc_router\ROUTER_X=s2'00\ROUTER_Y=s2'10
     1925   crossbar_5x5
      740   fifo_buffer
      164     round_robin
       20   xy_routing
      172 $paramod\noc_router\ROUTER_X=s2'00\ROUTER_Y=s2'11
     1925   crossbar_5x5
      740   fifo_buffer
      164     round_robin
       20   xy_routing
      172 $paramod\noc_router\ROUTER_X=s2'01\ROUTER_Y=s2'00
     1925   crossbar_5x5
      740   fifo_buffer
      164     round_robin
       20   xy_routing
      172 $paramod\noc_router\ROUTER_X=s2'01\ROUTER_Y=s2'01
     1925   crossbar_5x5
      740   fifo_buffer
      164     round_robin
       20   xy_routing
      172 $paramod\noc_router\ROUTER_X=s2'01\ROUTER_Y=s2'10
     1925   crossbar_5x5
      740   fifo_buffer
      164     round_robin
       20   xy_routing
      172 $paramod\noc_router\ROUTER_X=s2'01\ROUTER_Y=s2'11
     1925   crossbar_5x5
      740   fifo_buffer
      164     round_robin
       20   xy_routing
      172 $paramod\noc_router\ROUTER_X=s2'10\ROUTER_Y=s2'00
     1925   crossbar_5x5
      740   fifo_buffer
      164     round_robin
       20   xy_routing
      172 $paramod\noc_router\ROUTER_X=s2'10\ROUTER_Y=s2'01
     1925   crossbar_5x5
      740   fifo_buffer
      164     round_robin
       20   xy_routing
      172 $paramod\noc_router\ROUTER_X=s2'10\ROUTER_Y=s2'10
     1925   crossbar_5x5
      740   fifo_buffer
      164     round_robin
       20   xy_routing
      172 $paramod\noc_router\ROUTER_X=s2'10\ROUTER_Y=s2'11
     1925   crossbar_5x5
      740   fifo_buffer
      164     round_robin
       20   xy_routing
      172 $paramod\noc_router\ROUTER_X=s2'11\ROUTER_Y=s2'00
     1925   crossbar_5x5
      740   fifo_buffer
      164     round_robin
       20   xy_routing
      172 $paramod\noc_router\ROUTER_X=s2'11\ROUTER_Y=s2'01
     1925   crossbar_5x5
      740   fifo_buffer
      164     round_robin
       20   xy_routing
      172 $paramod\noc_router\ROUTER_X=s2'11\ROUTER_Y=s2'10
     1925   crossbar_5x5
      740   fifo_buffer
      164     round_robin
       20   xy_routing
      172 $paramod\noc_router\ROUTER_X=s2'11\ROUTER_Y=s2'11
     1925   crossbar_5x5
      740   fifo_buffer
      164     round_robin
       20   xy_routing

        +----------Count including submodules.
        | 
    76206 wires
   150994 wire bits
     2654 public wires
    76642 public wire bits
     1704 ports
    36898 port bits
        - memories
        - memory bits
        - processes
   107472 cells
     2864   $_ANDNOT_
    16320   $_AND_
      800   $_DFFE_PN0P_
    20480   $_DFFE_PP_
      480   $_DFF_PN0_
    16400   $_MUX_
    45760   $_NAND_
     1184   $_NOR_
      560   $_NOT_
     1280   $_ORNOT_
      864   $_OR_
      240   $_XNOR_
      240   $_XOR_
       16 submodules
        1   $paramod\noc_router\ROUTER_X=s2'00\ROUTER_Y=s2'00
        1   $paramod\noc_router\ROUTER_X=s2'00\ROUTER_Y=s2'01
        1   $paramod\noc_router\ROUTER_X=s2'00\ROUTER_Y=s2'10
        1   $paramod\noc_router\ROUTER_X=s2'00\ROUTER_Y=s2'11
        1   $paramod\noc_router\ROUTER_X=s2'01\ROUTER_Y=s2'00
        1   $paramod\noc_router\ROUTER_X=s2'01\ROUTER_Y=s2'01
        1   $paramod\noc_router\ROUTER_X=s2'01\ROUTER_Y=s2'10
        1   $paramod\noc_router\ROUTER_X=s2'01\ROUTER_Y=s2'11
        1   $paramod\noc_router\ROUTER_X=s2'10\ROUTER_Y=s2'00
        1   $paramod\noc_router\ROUTER_X=s2'10\ROUTER_Y=s2'01
        1   $paramod\noc_router\ROUTER_X=s2'10\ROUTER_Y=s2'10
        1   $paramod\noc_router\ROUTER_X=s2'10\ROUTER_Y=s2'11
        1   $paramod\noc_router\ROUTER_X=s2'11\ROUTER_Y=s2'00
        1   $paramod\noc_router\ROUTER_X=s2'11\ROUTER_Y=s2'01
        1   $paramod\noc_router\ROUTER_X=s2'11\ROUTER_Y=s2'10
        1   $paramod\noc_router\ROUTER_X=s2'11\ROUTER_Y=s2'11

13. Executing Verilog backend.

13.1. Executing BMUXMAP pass.

13.2. Executing DEMUXMAP pass.
Dumping module `$paramod\noc_router\ROUTER_X=s2'00\ROUTER_Y=s2'00'.
Dumping module `$paramod\noc_router\ROUTER_X=s2'00\ROUTER_Y=s2'01'.
Dumping module `$paramod\noc_router\ROUTER_X=s2'00\ROUTER_Y=s2'10'.
Dumping module `$paramod\noc_router\ROUTER_X=s2'00\ROUTER_Y=s2'11'.
Dumping module `$paramod\noc_router\ROUTER_X=s2'01\ROUTER_Y=s2'00'.
Dumping module `$paramod\noc_router\ROUTER_X=s2'01\ROUTER_Y=s2'01'.
Dumping module `$paramod\noc_router\ROUTER_X=s2'01\ROUTER_Y=s2'10'.
Dumping module `$paramod\noc_router\ROUTER_X=s2'01\ROUTER_Y=s2'11'.
Dumping module `$paramod\noc_router\ROUTER_X=s2'10\ROUTER_Y=s2'00'.
Dumping module `$paramod\noc_router\ROUTER_X=s2'10\ROUTER_Y=s2'01'.
Dumping module `$paramod\noc_router\ROUTER_X=s2'10\ROUTER_Y=s2'10'.
Dumping module `$paramod\noc_router\ROUTER_X=s2'10\ROUTER_Y=s2'11'.
Dumping module `$paramod\noc_router\ROUTER_X=s2'11\ROUTER_Y=s2'00'.
Dumping module `$paramod\noc_router\ROUTER_X=s2'11\ROUTER_Y=s2'01'.
Dumping module `$paramod\noc_router\ROUTER_X=s2'11\ROUTER_Y=s2'10'.
Dumping module `$paramod\noc_router\ROUTER_X=s2'11\ROUTER_Y=s2'11'.
Dumping module `\crossbar_5x5'.
Dumping module `\fifo_buffer'.
Dumping module `\noc_mesh'.
Dumping module `\round_robin'.
Dumping module `\switch_allocator'.
Dumping module `\xy_routing'.

Warnings: 1 unique messages, 1 total
End of script. Logfile hash: a4eb2cd658, time: 3.50s, user: 2.13s, system: 0.09s, MEM: 206.78 MB peak
Yosys 0.68+post (git sha1 c12172fbae8af5e20f6fb52e3d4e92d56ed587b6, Release, AppleClang clang++ 21.0.0.21000101)
Time spent: 38% 1x abc (1 sec), 13% 42x opt_expr (0 sec), ...
